[2024-08-01T11:40:56.762+0000] {processor.py:161} INFO - Started process (PID=36) to work on /opt/airflow/dags/my_dag.py
[2024-08-01T11:40:56.763+0000] {processor.py:830} INFO - Processing file /opt/airflow/dags/my_dag.py for tasks to queue
[2024-08-01T11:40:56.766+0000] {logging_mixin.py:188} INFO - [2024-08-01T11:40:56.765+0000] {dagbag.py:545} INFO - Filling up the DagBag from /opt/airflow/dags/my_dag.py
[2024-08-01T11:40:59.500+0000] {processor.py:840} INFO - DAG(s) 'pipeline_dag' retrieved from /opt/airflow/dags/my_dag.py
[2024-08-01T11:41:00.079+0000] {logging_mixin.py:188} INFO - [2024-08-01T11:41:00.078+0000] {override.py:1829} INFO - Created Permission View: can read on DAG:pipeline_dag
[2024-08-01T11:41:00.146+0000] {logging_mixin.py:188} INFO - [2024-08-01T11:41:00.145+0000] {override.py:1829} INFO - Created Permission View: can edit on DAG:pipeline_dag
[2024-08-01T11:41:00.338+0000] {logging_mixin.py:188} INFO - [2024-08-01T11:41:00.337+0000] {override.py:1829} INFO - Created Permission View: can delete on DAG:pipeline_dag
[2024-08-01T11:41:00.339+0000] {logging_mixin.py:188} INFO - [2024-08-01T11:41:00.338+0000] {dag.py:3096} INFO - Sync 1 DAGs
[2024-08-01T11:41:00.352+0000] {logging_mixin.py:188} INFO - [2024-08-01T11:41:00.352+0000] {dag.py:3118} INFO - Creating ORM DAG for pipeline_dag
[2024-08-01T11:41:00.386+0000] {logging_mixin.py:188} INFO - [2024-08-01T11:41:00.386+0000] {dag.py:3954} INFO - Setting next_dagrun for pipeline_dag to 2024-07-31 00:00:00+00:00, run_after=2024-08-01 00:00:00+00:00
[2024-08-01T11:41:00.421+0000] {processor.py:183} INFO - Processing /opt/airflow/dags/my_dag.py took 3.668 seconds
[2024-08-01T11:41:30.529+0000] {processor.py:161} INFO - Started process (PID=44) to work on /opt/airflow/dags/my_dag.py
[2024-08-01T11:41:30.548+0000] {processor.py:830} INFO - Processing file /opt/airflow/dags/my_dag.py for tasks to queue
[2024-08-01T11:41:30.551+0000] {logging_mixin.py:188} INFO - [2024-08-01T11:41:30.550+0000] {dagbag.py:545} INFO - Filling up the DagBag from /opt/airflow/dags/my_dag.py
[2024-08-01T11:41:31.157+0000] {processor.py:840} INFO - DAG(s) 'pipeline_dag' retrieved from /opt/airflow/dags/my_dag.py
[2024-08-01T11:41:31.305+0000] {logging_mixin.py:188} INFO - [2024-08-01T11:41:31.305+0000] {dag.py:3096} INFO - Sync 1 DAGs
[2024-08-01T11:41:31.342+0000] {logging_mixin.py:188} INFO - [2024-08-01T11:41:31.342+0000] {dag.py:3954} INFO - Setting next_dagrun for pipeline_dag to 2024-07-31 00:00:00+00:00, run_after=2024-08-01 00:00:00+00:00
[2024-08-01T11:41:31.424+0000] {processor.py:183} INFO - Processing /opt/airflow/dags/my_dag.py took 0.902 seconds
[2024-08-01T11:42:01.494+0000] {processor.py:161} INFO - Started process (PID=52) to work on /opt/airflow/dags/my_dag.py
[2024-08-01T11:42:01.497+0000] {processor.py:830} INFO - Processing file /opt/airflow/dags/my_dag.py for tasks to queue
[2024-08-01T11:42:01.499+0000] {logging_mixin.py:188} INFO - [2024-08-01T11:42:01.499+0000] {dagbag.py:545} INFO - Filling up the DagBag from /opt/airflow/dags/my_dag.py
[2024-08-01T11:42:02.131+0000] {processor.py:840} INFO - DAG(s) 'pipeline_dag' retrieved from /opt/airflow/dags/my_dag.py
[2024-08-01T11:42:02.347+0000] {logging_mixin.py:188} INFO - [2024-08-01T11:42:02.347+0000] {dag.py:3096} INFO - Sync 1 DAGs
[2024-08-01T11:42:02.368+0000] {logging_mixin.py:188} INFO - [2024-08-01T11:42:02.368+0000] {dag.py:3954} INFO - Setting next_dagrun for pipeline_dag to 2024-07-31 00:00:00+00:00, run_after=2024-08-01 00:00:00+00:00
[2024-08-01T11:42:02.432+0000] {processor.py:183} INFO - Processing /opt/airflow/dags/my_dag.py took 0.944 seconds
[2024-08-01T11:42:33.926+0000] {processor.py:161} INFO - Started process (PID=73) to work on /opt/airflow/dags/my_dag.py
[2024-08-01T11:42:33.944+0000] {processor.py:830} INFO - Processing file /opt/airflow/dags/my_dag.py for tasks to queue
[2024-08-01T11:42:34.105+0000] {logging_mixin.py:188} INFO - [2024-08-01T11:42:33.960+0000] {dagbag.py:545} INFO - Filling up the DagBag from /opt/airflow/dags/my_dag.py
[2024-08-01T11:42:36.040+0000] {processor.py:840} INFO - DAG(s) 'pipeline_dag' retrieved from /opt/airflow/dags/my_dag.py
[2024-08-01T11:42:36.090+0000] {logging_mixin.py:188} INFO - [2024-08-01T11:42:36.089+0000] {dag.py:3096} INFO - Sync 1 DAGs
[2024-08-01T11:42:36.126+0000] {logging_mixin.py:188} INFO - [2024-08-01T11:42:36.126+0000] {dag.py:3954} INFO - Setting next_dagrun for pipeline_dag to 2024-08-01 00:00:00+00:00, run_after=2024-08-02 00:00:00+00:00
[2024-08-01T11:42:36.164+0000] {processor.py:183} INFO - Processing /opt/airflow/dags/my_dag.py took 2.376 seconds
[2024-08-01T11:43:06.608+0000] {processor.py:161} INFO - Started process (PID=81) to work on /opt/airflow/dags/my_dag.py
[2024-08-01T11:43:06.611+0000] {processor.py:830} INFO - Processing file /opt/airflow/dags/my_dag.py for tasks to queue
[2024-08-01T11:43:06.616+0000] {logging_mixin.py:188} INFO - [2024-08-01T11:43:06.615+0000] {dagbag.py:545} INFO - Filling up the DagBag from /opt/airflow/dags/my_dag.py
[2024-08-01T11:43:08.134+0000] {processor.py:840} INFO - DAG(s) 'pipeline_dag' retrieved from /opt/airflow/dags/my_dag.py
[2024-08-01T11:43:08.419+0000] {logging_mixin.py:188} INFO - [2024-08-01T11:43:08.418+0000] {dag.py:3096} INFO - Sync 1 DAGs
[2024-08-01T11:43:08.620+0000] {logging_mixin.py:188} INFO - [2024-08-01T11:43:08.620+0000] {dag.py:3954} INFO - Setting next_dagrun for pipeline_dag to 2024-08-01 00:00:00+00:00, run_after=2024-08-02 00:00:00+00:00
[2024-08-01T11:43:08.688+0000] {processor.py:183} INFO - Processing /opt/airflow/dags/my_dag.py took 2.096 seconds
[2024-08-01T11:43:39.642+0000] {processor.py:161} INFO - Started process (PID=90) to work on /opt/airflow/dags/my_dag.py
[2024-08-01T11:43:39.666+0000] {processor.py:830} INFO - Processing file /opt/airflow/dags/my_dag.py for tasks to queue
[2024-08-01T11:43:39.669+0000] {logging_mixin.py:188} INFO - [2024-08-01T11:43:39.668+0000] {dagbag.py:545} INFO - Filling up the DagBag from /opt/airflow/dags/my_dag.py
[2024-08-01T11:43:41.170+0000] {processor.py:840} INFO - DAG(s) 'pipeline_dag' retrieved from /opt/airflow/dags/my_dag.py
[2024-08-01T11:43:42.453+0000] {logging_mixin.py:188} INFO - [2024-08-01T11:43:42.452+0000] {dag.py:3096} INFO - Sync 1 DAGs
[2024-08-01T11:43:42.519+0000] {logging_mixin.py:188} INFO - [2024-08-01T11:43:42.518+0000] {dag.py:3954} INFO - Setting next_dagrun for pipeline_dag to 2024-08-01 00:00:00+00:00, run_after=2024-08-02 00:00:00+00:00
[2024-08-01T11:43:42.591+0000] {processor.py:183} INFO - Processing /opt/airflow/dags/my_dag.py took 2.958 seconds
[2024-08-01T11:44:12.872+0000] {processor.py:161} INFO - Started process (PID=98) to work on /opt/airflow/dags/my_dag.py
[2024-08-01T11:44:12.875+0000] {processor.py:830} INFO - Processing file /opt/airflow/dags/my_dag.py for tasks to queue
[2024-08-01T11:44:12.893+0000] {logging_mixin.py:188} INFO - [2024-08-01T11:44:12.891+0000] {dagbag.py:545} INFO - Filling up the DagBag from /opt/airflow/dags/my_dag.py
[2024-08-01T11:44:17.934+0000] {processor.py:840} INFO - DAG(s) 'pipeline_dag' retrieved from /opt/airflow/dags/my_dag.py
[2024-08-01T11:44:23.437+0000] {logging_mixin.py:188} INFO - [2024-08-01T11:44:23.436+0000] {dag.py:3096} INFO - Sync 1 DAGs
[2024-08-01T11:44:23.532+0000] {logging_mixin.py:188} INFO - [2024-08-01T11:44:23.531+0000] {dag.py:3954} INFO - Setting next_dagrun for pipeline_dag to 2024-08-01 00:00:00+00:00, run_after=2024-08-02 00:00:00+00:00
[2024-08-01T11:44:23.654+0000] {processor.py:183} INFO - Processing /opt/airflow/dags/my_dag.py took 10.829 seconds
[2024-08-01T11:44:56.945+0000] {processor.py:161} INFO - Started process (PID=105) to work on /opt/airflow/dags/my_dag.py
[2024-08-01T11:44:57.304+0000] {processor.py:830} INFO - Processing file /opt/airflow/dags/my_dag.py for tasks to queue
[2024-08-01T11:44:58.276+0000] {logging_mixin.py:188} INFO - [2024-08-01T11:44:58.089+0000] {dagbag.py:545} INFO - Filling up the DagBag from /opt/airflow/dags/my_dag.py
[2024-08-01T11:45:27.544+0000] {processor.py:840} INFO - DAG(s) 'pipeline_dag' retrieved from /opt/airflow/dags/my_dag.py
[2024-08-01T11:45:27.843+0000] {logging_mixin.py:188} INFO - [2024-08-01T11:45:27.842+0000] {dag.py:3096} INFO - Sync 1 DAGs
[2024-08-01T11:45:28.063+0000] {logging_mixin.py:188} INFO - [2024-08-01T11:45:28.062+0000] {dag.py:3954} INFO - Setting next_dagrun for pipeline_dag to 2024-08-01 00:00:00+00:00, run_after=2024-08-02 00:00:00+00:00
[2024-08-01T11:45:28.237+0000] {processor.py:183} INFO - Processing /opt/airflow/dags/my_dag.py took 32.527 seconds
[2024-08-01T11:45:59.708+0000] {processor.py:161} INFO - Started process (PID=125) to work on /opt/airflow/dags/my_dag.py
[2024-08-01T11:45:59.714+0000] {processor.py:830} INFO - Processing file /opt/airflow/dags/my_dag.py for tasks to queue
[2024-08-01T11:45:59.840+0000] {logging_mixin.py:188} INFO - [2024-08-01T11:45:59.807+0000] {dagbag.py:545} INFO - Filling up the DagBag from /opt/airflow/dags/my_dag.py
[2024-08-01T11:46:25.803+0000] {processor.py:840} INFO - DAG(s) 'pipeline_dag' retrieved from /opt/airflow/dags/my_dag.py
[2024-08-01T11:46:27.216+0000] {logging_mixin.py:188} INFO - [2024-08-01T11:46:27.214+0000] {dag.py:3096} INFO - Sync 1 DAGs
[2024-08-01T11:47:23.185+0000] {processor.py:161} INFO - Started process (PID=140) to work on /opt/airflow/dags/my_dag.py
[2024-08-01T11:47:23.331+0000] {processor.py:830} INFO - Processing file /opt/airflow/dags/my_dag.py for tasks to queue
[2024-08-01T11:47:23.335+0000] {logging_mixin.py:188} INFO - [2024-08-01T11:47:23.333+0000] {dagbag.py:545} INFO - Filling up the DagBag from /opt/airflow/dags/my_dag.py
[2024-08-01T11:47:40.588+0000] {processor.py:840} INFO - DAG(s) 'pipeline_dag' retrieved from /opt/airflow/dags/my_dag.py
[2024-08-01T11:47:43.007+0000] {logging_mixin.py:188} INFO - [2024-08-01T11:47:43.005+0000] {dag.py:3096} INFO - Sync 1 DAGs
[2024-08-01T11:47:43.115+0000] {logging_mixin.py:188} INFO - [2024-08-01T11:47:43.113+0000] {dag.py:3954} INFO - Setting next_dagrun for pipeline_dag to 2024-08-01 00:00:00+00:00, run_after=2024-08-02 00:00:00+00:00
[2024-08-01T11:47:43.214+0000] {processor.py:183} INFO - Processing /opt/airflow/dags/my_dag.py took 20.151 seconds
[2024-08-01T11:48:15.198+0000] {processor.py:161} INFO - Started process (PID=165) to work on /opt/airflow/dags/my_dag.py
[2024-08-01T11:48:15.211+0000] {processor.py:830} INFO - Processing file /opt/airflow/dags/my_dag.py for tasks to queue
[2024-08-01T11:48:15.227+0000] {logging_mixin.py:188} INFO - [2024-08-01T11:48:15.226+0000] {dagbag.py:545} INFO - Filling up the DagBag from /opt/airflow/dags/my_dag.py
[2024-08-01T11:48:46.221+0000] {logging_mixin.py:188} INFO - [2024-08-01T11:48:46.198+0000] {timeout.py:68} ERROR - Process timed out, PID: 165
[2024-08-01T11:48:46.228+0000] {logging_mixin.py:188} WARNING - Exception ignored in: <function WeakKeyDictionary.__init__.<locals>.remove at 0x7f94b2ca9e40>
[2024-08-01T11:48:46.241+0000] {logging_mixin.py:188} WARNING - Traceback (most recent call last):
[2024-08-01T11:48:46.244+0000] {logging_mixin.py:188} WARNING -   File "/usr/local/lib/python3.12/weakref.py", line 369, in remove
[2024-08-01T11:48:46.254+0000] {logging_mixin.py:188} WARNING -     def remove(k, selfref=ref(self)):
[2024-08-01T11:48:46.277+0000] {logging_mixin.py:188} WARNING -   File "/home/airflow/.local/lib/python3.12/site-packages/airflow/utils/timeout.py", line 69, in handle_timeout
[2024-08-01T11:48:46.279+0000] {logging_mixin.py:188} WARNING -     raise AirflowTaskTimeout(self.error_message)
[2024-08-01T11:48:46.282+0000] {logging_mixin.py:188} WARNING - airflow.exceptions.AirflowTaskTimeout: DagBag import timeout for /opt/airflow/dags/my_dag.py after 30.0s.
Please take a look at these docs to improve your DAG import time:
* https://airflow.apache.org/docs/apache-airflow/2.9.2/best-practices.html#top-level-python-code
* https://airflow.apache.org/docs/apache-airflow/2.9.2/best-practices.html#reducing-dag-complexity, PID: 165
[2024-08-01T11:48:47.643+0000] {processor.py:840} INFO - DAG(s) 'pipeline_dag' retrieved from /opt/airflow/dags/my_dag.py
[2024-08-01T11:48:48.586+0000] {logging_mixin.py:188} INFO - [2024-08-01T11:48:48.584+0000] {dag.py:3096} INFO - Sync 1 DAGs
[2024-08-01T11:48:48.867+0000] {logging_mixin.py:188} INFO - [2024-08-01T11:48:48.867+0000] {dag.py:3954} INFO - Setting next_dagrun for pipeline_dag to 2024-08-01 00:00:00+00:00, run_after=2024-08-02 00:00:00+00:00
[2024-08-01T11:48:50.753+0000] {processor.py:183} INFO - Processing /opt/airflow/dags/my_dag.py took 35.792 seconds
[2024-08-01T11:49:23.402+0000] {processor.py:161} INFO - Started process (PID=178) to work on /opt/airflow/dags/my_dag.py
[2024-08-01T11:49:23.415+0000] {processor.py:830} INFO - Processing file /opt/airflow/dags/my_dag.py for tasks to queue
[2024-08-01T11:49:23.447+0000] {logging_mixin.py:188} INFO - [2024-08-01T11:49:23.425+0000] {dagbag.py:545} INFO - Filling up the DagBag from /opt/airflow/dags/my_dag.py
[2024-08-01T11:49:40.995+0000] {processor.py:840} INFO - DAG(s) 'pipeline_dag' retrieved from /opt/airflow/dags/my_dag.py
[2024-08-01T11:50:08.372+0000] {logging_mixin.py:188} INFO - [2024-08-01T11:50:08.370+0000] {dag.py:3096} INFO - Sync 1 DAGs
[2024-08-01T11:50:44.576+0000] {processor.py:161} INFO - Started process (PID=191) to work on /opt/airflow/dags/my_dag.py
[2024-08-01T11:50:44.593+0000] {processor.py:830} INFO - Processing file /opt/airflow/dags/my_dag.py for tasks to queue
[2024-08-01T11:50:44.629+0000] {logging_mixin.py:188} INFO - [2024-08-01T11:50:44.618+0000] {dagbag.py:545} INFO - Filling up the DagBag from /opt/airflow/dags/my_dag.py
[2024-08-01T11:51:28.154+0000] {logging_mixin.py:188} INFO - [2024-08-01T11:51:28.149+0000] {timeout.py:68} ERROR - Process timed out, PID: 191
[2024-08-01T11:51:28.156+0000] {logging_mixin.py:188} WARNING - Exception ignored in: <function WeakKeyDictionary.__init__.<locals>.remove at 0x7f94b2ca9e40>
[2024-08-01T11:51:28.166+0000] {logging_mixin.py:188} WARNING - Traceback (most recent call last):
[2024-08-01T11:51:28.167+0000] {logging_mixin.py:188} WARNING -   File "/usr/local/lib/python3.12/weakref.py", line 369, in remove
[2024-08-01T11:51:28.170+0000] {logging_mixin.py:188} WARNING -     def remove(k, selfref=ref(self)):
[2024-08-01T11:51:28.171+0000] {logging_mixin.py:188} WARNING -   File "/home/airflow/.local/lib/python3.12/site-packages/airflow/utils/timeout.py", line 69, in handle_timeout
[2024-08-01T11:51:28.183+0000] {logging_mixin.py:188} WARNING -     raise AirflowTaskTimeout(self.error_message)
[2024-08-01T11:51:28.191+0000] {logging_mixin.py:188} WARNING - airflow.exceptions.AirflowTaskTimeout: DagBag import timeout for /opt/airflow/dags/my_dag.py after 30.0s.
Please take a look at these docs to improve your DAG import time:
* https://airflow.apache.org/docs/apache-airflow/2.9.2/best-practices.html#top-level-python-code
* https://airflow.apache.org/docs/apache-airflow/2.9.2/best-practices.html#reducing-dag-complexity, PID: 191
[2024-08-01T11:51:28.649+0000] {processor.py:840} INFO - DAG(s) 'pipeline_dag' retrieved from /opt/airflow/dags/my_dag.py
[2024-08-01T11:51:29.755+0000] {logging_mixin.py:188} INFO - [2024-08-01T11:51:29.754+0000] {dag.py:3096} INFO - Sync 1 DAGs
[2024-08-01T11:51:29.945+0000] {logging_mixin.py:188} INFO - [2024-08-01T11:51:29.945+0000] {dag.py:3954} INFO - Setting next_dagrun for pipeline_dag to 2024-08-01 00:00:00+00:00, run_after=2024-08-02 00:00:00+00:00
[2024-08-01T11:51:30.040+0000] {processor.py:183} INFO - Processing /opt/airflow/dags/my_dag.py took 46.241 seconds
[2024-08-01T11:52:01.681+0000] {processor.py:161} INFO - Started process (PID=209) to work on /opt/airflow/dags/my_dag.py
[2024-08-01T11:52:01.736+0000] {processor.py:830} INFO - Processing file /opt/airflow/dags/my_dag.py for tasks to queue
[2024-08-01T11:52:01.871+0000] {logging_mixin.py:188} INFO - [2024-08-01T11:52:01.869+0000] {dagbag.py:545} INFO - Filling up the DagBag from /opt/airflow/dags/my_dag.py
[2024-08-01T11:52:08.853+0000] {processor.py:840} INFO - DAG(s) 'pipeline_dag' retrieved from /opt/airflow/dags/my_dag.py
[2024-08-01T11:52:08.952+0000] {logging_mixin.py:188} INFO - [2024-08-01T11:52:08.951+0000] {dag.py:3096} INFO - Sync 1 DAGs
[2024-08-01T11:52:09.044+0000] {logging_mixin.py:188} INFO - [2024-08-01T11:52:09.038+0000] {dag.py:3954} INFO - Setting next_dagrun for pipeline_dag to 2024-08-01 00:00:00+00:00, run_after=2024-08-02 00:00:00+00:00
[2024-08-01T11:52:09.099+0000] {processor.py:183} INFO - Processing /opt/airflow/dags/my_dag.py took 8.067 seconds
[2024-08-01T11:52:39.483+0000] {processor.py:161} INFO - Started process (PID=217) to work on /opt/airflow/dags/my_dag.py
[2024-08-01T11:52:39.485+0000] {processor.py:830} INFO - Processing file /opt/airflow/dags/my_dag.py for tasks to queue
[2024-08-01T11:52:39.488+0000] {logging_mixin.py:188} INFO - [2024-08-01T11:52:39.487+0000] {dagbag.py:545} INFO - Filling up the DagBag from /opt/airflow/dags/my_dag.py
[2024-08-01T11:52:42.512+0000] {processor.py:840} INFO - DAG(s) 'pipeline_dag' retrieved from /opt/airflow/dags/my_dag.py
[2024-08-01T11:52:42.549+0000] {logging_mixin.py:188} INFO - [2024-08-01T11:52:42.548+0000] {dag.py:3096} INFO - Sync 1 DAGs
[2024-08-01T11:52:42.573+0000] {logging_mixin.py:188} INFO - [2024-08-01T11:52:42.573+0000] {dag.py:3954} INFO - Setting next_dagrun for pipeline_dag to 2024-08-01 00:00:00+00:00, run_after=2024-08-02 00:00:00+00:00
[2024-08-01T11:52:42.599+0000] {processor.py:183} INFO - Processing /opt/airflow/dags/my_dag.py took 3.136 seconds
[2024-08-01T11:53:13.093+0000] {processor.py:161} INFO - Started process (PID=225) to work on /opt/airflow/dags/my_dag.py
[2024-08-01T11:53:13.095+0000] {processor.py:830} INFO - Processing file /opt/airflow/dags/my_dag.py for tasks to queue
[2024-08-01T11:53:13.097+0000] {logging_mixin.py:188} INFO - [2024-08-01T11:53:13.097+0000] {dagbag.py:545} INFO - Filling up the DagBag from /opt/airflow/dags/my_dag.py
[2024-08-01T11:53:14.863+0000] {processor.py:840} INFO - DAG(s) 'pipeline_dag' retrieved from /opt/airflow/dags/my_dag.py
[2024-08-01T11:53:15.027+0000] {logging_mixin.py:188} INFO - [2024-08-01T11:53:15.026+0000] {dag.py:3096} INFO - Sync 1 DAGs
[2024-08-01T11:53:15.107+0000] {logging_mixin.py:188} INFO - [2024-08-01T11:53:15.106+0000] {dag.py:3954} INFO - Setting next_dagrun for pipeline_dag to 2024-08-01 00:00:00+00:00, run_after=2024-08-02 00:00:00+00:00
[2024-08-01T11:53:15.207+0000] {processor.py:183} INFO - Processing /opt/airflow/dags/my_dag.py took 2.130 seconds
[2024-08-01T11:53:45.431+0000] {processor.py:161} INFO - Started process (PID=233) to work on /opt/airflow/dags/my_dag.py
[2024-08-01T11:53:45.434+0000] {processor.py:830} INFO - Processing file /opt/airflow/dags/my_dag.py for tasks to queue
[2024-08-01T11:53:45.435+0000] {logging_mixin.py:188} INFO - [2024-08-01T11:53:45.435+0000] {dagbag.py:545} INFO - Filling up the DagBag from /opt/airflow/dags/my_dag.py
[2024-08-01T11:53:46.976+0000] {processor.py:840} INFO - DAG(s) 'pipeline_dag' retrieved from /opt/airflow/dags/my_dag.py
[2024-08-01T11:53:47.044+0000] {logging_mixin.py:188} INFO - [2024-08-01T11:53:47.043+0000] {dag.py:3096} INFO - Sync 1 DAGs
[2024-08-01T11:53:47.101+0000] {logging_mixin.py:188} INFO - [2024-08-01T11:53:47.100+0000] {dag.py:3954} INFO - Setting next_dagrun for pipeline_dag to 2024-08-01 00:00:00+00:00, run_after=2024-08-02 00:00:00+00:00
[2024-08-01T11:53:47.226+0000] {processor.py:183} INFO - Processing /opt/airflow/dags/my_dag.py took 1.804 seconds
[2024-08-01T11:54:18.063+0000] {processor.py:161} INFO - Started process (PID=241) to work on /opt/airflow/dags/my_dag.py
[2024-08-01T11:54:18.082+0000] {processor.py:830} INFO - Processing file /opt/airflow/dags/my_dag.py for tasks to queue
[2024-08-01T11:54:18.109+0000] {logging_mixin.py:188} INFO - [2024-08-01T11:54:18.102+0000] {dagbag.py:545} INFO - Filling up the DagBag from /opt/airflow/dags/my_dag.py
[2024-08-01T11:54:23.791+0000] {processor.py:840} INFO - DAG(s) 'pipeline_dag' retrieved from /opt/airflow/dags/my_dag.py
[2024-08-01T11:54:23.869+0000] {logging_mixin.py:188} INFO - [2024-08-01T11:54:23.868+0000] {dag.py:3096} INFO - Sync 1 DAGs
[2024-08-01T11:54:23.949+0000] {logging_mixin.py:188} INFO - [2024-08-01T11:54:23.948+0000] {dag.py:3954} INFO - Setting next_dagrun for pipeline_dag to 2024-08-01 00:00:00+00:00, run_after=2024-08-02 00:00:00+00:00
[2024-08-01T11:54:24.022+0000] {processor.py:183} INFO - Processing /opt/airflow/dags/my_dag.py took 6.014 seconds
[2024-08-01T11:54:54.327+0000] {processor.py:161} INFO - Started process (PID=248) to work on /opt/airflow/dags/my_dag.py
[2024-08-01T11:54:54.328+0000] {processor.py:830} INFO - Processing file /opt/airflow/dags/my_dag.py for tasks to queue
[2024-08-01T11:54:54.330+0000] {logging_mixin.py:188} INFO - [2024-08-01T11:54:54.329+0000] {dagbag.py:545} INFO - Filling up the DagBag from /opt/airflow/dags/my_dag.py
[2024-08-01T11:54:57.102+0000] {processor.py:840} INFO - DAG(s) 'pipeline_dag' retrieved from /opt/airflow/dags/my_dag.py
[2024-08-01T11:54:57.152+0000] {logging_mixin.py:188} INFO - [2024-08-01T11:54:57.152+0000] {dag.py:3096} INFO - Sync 1 DAGs
[2024-08-01T11:54:57.192+0000] {logging_mixin.py:188} INFO - [2024-08-01T11:54:57.192+0000] {dag.py:3954} INFO - Setting next_dagrun for pipeline_dag to 2024-08-01 00:00:00+00:00, run_after=2024-08-02 00:00:00+00:00
[2024-08-01T11:54:57.237+0000] {processor.py:183} INFO - Processing /opt/airflow/dags/my_dag.py took 2.919 seconds
[2024-08-01T11:55:28.115+0000] {processor.py:161} INFO - Started process (PID=278) to work on /opt/airflow/dags/my_dag.py
[2024-08-01T11:55:28.121+0000] {processor.py:830} INFO - Processing file /opt/airflow/dags/my_dag.py for tasks to queue
[2024-08-01T11:55:28.123+0000] {logging_mixin.py:188} INFO - [2024-08-01T11:55:28.122+0000] {dagbag.py:545} INFO - Filling up the DagBag from /opt/airflow/dags/my_dag.py
[2024-08-01T11:55:35.741+0000] {processor.py:840} INFO - DAG(s) 'pipeline_dag' retrieved from /opt/airflow/dags/my_dag.py
[2024-08-01T11:55:36.235+0000] {logging_mixin.py:188} INFO - [2024-08-01T11:55:36.234+0000] {dag.py:3096} INFO - Sync 1 DAGs
[2024-08-01T11:55:36.253+0000] {logging_mixin.py:188} INFO - [2024-08-01T11:55:36.253+0000] {dag.py:3954} INFO - Setting next_dagrun for pipeline_dag to 2024-08-01 00:00:00+00:00, run_after=2024-08-02 00:00:00+00:00
[2024-08-01T11:55:36.499+0000] {processor.py:183} INFO - Processing /opt/airflow/dags/my_dag.py took 8.394 seconds
[2024-08-01T11:56:07.606+0000] {processor.py:161} INFO - Started process (PID=287) to work on /opt/airflow/dags/my_dag.py
[2024-08-01T11:56:07.649+0000] {processor.py:830} INFO - Processing file /opt/airflow/dags/my_dag.py for tasks to queue
[2024-08-01T11:56:07.665+0000] {logging_mixin.py:188} INFO - [2024-08-01T11:56:07.655+0000] {dagbag.py:545} INFO - Filling up the DagBag from /opt/airflow/dags/my_dag.py
[2024-08-01T11:56:12.926+0000] {processor.py:840} INFO - DAG(s) 'pipeline_dag' retrieved from /opt/airflow/dags/my_dag.py
[2024-08-01T11:56:13.035+0000] {logging_mixin.py:188} INFO - [2024-08-01T11:56:13.024+0000] {dag.py:3096} INFO - Sync 1 DAGs
[2024-08-01T11:56:13.095+0000] {logging_mixin.py:188} INFO - [2024-08-01T11:56:13.095+0000] {dag.py:3954} INFO - Setting next_dagrun for pipeline_dag to 2024-08-01 00:00:00+00:00, run_after=2024-08-02 00:00:00+00:00
[2024-08-01T11:56:13.196+0000] {processor.py:183} INFO - Processing /opt/airflow/dags/my_dag.py took 5.709 seconds
[2024-08-01T11:56:43.766+0000] {processor.py:161} INFO - Started process (PID=295) to work on /opt/airflow/dags/my_dag.py
[2024-08-01T11:56:43.789+0000] {processor.py:830} INFO - Processing file /opt/airflow/dags/my_dag.py for tasks to queue
[2024-08-01T11:56:43.812+0000] {logging_mixin.py:188} INFO - [2024-08-01T11:56:43.797+0000] {dagbag.py:545} INFO - Filling up the DagBag from /opt/airflow/dags/my_dag.py
[2024-08-01T11:57:14.016+0000] {logging_mixin.py:188} INFO - [2024-08-01T11:57:14.010+0000] {timeout.py:68} ERROR - Process timed out, PID: 295
[2024-08-01T11:57:45.803+0000] {processor.py:161} INFO - Started process (PID=309) to work on /opt/airflow/dags/my_dag.py
[2024-08-01T11:57:45.813+0000] {processor.py:830} INFO - Processing file /opt/airflow/dags/my_dag.py for tasks to queue
[2024-08-01T11:57:45.847+0000] {logging_mixin.py:188} INFO - [2024-08-01T11:57:45.832+0000] {dagbag.py:545} INFO - Filling up the DagBag from /opt/airflow/dags/my_dag.py
[2024-08-01T11:59:07.453+0000] {processor.py:161} INFO - Started process (PID=323) to work on /opt/airflow/dags/my_dag.py
[2024-08-01T11:59:07.681+0000] {processor.py:830} INFO - Processing file /opt/airflow/dags/my_dag.py for tasks to queue
[2024-08-01T11:59:08.390+0000] {logging_mixin.py:188} INFO - [2024-08-01T11:59:07.847+0000] {dagbag.py:545} INFO - Filling up the DagBag from /opt/airflow/dags/my_dag.py
[2024-08-01T11:59:51.972+0000] {logging_mixin.py:188} INFO - [2024-08-01T11:59:51.965+0000] {timeout.py:68} ERROR - Process timed out, PID: 323
[2024-08-01T11:59:51.992+0000] {logging_mixin.py:188} WARNING - Exception ignored in: <function WeakKeyDictionary.__init__.<locals>.remove at 0x7f94b2ca9e40>
[2024-08-01T11:59:52.010+0000] {logging_mixin.py:188} WARNING - Traceback (most recent call last):
[2024-08-01T11:59:52.022+0000] {logging_mixin.py:188} WARNING -   File "/usr/local/lib/python3.12/weakref.py", line 369, in remove
[2024-08-01T11:59:52.037+0000] {logging_mixin.py:188} WARNING -     def remove(k, selfref=ref(self)):
[2024-08-01T11:59:52.041+0000] {logging_mixin.py:188} WARNING -   File "/home/airflow/.local/lib/python3.12/site-packages/airflow/utils/timeout.py", line 69, in handle_timeout
[2024-08-01T11:59:52.057+0000] {logging_mixin.py:188} WARNING -     raise AirflowTaskTimeout(self.error_message)
[2024-08-01T11:59:52.059+0000] {logging_mixin.py:188} WARNING - airflow.exceptions.AirflowTaskTimeout: DagBag import timeout for /opt/airflow/dags/my_dag.py after 30.0s.
Please take a look at these docs to improve your DAG import time:
* https://airflow.apache.org/docs/apache-airflow/2.9.2/best-practices.html#top-level-python-code
* https://airflow.apache.org/docs/apache-airflow/2.9.2/best-practices.html#reducing-dag-complexity, PID: 323
[2024-08-01T11:59:53.130+0000] {processor.py:840} INFO - DAG(s) 'pipeline_dag' retrieved from /opt/airflow/dags/my_dag.py
[2024-08-01T12:00:28.712+0000] {processor.py:161} INFO - Started process (PID=336) to work on /opt/airflow/dags/my_dag.py
[2024-08-01T12:00:28.773+0000] {processor.py:830} INFO - Processing file /opt/airflow/dags/my_dag.py for tasks to queue
[2024-08-01T12:00:28.860+0000] {logging_mixin.py:188} INFO - [2024-08-01T12:00:28.813+0000] {dagbag.py:545} INFO - Filling up the DagBag from /opt/airflow/dags/my_dag.py
[2024-08-01T12:00:39.437+0000] {processor.py:840} INFO - DAG(s) 'pipeline_dag' retrieved from /opt/airflow/dags/my_dag.py
[2024-08-01T12:00:39.941+0000] {logging_mixin.py:188} INFO - [2024-08-01T12:00:39.940+0000] {dag.py:3096} INFO - Sync 1 DAGs
[2024-08-01T12:00:40.039+0000] {logging_mixin.py:188} INFO - [2024-08-01T12:00:40.038+0000] {dag.py:3954} INFO - Setting next_dagrun for pipeline_dag to 2024-08-01 00:00:00+00:00, run_after=2024-08-02 00:00:00+00:00
[2024-08-01T12:00:40.111+0000] {processor.py:183} INFO - Processing /opt/airflow/dags/my_dag.py took 11.872 seconds
[2024-08-01T12:01:13.439+0000] {processor.py:161} INFO - Started process (PID=357) to work on /opt/airflow/dags/my_dag.py
[2024-08-01T12:01:13.457+0000] {processor.py:830} INFO - Processing file /opt/airflow/dags/my_dag.py for tasks to queue
[2024-08-01T12:01:13.466+0000] {logging_mixin.py:188} INFO - [2024-08-01T12:01:13.465+0000] {dagbag.py:545} INFO - Filling up the DagBag from /opt/airflow/dags/my_dag.py
[2024-08-01T12:01:25.564+0000] {processor.py:840} INFO - DAG(s) 'pipeline_dag' retrieved from /opt/airflow/dags/my_dag.py
[2024-08-01T12:01:25.614+0000] {logging_mixin.py:188} INFO - [2024-08-01T12:01:25.613+0000] {dag.py:3096} INFO - Sync 1 DAGs
[2024-08-01T12:01:25.657+0000] {logging_mixin.py:188} INFO - [2024-08-01T12:01:25.656+0000] {dag.py:3954} INFO - Setting next_dagrun for pipeline_dag to 2024-08-01 00:00:00+00:00, run_after=2024-08-02 00:00:00+00:00
[2024-08-01T12:01:25.703+0000] {processor.py:183} INFO - Processing /opt/airflow/dags/my_dag.py took 14.032 seconds
[2024-08-01T12:01:55.890+0000] {processor.py:161} INFO - Started process (PID=365) to work on /opt/airflow/dags/my_dag.py
[2024-08-01T12:01:55.893+0000] {processor.py:830} INFO - Processing file /opt/airflow/dags/my_dag.py for tasks to queue
[2024-08-01T12:01:55.895+0000] {logging_mixin.py:188} INFO - [2024-08-01T12:01:55.894+0000] {dagbag.py:545} INFO - Filling up the DagBag from /opt/airflow/dags/my_dag.py
[2024-08-01T12:01:57.918+0000] {processor.py:840} INFO - DAG(s) 'pipeline_dag' retrieved from /opt/airflow/dags/my_dag.py
[2024-08-01T12:01:58.017+0000] {logging_mixin.py:188} INFO - [2024-08-01T12:01:58.015+0000] {dag.py:3096} INFO - Sync 1 DAGs
[2024-08-01T12:01:58.082+0000] {logging_mixin.py:188} INFO - [2024-08-01T12:01:58.081+0000] {dag.py:3954} INFO - Setting next_dagrun for pipeline_dag to 2024-08-01 00:00:00+00:00, run_after=2024-08-02 00:00:00+00:00
[2024-08-01T12:01:58.136+0000] {processor.py:183} INFO - Processing /opt/airflow/dags/my_dag.py took 2.258 seconds
[2024-08-01T12:02:30.709+0000] {processor.py:161} INFO - Started process (PID=374) to work on /opt/airflow/dags/my_dag.py
[2024-08-01T12:02:30.726+0000] {processor.py:830} INFO - Processing file /opt/airflow/dags/my_dag.py for tasks to queue
[2024-08-01T12:02:30.750+0000] {logging_mixin.py:188} INFO - [2024-08-01T12:02:30.743+0000] {dagbag.py:545} INFO - Filling up the DagBag from /opt/airflow/dags/my_dag.py
[2024-08-01T12:02:40.377+0000] {processor.py:840} INFO - DAG(s) 'pipeline_dag' retrieved from /opt/airflow/dags/my_dag.py
[2024-08-01T12:02:40.490+0000] {logging_mixin.py:188} INFO - [2024-08-01T12:02:40.486+0000] {dag.py:3096} INFO - Sync 1 DAGs
[2024-08-01T12:02:40.608+0000] {logging_mixin.py:188} INFO - [2024-08-01T12:02:40.607+0000] {dag.py:3954} INFO - Setting next_dagrun for pipeline_dag to 2024-08-01 00:00:00+00:00, run_after=2024-08-02 00:00:00+00:00
[2024-08-01T12:02:40.765+0000] {processor.py:183} INFO - Processing /opt/airflow/dags/my_dag.py took 10.333 seconds
[2024-08-01T12:03:28.876+0000] {processor.py:161} INFO - Started process (PID=387) to work on /opt/airflow/dags/my_dag.py
[2024-08-01T12:03:28.970+0000] {processor.py:830} INFO - Processing file /opt/airflow/dags/my_dag.py for tasks to queue
[2024-08-01T12:03:29.228+0000] {logging_mixin.py:188} INFO - [2024-08-01T12:03:29.172+0000] {dagbag.py:545} INFO - Filling up the DagBag from /opt/airflow/dags/my_dag.py
[2024-08-01T12:03:35.854+0000] {processor.py:840} INFO - DAG(s) 'pipeline_dag' retrieved from /opt/airflow/dags/my_dag.py
[2024-08-01T12:03:35.892+0000] {logging_mixin.py:188} INFO - [2024-08-01T12:03:35.892+0000] {dag.py:3096} INFO - Sync 1 DAGs
[2024-08-01T12:03:35.920+0000] {logging_mixin.py:188} INFO - [2024-08-01T12:03:35.920+0000] {dag.py:3954} INFO - Setting next_dagrun for pipeline_dag to 2024-08-01 00:00:00+00:00, run_after=2024-08-02 00:00:00+00:00
[2024-08-01T12:03:35.949+0000] {processor.py:183} INFO - Processing /opt/airflow/dags/my_dag.py took 22.131 seconds
[2024-08-01T12:04:06.698+0000] {processor.py:161} INFO - Started process (PID=400) to work on /opt/airflow/dags/my_dag.py
[2024-08-01T12:04:06.707+0000] {processor.py:830} INFO - Processing file /opt/airflow/dags/my_dag.py for tasks to queue
[2024-08-01T12:04:06.714+0000] {logging_mixin.py:188} INFO - [2024-08-01T12:04:06.713+0000] {dagbag.py:545} INFO - Filling up the DagBag from /opt/airflow/dags/my_dag.py
[2024-08-01T12:04:10.380+0000] {processor.py:840} INFO - DAG(s) 'pipeline_dag' retrieved from /opt/airflow/dags/my_dag.py
[2024-08-01T12:04:10.524+0000] {logging_mixin.py:188} INFO - [2024-08-01T12:04:10.523+0000] {dag.py:3096} INFO - Sync 1 DAGs
[2024-08-01T12:04:10.667+0000] {logging_mixin.py:188} INFO - [2024-08-01T12:04:10.665+0000] {dag.py:3954} INFO - Setting next_dagrun for pipeline_dag to 2024-08-01 00:00:00+00:00, run_after=2024-08-02 00:00:00+00:00
[2024-08-01T12:04:10.771+0000] {processor.py:183} INFO - Processing /opt/airflow/dags/my_dag.py took 4.103 seconds
[2024-08-01T12:04:41.268+0000] {processor.py:161} INFO - Started process (PID=409) to work on /opt/airflow/dags/my_dag.py
[2024-08-01T12:04:41.269+0000] {processor.py:830} INFO - Processing file /opt/airflow/dags/my_dag.py for tasks to queue
[2024-08-01T12:04:41.271+0000] {logging_mixin.py:188} INFO - [2024-08-01T12:04:41.270+0000] {dagbag.py:545} INFO - Filling up the DagBag from /opt/airflow/dags/my_dag.py
[2024-08-01T12:04:42.235+0000] {processor.py:840} INFO - DAG(s) 'pipeline_dag' retrieved from /opt/airflow/dags/my_dag.py
[2024-08-01T12:04:42.269+0000] {logging_mixin.py:188} INFO - [2024-08-01T12:04:42.268+0000] {dag.py:3096} INFO - Sync 1 DAGs
[2024-08-01T12:04:42.292+0000] {logging_mixin.py:188} INFO - [2024-08-01T12:04:42.291+0000] {dag.py:3954} INFO - Setting next_dagrun for pipeline_dag to 2024-08-01 00:00:00+00:00, run_after=2024-08-02 00:00:00+00:00
[2024-08-01T12:04:42.315+0000] {processor.py:183} INFO - Processing /opt/airflow/dags/my_dag.py took 1.060 seconds
[2024-08-01T12:11:34.875+0000] {processor.py:161} INFO - Started process (PID=29) to work on /opt/airflow/dags/my_dag.py
[2024-08-01T12:11:34.883+0000] {processor.py:830} INFO - Processing file /opt/airflow/dags/my_dag.py for tasks to queue
[2024-08-01T12:11:34.886+0000] {logging_mixin.py:188} INFO - [2024-08-01T12:11:34.885+0000] {dagbag.py:545} INFO - Filling up the DagBag from /opt/airflow/dags/my_dag.py
[2024-08-01T12:11:36.690+0000] {processor.py:840} INFO - DAG(s) 'pipeline_dag' retrieved from /opt/airflow/dags/my_dag.py
[2024-08-01T12:11:37.169+0000] {logging_mixin.py:188} INFO - [2024-08-01T12:11:37.168+0000] {override.py:1829} INFO - Created Permission View: can read on DAG:pipeline_dag
[2024-08-01T12:11:37.186+0000] {logging_mixin.py:188} INFO - [2024-08-01T12:11:37.185+0000] {override.py:1829} INFO - Created Permission View: can edit on DAG:pipeline_dag
[2024-08-01T12:11:37.198+0000] {logging_mixin.py:188} INFO - [2024-08-01T12:11:37.197+0000] {override.py:1829} INFO - Created Permission View: can delete on DAG:pipeline_dag
[2024-08-01T12:11:37.199+0000] {logging_mixin.py:188} INFO - [2024-08-01T12:11:37.198+0000] {dag.py:3096} INFO - Sync 1 DAGs
[2024-08-01T12:11:37.213+0000] {logging_mixin.py:188} INFO - [2024-08-01T12:11:37.212+0000] {dag.py:3118} INFO - Creating ORM DAG for pipeline_dag
[2024-08-01T12:11:37.223+0000] {logging_mixin.py:188} INFO - [2024-08-01T12:11:37.222+0000] {dag.py:3954} INFO - Setting next_dagrun for pipeline_dag to 2024-07-31 00:00:00+00:00, run_after=2024-08-01 00:00:00+00:00
[2024-08-01T12:11:37.253+0000] {processor.py:183} INFO - Processing /opt/airflow/dags/my_dag.py took 2.387 seconds
[2024-08-01T12:12:08.415+0000] {processor.py:161} INFO - Started process (PID=37) to work on /opt/airflow/dags/my_dag.py
[2024-08-01T12:12:08.432+0000] {processor.py:830} INFO - Processing file /opt/airflow/dags/my_dag.py for tasks to queue
[2024-08-01T12:12:08.435+0000] {logging_mixin.py:188} INFO - [2024-08-01T12:12:08.435+0000] {dagbag.py:545} INFO - Filling up the DagBag from /opt/airflow/dags/my_dag.py
[2024-08-01T12:12:11.112+0000] {processor.py:840} INFO - DAG(s) 'pipeline_dag' retrieved from /opt/airflow/dags/my_dag.py
[2024-08-01T12:12:11.918+0000] {logging_mixin.py:188} INFO - [2024-08-01T12:12:11.918+0000] {dag.py:3096} INFO - Sync 1 DAGs
[2024-08-01T12:12:11.951+0000] {logging_mixin.py:188} INFO - [2024-08-01T12:12:11.950+0000] {dag.py:3954} INFO - Setting next_dagrun for pipeline_dag to 2024-07-31 00:00:00+00:00, run_after=2024-08-01 00:00:00+00:00
[2024-08-01T12:12:11.982+0000] {processor.py:183} INFO - Processing /opt/airflow/dags/my_dag.py took 3.576 seconds
[2024-08-01T12:12:42.291+0000] {processor.py:161} INFO - Started process (PID=52) to work on /opt/airflow/dags/my_dag.py
[2024-08-01T12:12:42.297+0000] {processor.py:830} INFO - Processing file /opt/airflow/dags/my_dag.py for tasks to queue
[2024-08-01T12:12:42.322+0000] {logging_mixin.py:188} INFO - [2024-08-01T12:12:42.321+0000] {dagbag.py:545} INFO - Filling up the DagBag from /opt/airflow/dags/my_dag.py
[2024-08-01T12:12:44.525+0000] {processor.py:840} INFO - DAG(s) 'pipeline_dag' retrieved from /opt/airflow/dags/my_dag.py
[2024-08-01T12:12:45.243+0000] {logging_mixin.py:188} INFO - [2024-08-01T12:12:45.241+0000] {dag.py:3096} INFO - Sync 1 DAGs
[2024-08-01T12:12:45.298+0000] {logging_mixin.py:188} INFO - [2024-08-01T12:12:45.298+0000] {dag.py:3954} INFO - Setting next_dagrun for pipeline_dag to 2024-07-31 00:00:00+00:00, run_after=2024-08-01 00:00:00+00:00
[2024-08-01T12:12:45.348+0000] {processor.py:183} INFO - Processing /opt/airflow/dags/my_dag.py took 3.097 seconds
[2024-08-01T12:13:19.889+0000] {processor.py:161} INFO - Started process (PID=60) to work on /opt/airflow/dags/my_dag.py
[2024-08-01T12:13:19.922+0000] {processor.py:830} INFO - Processing file /opt/airflow/dags/my_dag.py for tasks to queue
[2024-08-01T12:13:19.972+0000] {logging_mixin.py:188} INFO - [2024-08-01T12:13:19.971+0000] {dagbag.py:545} INFO - Filling up the DagBag from /opt/airflow/dags/my_dag.py
[2024-08-01T12:13:25.677+0000] {processor.py:840} INFO - DAG(s) 'pipeline_dag' retrieved from /opt/airflow/dags/my_dag.py
[2024-08-01T12:13:25.780+0000] {logging_mixin.py:188} INFO - [2024-08-01T12:13:25.780+0000] {dag.py:3096} INFO - Sync 1 DAGs
[2024-08-01T12:13:25.847+0000] {logging_mixin.py:188} INFO - [2024-08-01T12:13:25.846+0000] {dag.py:3954} INFO - Setting next_dagrun for pipeline_dag to 2024-07-31 00:00:00+00:00, run_after=2024-08-01 00:00:00+00:00
[2024-08-01T12:13:25.898+0000] {processor.py:183} INFO - Processing /opt/airflow/dags/my_dag.py took 6.079 seconds
[2024-08-01T12:13:57.624+0000] {processor.py:161} INFO - Started process (PID=68) to work on /opt/airflow/dags/my_dag.py
[2024-08-01T12:13:57.791+0000] {processor.py:830} INFO - Processing file /opt/airflow/dags/my_dag.py for tasks to queue
[2024-08-01T12:13:57.814+0000] {logging_mixin.py:188} INFO - [2024-08-01T12:13:57.812+0000] {dagbag.py:545} INFO - Filling up the DagBag from /opt/airflow/dags/my_dag.py
[2024-08-01T12:14:05.667+0000] {processor.py:840} INFO - DAG(s) 'pipeline_dag' retrieved from /opt/airflow/dags/my_dag.py
[2024-08-01T12:14:05.761+0000] {logging_mixin.py:188} INFO - [2024-08-01T12:14:05.760+0000] {dag.py:3096} INFO - Sync 1 DAGs
[2024-08-01T12:14:05.819+0000] {logging_mixin.py:188} INFO - [2024-08-01T12:14:05.818+0000] {dag.py:3954} INFO - Setting next_dagrun for pipeline_dag to 2024-08-01 00:00:00+00:00, run_after=2024-08-02 00:00:00+00:00
[2024-08-01T12:14:05.872+0000] {processor.py:183} INFO - Processing /opt/airflow/dags/my_dag.py took 8.483 seconds
[2024-08-01T12:14:37.795+0000] {processor.py:161} INFO - Started process (PID=94) to work on /opt/airflow/dags/my_dag.py
[2024-08-01T12:14:37.945+0000] {processor.py:830} INFO - Processing file /opt/airflow/dags/my_dag.py for tasks to queue
[2024-08-01T12:14:38.357+0000] {logging_mixin.py:188} INFO - [2024-08-01T12:14:38.310+0000] {dagbag.py:545} INFO - Filling up the DagBag from /opt/airflow/dags/my_dag.py
[2024-08-01T12:14:43.662+0000] {processor.py:840} INFO - DAG(s) 'pipeline_dag' retrieved from /opt/airflow/dags/my_dag.py
[2024-08-01T12:14:57.672+0000] {logging_mixin.py:188} INFO - [2024-08-01T12:14:57.671+0000] {dag.py:3096} INFO - Sync 1 DAGs
[2024-08-01T12:14:58.233+0000] {logging_mixin.py:188} INFO - [2024-08-01T12:14:58.226+0000] {dag.py:3954} INFO - Setting next_dagrun for pipeline_dag to 2024-08-01 00:00:00+00:00, run_after=2024-08-02 00:00:00+00:00
[2024-08-01T12:14:58.501+0000] {processor.py:183} INFO - Processing /opt/airflow/dags/my_dag.py took 21.393 seconds
[2024-08-01T12:15:31.417+0000] {processor.py:161} INFO - Started process (PID=108) to work on /opt/airflow/dags/my_dag.py
[2024-08-01T12:15:31.550+0000] {processor.py:830} INFO - Processing file /opt/airflow/dags/my_dag.py for tasks to queue
[2024-08-01T12:15:31.894+0000] {logging_mixin.py:188} INFO - [2024-08-01T12:15:31.820+0000] {dagbag.py:545} INFO - Filling up the DagBag from /opt/airflow/dags/my_dag.py
[2024-08-01T12:15:46.318+0000] {processor.py:840} INFO - DAG(s) 'pipeline_dag' retrieved from /opt/airflow/dags/my_dag.py
[2024-08-01T12:15:47.453+0000] {logging_mixin.py:188} INFO - [2024-08-01T12:15:47.452+0000] {dag.py:3096} INFO - Sync 1 DAGs
[2024-08-01T12:15:49.194+0000] {logging_mixin.py:188} INFO - [2024-08-01T12:15:49.171+0000] {dag.py:3954} INFO - Setting next_dagrun for pipeline_dag to 2024-08-01 00:00:00+00:00, run_after=2024-08-02 00:00:00+00:00
[2024-08-01T12:15:50.236+0000] {processor.py:183} INFO - Processing /opt/airflow/dags/my_dag.py took 19.514 seconds
[2024-08-01T12:16:22.998+0000] {processor.py:161} INFO - Started process (PID=125) to work on /opt/airflow/dags/my_dag.py
[2024-08-01T12:16:23.084+0000] {processor.py:830} INFO - Processing file /opt/airflow/dags/my_dag.py for tasks to queue
[2024-08-01T12:16:23.229+0000] {logging_mixin.py:188} INFO - [2024-08-01T12:16:23.221+0000] {dagbag.py:545} INFO - Filling up the DagBag from /opt/airflow/dags/my_dag.py
[2024-08-01T12:16:43.926+0000] {processor.py:840} INFO - DAG(s) 'pipeline_dag' retrieved from /opt/airflow/dags/my_dag.py
[2024-08-01T12:16:44.865+0000] {logging_mixin.py:188} INFO - [2024-08-01T12:16:44.864+0000] {dag.py:3096} INFO - Sync 1 DAGs
[2024-08-01T12:16:45.313+0000] {logging_mixin.py:188} INFO - [2024-08-01T12:16:45.313+0000] {dag.py:3954} INFO - Setting next_dagrun for pipeline_dag to 2024-08-01 00:00:00+00:00, run_after=2024-08-02 00:00:00+00:00
[2024-08-01T12:16:45.501+0000] {processor.py:183} INFO - Processing /opt/airflow/dags/my_dag.py took 22.958 seconds
[2024-08-01T12:17:17.754+0000] {processor.py:161} INFO - Started process (PID=139) to work on /opt/airflow/dags/my_dag.py
[2024-08-01T12:17:17.906+0000] {processor.py:830} INFO - Processing file /opt/airflow/dags/my_dag.py for tasks to queue
[2024-08-01T12:17:18.252+0000] {logging_mixin.py:188} INFO - [2024-08-01T12:17:18.219+0000] {dagbag.py:545} INFO - Filling up the DagBag from /opt/airflow/dags/my_dag.py
[2024-08-01T12:17:32.204+0000] {processor.py:840} INFO - DAG(s) 'pipeline_dag' retrieved from /opt/airflow/dags/my_dag.py
[2024-08-01T12:17:53.193+0000] {logging_mixin.py:188} INFO - [2024-08-01T12:17:53.190+0000] {dag.py:3096} INFO - Sync 1 DAGs
[2024-08-01T12:17:54.536+0000] {logging_mixin.py:188} INFO - [2024-08-01T12:17:54.533+0000] {dag.py:3954} INFO - Setting next_dagrun for pipeline_dag to 2024-08-01 00:00:00+00:00, run_after=2024-08-02 00:00:00+00:00
[2024-08-01T12:17:55.473+0000] {processor.py:183} INFO - Processing /opt/airflow/dags/my_dag.py took 38.362 seconds
[2024-08-01T12:18:27.575+0000] {processor.py:161} INFO - Started process (PID=153) to work on /opt/airflow/dags/my_dag.py
[2024-08-01T12:18:27.598+0000] {processor.py:830} INFO - Processing file /opt/airflow/dags/my_dag.py for tasks to queue
[2024-08-01T12:18:27.683+0000] {logging_mixin.py:188} INFO - [2024-08-01T12:18:27.671+0000] {dagbag.py:545} INFO - Filling up the DagBag from /opt/airflow/dags/my_dag.py
[2024-08-01T12:18:41.458+0000] {processor.py:840} INFO - DAG(s) 'pipeline_dag' retrieved from /opt/airflow/dags/my_dag.py
[2024-08-01T12:18:41.569+0000] {logging_mixin.py:188} INFO - [2024-08-01T12:18:41.568+0000] {dag.py:3096} INFO - Sync 1 DAGs
[2024-08-01T12:18:41.861+0000] {logging_mixin.py:188} INFO - [2024-08-01T12:18:41.860+0000] {dag.py:3954} INFO - Setting next_dagrun for pipeline_dag to 2024-08-01 00:00:00+00:00, run_after=2024-08-02 00:00:00+00:00
[2024-08-01T12:18:42.333+0000] {processor.py:183} INFO - Processing /opt/airflow/dags/my_dag.py took 15.205 seconds
[2024-08-01T12:19:13.799+0000] {processor.py:161} INFO - Started process (PID=168) to work on /opt/airflow/dags/my_dag.py
[2024-08-01T12:19:13.830+0000] {processor.py:830} INFO - Processing file /opt/airflow/dags/my_dag.py for tasks to queue
[2024-08-01T12:19:13.893+0000] {logging_mixin.py:188} INFO - [2024-08-01T12:19:13.879+0000] {dagbag.py:545} INFO - Filling up the DagBag from /opt/airflow/dags/my_dag.py
[2024-08-01T12:19:37.949+0000] {processor.py:840} INFO - DAG(s) 'pipeline_dag' retrieved from /opt/airflow/dags/my_dag.py
[2024-08-01T12:19:38.294+0000] {logging_mixin.py:188} INFO - [2024-08-01T12:19:38.293+0000] {dag.py:3096} INFO - Sync 1 DAGs
[2024-08-01T12:19:38.636+0000] {logging_mixin.py:188} INFO - [2024-08-01T12:19:38.635+0000] {dag.py:3954} INFO - Setting next_dagrun for pipeline_dag to 2024-08-01 00:00:00+00:00, run_after=2024-08-02 00:00:00+00:00
[2024-08-01T12:19:38.770+0000] {processor.py:183} INFO - Processing /opt/airflow/dags/my_dag.py took 25.096 seconds
[2024-08-01T12:20:10.082+0000] {processor.py:161} INFO - Started process (PID=182) to work on /opt/airflow/dags/my_dag.py
[2024-08-01T12:20:10.095+0000] {processor.py:830} INFO - Processing file /opt/airflow/dags/my_dag.py for tasks to queue
[2024-08-01T12:20:10.127+0000] {logging_mixin.py:188} INFO - [2024-08-01T12:20:10.120+0000] {dagbag.py:545} INFO - Filling up the DagBag from /opt/airflow/dags/my_dag.py
[2024-08-01T12:20:15.169+0000] {processor.py:840} INFO - DAG(s) 'pipeline_dag' retrieved from /opt/airflow/dags/my_dag.py
[2024-08-01T12:20:15.501+0000] {logging_mixin.py:188} INFO - [2024-08-01T12:20:15.500+0000] {dag.py:3096} INFO - Sync 1 DAGs
[2024-08-01T12:20:17.235+0000] {logging_mixin.py:188} INFO - [2024-08-01T12:20:17.235+0000] {dag.py:3954} INFO - Setting next_dagrun for pipeline_dag to 2024-08-01 00:00:00+00:00, run_after=2024-08-02 00:00:00+00:00
[2024-08-01T12:20:17.262+0000] {processor.py:183} INFO - Processing /opt/airflow/dags/my_dag.py took 7.446 seconds
[2024-08-01T12:20:47.811+0000] {processor.py:161} INFO - Started process (PID=190) to work on /opt/airflow/dags/my_dag.py
[2024-08-01T12:20:47.813+0000] {processor.py:830} INFO - Processing file /opt/airflow/dags/my_dag.py for tasks to queue
[2024-08-01T12:20:47.847+0000] {logging_mixin.py:188} INFO - [2024-08-01T12:20:47.816+0000] {dagbag.py:545} INFO - Filling up the DagBag from /opt/airflow/dags/my_dag.py
[2024-08-01T12:20:51.318+0000] {processor.py:840} INFO - DAG(s) 'pipeline_dag' retrieved from /opt/airflow/dags/my_dag.py
[2024-08-01T12:20:56.196+0000] {logging_mixin.py:188} INFO - [2024-08-01T12:20:56.195+0000] {dag.py:3096} INFO - Sync 1 DAGs
[2024-08-01T12:20:56.253+0000] {logging_mixin.py:188} INFO - [2024-08-01T12:20:56.253+0000] {dag.py:3954} INFO - Setting next_dagrun for pipeline_dag to 2024-08-01 00:00:00+00:00, run_after=2024-08-02 00:00:00+00:00
[2024-08-01T12:20:56.335+0000] {processor.py:183} INFO - Processing /opt/airflow/dags/my_dag.py took 8.697 seconds
[2024-08-01T12:21:26.854+0000] {processor.py:161} INFO - Started process (PID=198) to work on /opt/airflow/dags/my_dag.py
[2024-08-01T12:21:26.858+0000] {processor.py:830} INFO - Processing file /opt/airflow/dags/my_dag.py for tasks to queue
[2024-08-01T12:21:27.041+0000] {logging_mixin.py:188} INFO - [2024-08-01T12:21:27.040+0000] {dagbag.py:545} INFO - Filling up the DagBag from /opt/airflow/dags/my_dag.py
[2024-08-01T12:21:32.397+0000] {processor.py:840} INFO - DAG(s) 'pipeline_dag' retrieved from /opt/airflow/dags/my_dag.py
[2024-08-01T12:21:32.561+0000] {logging_mixin.py:188} INFO - [2024-08-01T12:21:32.560+0000] {dag.py:3096} INFO - Sync 1 DAGs
[2024-08-01T12:21:32.660+0000] {logging_mixin.py:188} INFO - [2024-08-01T12:21:32.660+0000] {dag.py:3954} INFO - Setting next_dagrun for pipeline_dag to 2024-08-01 00:00:00+00:00, run_after=2024-08-02 00:00:00+00:00
[2024-08-01T12:21:32.740+0000] {processor.py:183} INFO - Processing /opt/airflow/dags/my_dag.py took 5.909 seconds
[2024-08-01T12:22:03.802+0000] {processor.py:161} INFO - Started process (PID=206) to work on /opt/airflow/dags/my_dag.py
[2024-08-01T12:22:03.810+0000] {processor.py:830} INFO - Processing file /opt/airflow/dags/my_dag.py for tasks to queue
[2024-08-01T12:22:03.819+0000] {logging_mixin.py:188} INFO - [2024-08-01T12:22:03.818+0000] {dagbag.py:545} INFO - Filling up the DagBag from /opt/airflow/dags/my_dag.py
[2024-08-01T12:22:05.778+0000] {processor.py:840} INFO - DAG(s) 'pipeline_dag' retrieved from /opt/airflow/dags/my_dag.py
[2024-08-01T12:22:05.877+0000] {logging_mixin.py:188} INFO - [2024-08-01T12:22:05.876+0000] {dag.py:3096} INFO - Sync 1 DAGs
[2024-08-01T12:22:05.963+0000] {logging_mixin.py:188} INFO - [2024-08-01T12:22:05.962+0000] {dag.py:3954} INFO - Setting next_dagrun for pipeline_dag to 2024-08-01 00:00:00+00:00, run_after=2024-08-02 00:00:00+00:00
[2024-08-01T12:22:06.075+0000] {processor.py:183} INFO - Processing /opt/airflow/dags/my_dag.py took 2.292 seconds
[2024-08-01T12:22:36.435+0000] {processor.py:161} INFO - Started process (PID=214) to work on /opt/airflow/dags/my_dag.py
[2024-08-01T12:22:36.454+0000] {processor.py:830} INFO - Processing file /opt/airflow/dags/my_dag.py for tasks to queue
[2024-08-01T12:22:36.459+0000] {logging_mixin.py:188} INFO - [2024-08-01T12:22:36.458+0000] {dagbag.py:545} INFO - Filling up the DagBag from /opt/airflow/dags/my_dag.py
[2024-08-01T12:22:38.411+0000] {processor.py:840} INFO - DAG(s) 'pipeline_dag' retrieved from /opt/airflow/dags/my_dag.py
[2024-08-01T12:22:38.464+0000] {logging_mixin.py:188} INFO - [2024-08-01T12:22:38.464+0000] {dag.py:3096} INFO - Sync 1 DAGs
[2024-08-01T12:22:38.505+0000] {logging_mixin.py:188} INFO - [2024-08-01T12:22:38.504+0000] {dag.py:3954} INFO - Setting next_dagrun for pipeline_dag to 2024-08-01 00:00:00+00:00, run_after=2024-08-02 00:00:00+00:00
[2024-08-01T12:22:38.583+0000] {processor.py:183} INFO - Processing /opt/airflow/dags/my_dag.py took 2.169 seconds
[2024-08-01T12:23:09.336+0000] {processor.py:161} INFO - Started process (PID=222) to work on /opt/airflow/dags/my_dag.py
[2024-08-01T12:23:09.381+0000] {processor.py:830} INFO - Processing file /opt/airflow/dags/my_dag.py for tasks to queue
[2024-08-01T12:23:09.384+0000] {logging_mixin.py:188} INFO - [2024-08-01T12:23:09.384+0000] {dagbag.py:545} INFO - Filling up the DagBag from /opt/airflow/dags/my_dag.py
[2024-08-01T12:23:10.405+0000] {processor.py:840} INFO - DAG(s) 'pipeline_dag' retrieved from /opt/airflow/dags/my_dag.py
[2024-08-01T12:23:10.709+0000] {logging_mixin.py:188} INFO - [2024-08-01T12:23:10.708+0000] {dag.py:3096} INFO - Sync 1 DAGs
[2024-08-01T12:23:10.764+0000] {logging_mixin.py:188} INFO - [2024-08-01T12:23:10.764+0000] {dag.py:3954} INFO - Setting next_dagrun for pipeline_dag to 2024-08-01 00:00:00+00:00, run_after=2024-08-02 00:00:00+00:00
[2024-08-01T12:23:11.130+0000] {processor.py:183} INFO - Processing /opt/airflow/dags/my_dag.py took 1.804 seconds
[2024-08-01T12:23:41.918+0000] {processor.py:161} INFO - Started process (PID=236) to work on /opt/airflow/dags/my_dag.py
[2024-08-01T12:23:41.920+0000] {processor.py:830} INFO - Processing file /opt/airflow/dags/my_dag.py for tasks to queue
[2024-08-01T12:23:41.924+0000] {logging_mixin.py:188} INFO - [2024-08-01T12:23:41.923+0000] {dagbag.py:545} INFO - Filling up the DagBag from /opt/airflow/dags/my_dag.py
[2024-08-01T12:23:43.366+0000] {processor.py:840} INFO - DAG(s) 'pipeline_dag' retrieved from /opt/airflow/dags/my_dag.py
[2024-08-01T12:23:43.408+0000] {logging_mixin.py:188} INFO - [2024-08-01T12:23:43.408+0000] {dag.py:3096} INFO - Sync 1 DAGs
[2024-08-01T12:23:43.439+0000] {logging_mixin.py:188} INFO - [2024-08-01T12:23:43.439+0000] {dag.py:3954} INFO - Setting next_dagrun for pipeline_dag to 2024-08-01 00:00:00+00:00, run_after=2024-08-02 00:00:00+00:00
[2024-08-01T12:23:43.478+0000] {processor.py:183} INFO - Processing /opt/airflow/dags/my_dag.py took 1.583 seconds
[2024-08-01T12:30:08.951+0000] {processor.py:161} INFO - Started process (PID=53) to work on /opt/airflow/dags/my_dag.py
[2024-08-01T12:30:09.012+0000] {processor.py:830} INFO - Processing file /opt/airflow/dags/my_dag.py for tasks to queue
[2024-08-01T12:30:09.095+0000] {logging_mixin.py:188} INFO - [2024-08-01T12:30:09.087+0000] {dagbag.py:545} INFO - Filling up the DagBag from /opt/airflow/dags/my_dag.py
[2024-08-01T12:30:23.347+0000] {processor.py:840} INFO - DAG(s) 'pipeline_dag' retrieved from /opt/airflow/dags/my_dag.py
[2024-08-01T12:30:26.762+0000] {logging_mixin.py:188} INFO - [2024-08-01T12:30:26.755+0000] {dag.py:3096} INFO - Sync 1 DAGs
[2024-08-01T12:30:26.953+0000] {logging_mixin.py:188} INFO - [2024-08-01T12:30:26.952+0000] {dag.py:3954} INFO - Setting next_dagrun for pipeline_dag to 2024-08-01 00:00:00+00:00, run_after=2024-08-02 00:00:00+00:00
[2024-08-01T12:30:27.072+0000] {processor.py:183} INFO - Processing /opt/airflow/dags/my_dag.py took 18.457 seconds
[2024-08-01T12:30:59.398+0000] {processor.py:161} INFO - Started process (PID=67) to work on /opt/airflow/dags/my_dag.py
[2024-08-01T12:30:59.403+0000] {processor.py:830} INFO - Processing file /opt/airflow/dags/my_dag.py for tasks to queue
[2024-08-01T12:30:59.412+0000] {logging_mixin.py:188} INFO - [2024-08-01T12:30:59.411+0000] {dagbag.py:545} INFO - Filling up the DagBag from /opt/airflow/dags/my_dag.py
[2024-08-01T12:31:04.680+0000] {processor.py:840} INFO - DAG(s) 'pipeline_dag' retrieved from /opt/airflow/dags/my_dag.py
[2024-08-01T12:31:04.848+0000] {logging_mixin.py:188} INFO - [2024-08-01T12:31:04.848+0000] {dag.py:3096} INFO - Sync 1 DAGs
[2024-08-01T12:31:04.864+0000] {logging_mixin.py:188} INFO - [2024-08-01T12:31:04.863+0000] {dag.py:3954} INFO - Setting next_dagrun for pipeline_dag to 2024-08-01 00:00:00+00:00, run_after=2024-08-02 00:00:00+00:00
[2024-08-01T12:31:04.958+0000] {processor.py:183} INFO - Processing /opt/airflow/dags/my_dag.py took 5.909 seconds
[2024-08-01T12:31:35.738+0000] {processor.py:161} INFO - Started process (PID=76) to work on /opt/airflow/dags/my_dag.py
[2024-08-01T12:31:35.786+0000] {processor.py:830} INFO - Processing file /opt/airflow/dags/my_dag.py for tasks to queue
[2024-08-01T12:31:35.811+0000] {logging_mixin.py:188} INFO - [2024-08-01T12:31:35.808+0000] {dagbag.py:545} INFO - Filling up the DagBag from /opt/airflow/dags/my_dag.py
[2024-08-01T12:31:38.149+0000] {processor.py:840} INFO - DAG(s) 'pipeline_dag' retrieved from /opt/airflow/dags/my_dag.py
[2024-08-01T12:31:38.510+0000] {logging_mixin.py:188} INFO - [2024-08-01T12:31:38.509+0000] {dag.py:3096} INFO - Sync 1 DAGs
[2024-08-01T12:31:44.746+0000] {logging_mixin.py:188} INFO - [2024-08-01T12:31:44.742+0000] {dag.py:3954} INFO - Setting next_dagrun for pipeline_dag to 2024-08-01 00:00:00+00:00, run_after=2024-08-02 00:00:00+00:00
[2024-08-01T12:31:44.848+0000] {processor.py:183} INFO - Processing /opt/airflow/dags/my_dag.py took 9.225 seconds
[2024-08-01T12:32:18.493+0000] {processor.py:161} INFO - Started process (PID=84) to work on /opt/airflow/dags/my_dag.py
[2024-08-01T12:32:18.523+0000] {processor.py:830} INFO - Processing file /opt/airflow/dags/my_dag.py for tasks to queue
[2024-08-01T12:32:18.619+0000] {logging_mixin.py:188} INFO - [2024-08-01T12:32:18.609+0000] {dagbag.py:545} INFO - Filling up the DagBag from /opt/airflow/dags/my_dag.py
[2024-08-01T12:34:28.700+0000] {processor.py:161} INFO - Started process (PID=30) to work on /opt/airflow/dags/my_dag.py
[2024-08-01T12:34:28.706+0000] {processor.py:830} INFO - Processing file /opt/airflow/dags/my_dag.py for tasks to queue
[2024-08-01T12:34:28.717+0000] {logging_mixin.py:188} INFO - [2024-08-01T12:34:28.716+0000] {dagbag.py:545} INFO - Filling up the DagBag from /opt/airflow/dags/my_dag.py
[2024-08-01T12:34:30.256+0000] {processor.py:840} INFO - DAG(s) 'pipeline_dag' retrieved from /opt/airflow/dags/my_dag.py
[2024-08-01T12:34:31.261+0000] {logging_mixin.py:188} INFO - [2024-08-01T12:34:31.260+0000] {dag.py:3096} INFO - Sync 1 DAGs
[2024-08-01T12:34:31.307+0000] {logging_mixin.py:188} INFO - [2024-08-01T12:34:31.307+0000] {dag.py:3954} INFO - Setting next_dagrun for pipeline_dag to 2024-08-01 00:00:00+00:00, run_after=2024-08-02 00:00:00+00:00
[2024-08-01T12:34:31.352+0000] {processor.py:183} INFO - Processing /opt/airflow/dags/my_dag.py took 2.674 seconds
[2024-08-01T12:35:01.748+0000] {processor.py:161} INFO - Started process (PID=38) to work on /opt/airflow/dags/my_dag.py
[2024-08-01T12:35:01.759+0000] {processor.py:830} INFO - Processing file /opt/airflow/dags/my_dag.py for tasks to queue
[2024-08-01T12:35:01.785+0000] {logging_mixin.py:188} INFO - [2024-08-01T12:35:01.782+0000] {dagbag.py:545} INFO - Filling up the DagBag from /opt/airflow/dags/my_dag.py
[2024-08-01T12:35:03.446+0000] {processor.py:840} INFO - DAG(s) 'pipeline_dag' retrieved from /opt/airflow/dags/my_dag.py
[2024-08-01T12:35:03.495+0000] {logging_mixin.py:188} INFO - [2024-08-01T12:35:03.494+0000] {dag.py:3096} INFO - Sync 1 DAGs
[2024-08-01T12:35:03.526+0000] {logging_mixin.py:188} INFO - [2024-08-01T12:35:03.525+0000] {dag.py:3954} INFO - Setting next_dagrun for pipeline_dag to 2024-08-01 00:00:00+00:00, run_after=2024-08-02 00:00:00+00:00
[2024-08-01T12:35:03.556+0000] {processor.py:183} INFO - Processing /opt/airflow/dags/my_dag.py took 1.897 seconds
[2024-08-01T12:35:33.789+0000] {processor.py:161} INFO - Started process (PID=46) to work on /opt/airflow/dags/my_dag.py
[2024-08-01T12:35:33.790+0000] {processor.py:830} INFO - Processing file /opt/airflow/dags/my_dag.py for tasks to queue
[2024-08-01T12:35:33.792+0000] {logging_mixin.py:188} INFO - [2024-08-01T12:35:33.792+0000] {dagbag.py:545} INFO - Filling up the DagBag from /opt/airflow/dags/my_dag.py
[2024-08-01T12:35:34.272+0000] {processor.py:840} INFO - DAG(s) 'pipeline_dag' retrieved from /opt/airflow/dags/my_dag.py
[2024-08-01T12:35:34.311+0000] {logging_mixin.py:188} INFO - [2024-08-01T12:35:34.311+0000] {dag.py:3096} INFO - Sync 1 DAGs
[2024-08-01T12:35:35.021+0000] {logging_mixin.py:188} INFO - [2024-08-01T12:35:35.020+0000] {dag.py:3954} INFO - Setting next_dagrun for pipeline_dag to 2024-08-01 00:00:00+00:00, run_after=2024-08-02 00:00:00+00:00
[2024-08-01T12:35:35.049+0000] {processor.py:183} INFO - Processing /opt/airflow/dags/my_dag.py took 1.267 seconds
[2024-08-01T12:36:05.300+0000] {processor.py:161} INFO - Started process (PID=60) to work on /opt/airflow/dags/my_dag.py
[2024-08-01T12:36:05.302+0000] {processor.py:830} INFO - Processing file /opt/airflow/dags/my_dag.py for tasks to queue
[2024-08-01T12:36:05.305+0000] {logging_mixin.py:188} INFO - [2024-08-01T12:36:05.305+0000] {dagbag.py:545} INFO - Filling up the DagBag from /opt/airflow/dags/my_dag.py
[2024-08-01T12:36:05.739+0000] {processor.py:840} INFO - DAG(s) 'pipeline_dag' retrieved from /opt/airflow/dags/my_dag.py
[2024-08-01T12:36:05.981+0000] {logging_mixin.py:188} INFO - [2024-08-01T12:36:05.981+0000] {dag.py:3096} INFO - Sync 1 DAGs
[2024-08-01T12:36:06.000+0000] {logging_mixin.py:188} INFO - [2024-08-01T12:36:06.000+0000] {dag.py:3954} INFO - Setting next_dagrun for pipeline_dag to 2024-08-01 00:00:00+00:00, run_after=2024-08-02 00:00:00+00:00
[2024-08-01T12:36:06.022+0000] {processor.py:183} INFO - Processing /opt/airflow/dags/my_dag.py took 0.732 seconds
[2024-08-01T12:36:36.256+0000] {processor.py:161} INFO - Started process (PID=68) to work on /opt/airflow/dags/my_dag.py
[2024-08-01T12:36:36.257+0000] {processor.py:830} INFO - Processing file /opt/airflow/dags/my_dag.py for tasks to queue
[2024-08-01T12:36:36.259+0000] {logging_mixin.py:188} INFO - [2024-08-01T12:36:36.259+0000] {dagbag.py:545} INFO - Filling up the DagBag from /opt/airflow/dags/my_dag.py
[2024-08-01T12:36:36.698+0000] {processor.py:840} INFO - DAG(s) 'pipeline_dag' retrieved from /opt/airflow/dags/my_dag.py
[2024-08-01T12:36:36.720+0000] {logging_mixin.py:188} INFO - [2024-08-01T12:36:36.720+0000] {dag.py:3096} INFO - Sync 1 DAGs
[2024-08-01T12:36:36.736+0000] {logging_mixin.py:188} INFO - [2024-08-01T12:36:36.736+0000] {dag.py:3954} INFO - Setting next_dagrun for pipeline_dag to 2024-08-01 00:00:00+00:00, run_after=2024-08-02 00:00:00+00:00
[2024-08-01T12:36:36.757+0000] {processor.py:183} INFO - Processing /opt/airflow/dags/my_dag.py took 0.506 seconds
[2024-08-01T12:37:07.080+0000] {processor.py:161} INFO - Started process (PID=76) to work on /opt/airflow/dags/my_dag.py
[2024-08-01T12:37:07.081+0000] {processor.py:830} INFO - Processing file /opt/airflow/dags/my_dag.py for tasks to queue
[2024-08-01T12:37:07.083+0000] {logging_mixin.py:188} INFO - [2024-08-01T12:37:07.083+0000] {dagbag.py:545} INFO - Filling up the DagBag from /opt/airflow/dags/my_dag.py
[2024-08-01T12:37:07.601+0000] {processor.py:840} INFO - DAG(s) 'pipeline_dag' retrieved from /opt/airflow/dags/my_dag.py
[2024-08-01T12:37:07.625+0000] {logging_mixin.py:188} INFO - [2024-08-01T12:37:07.624+0000] {dag.py:3096} INFO - Sync 1 DAGs
[2024-08-01T12:37:07.644+0000] {logging_mixin.py:188} INFO - [2024-08-01T12:37:07.644+0000] {dag.py:3954} INFO - Setting next_dagrun for pipeline_dag to 2024-08-01 00:00:00+00:00, run_after=2024-08-02 00:00:00+00:00
[2024-08-01T12:37:07.665+0000] {processor.py:183} INFO - Processing /opt/airflow/dags/my_dag.py took 0.590 seconds
[2024-08-01T12:37:37.744+0000] {processor.py:161} INFO - Started process (PID=84) to work on /opt/airflow/dags/my_dag.py
[2024-08-01T12:37:37.745+0000] {processor.py:830} INFO - Processing file /opt/airflow/dags/my_dag.py for tasks to queue
[2024-08-01T12:37:37.748+0000] {logging_mixin.py:188} INFO - [2024-08-01T12:37:37.747+0000] {dagbag.py:545} INFO - Filling up the DagBag from /opt/airflow/dags/my_dag.py
[2024-08-01T12:37:38.281+0000] {processor.py:840} INFO - DAG(s) 'pipeline_dag' retrieved from /opt/airflow/dags/my_dag.py
[2024-08-01T12:37:38.303+0000] {logging_mixin.py:188} INFO - [2024-08-01T12:37:38.303+0000] {dag.py:3096} INFO - Sync 1 DAGs
[2024-08-01T12:37:38.320+0000] {logging_mixin.py:188} INFO - [2024-08-01T12:37:38.320+0000] {dag.py:3954} INFO - Setting next_dagrun for pipeline_dag to 2024-08-01 00:00:00+00:00, run_after=2024-08-02 00:00:00+00:00
[2024-08-01T12:37:38.337+0000] {processor.py:183} INFO - Processing /opt/airflow/dags/my_dag.py took 0.600 seconds
[2024-08-01T12:38:08.533+0000] {processor.py:161} INFO - Started process (PID=92) to work on /opt/airflow/dags/my_dag.py
[2024-08-01T12:38:08.533+0000] {processor.py:830} INFO - Processing file /opt/airflow/dags/my_dag.py for tasks to queue
[2024-08-01T12:38:08.535+0000] {logging_mixin.py:188} INFO - [2024-08-01T12:38:08.535+0000] {dagbag.py:545} INFO - Filling up the DagBag from /opt/airflow/dags/my_dag.py
[2024-08-01T12:38:08.905+0000] {processor.py:840} INFO - DAG(s) 'pipeline_dag' retrieved from /opt/airflow/dags/my_dag.py
[2024-08-01T12:38:09.039+0000] {logging_mixin.py:188} INFO - [2024-08-01T12:38:09.038+0000] {dag.py:3096} INFO - Sync 1 DAGs
[2024-08-01T12:38:09.054+0000] {logging_mixin.py:188} INFO - [2024-08-01T12:38:09.054+0000] {dag.py:3954} INFO - Setting next_dagrun for pipeline_dag to 2024-08-01 00:00:00+00:00, run_after=2024-08-02 00:00:00+00:00
[2024-08-01T12:38:09.085+0000] {processor.py:183} INFO - Processing /opt/airflow/dags/my_dag.py took 0.558 seconds
[2024-08-01T12:38:39.334+0000] {processor.py:161} INFO - Started process (PID=100) to work on /opt/airflow/dags/my_dag.py
[2024-08-01T12:38:39.336+0000] {processor.py:830} INFO - Processing file /opt/airflow/dags/my_dag.py for tasks to queue
[2024-08-01T12:38:39.338+0000] {logging_mixin.py:188} INFO - [2024-08-01T12:38:39.337+0000] {dagbag.py:545} INFO - Filling up the DagBag from /opt/airflow/dags/my_dag.py
[2024-08-01T12:38:39.840+0000] {processor.py:840} INFO - DAG(s) 'pipeline_dag' retrieved from /opt/airflow/dags/my_dag.py
[2024-08-01T12:38:39.863+0000] {logging_mixin.py:188} INFO - [2024-08-01T12:38:39.863+0000] {dag.py:3096} INFO - Sync 1 DAGs
[2024-08-01T12:38:39.877+0000] {logging_mixin.py:188} INFO - [2024-08-01T12:38:39.877+0000] {dag.py:3954} INFO - Setting next_dagrun for pipeline_dag to 2024-08-01 00:00:00+00:00, run_after=2024-08-02 00:00:00+00:00
[2024-08-01T12:38:39.910+0000] {processor.py:183} INFO - Processing /opt/airflow/dags/my_dag.py took 0.580 seconds
[2024-08-01T12:39:10.220+0000] {processor.py:161} INFO - Started process (PID=108) to work on /opt/airflow/dags/my_dag.py
[2024-08-01T12:39:10.221+0000] {processor.py:830} INFO - Processing file /opt/airflow/dags/my_dag.py for tasks to queue
[2024-08-01T12:39:10.224+0000] {logging_mixin.py:188} INFO - [2024-08-01T12:39:10.223+0000] {dagbag.py:545} INFO - Filling up the DagBag from /opt/airflow/dags/my_dag.py
[2024-08-01T12:39:10.740+0000] {processor.py:840} INFO - DAG(s) 'pipeline_dag' retrieved from /opt/airflow/dags/my_dag.py
[2024-08-01T12:39:10.762+0000] {logging_mixin.py:188} INFO - [2024-08-01T12:39:10.762+0000] {dag.py:3096} INFO - Sync 1 DAGs
[2024-08-01T12:39:10.776+0000] {logging_mixin.py:188} INFO - [2024-08-01T12:39:10.776+0000] {dag.py:3954} INFO - Setting next_dagrun for pipeline_dag to 2024-08-01 00:00:00+00:00, run_after=2024-08-02 00:00:00+00:00
[2024-08-01T12:39:10.798+0000] {processor.py:183} INFO - Processing /opt/airflow/dags/my_dag.py took 0.584 seconds
[2024-08-01T12:39:41.029+0000] {processor.py:161} INFO - Started process (PID=116) to work on /opt/airflow/dags/my_dag.py
[2024-08-01T12:39:41.030+0000] {processor.py:830} INFO - Processing file /opt/airflow/dags/my_dag.py for tasks to queue
[2024-08-01T12:39:41.032+0000] {logging_mixin.py:188} INFO - [2024-08-01T12:39:41.032+0000] {dagbag.py:545} INFO - Filling up the DagBag from /opt/airflow/dags/my_dag.py
[2024-08-01T12:39:41.446+0000] {processor.py:840} INFO - DAG(s) 'pipeline_dag' retrieved from /opt/airflow/dags/my_dag.py
[2024-08-01T12:39:41.472+0000] {logging_mixin.py:188} INFO - [2024-08-01T12:39:41.471+0000] {dag.py:3096} INFO - Sync 1 DAGs
[2024-08-01T12:39:41.491+0000] {logging_mixin.py:188} INFO - [2024-08-01T12:39:41.491+0000] {dag.py:3954} INFO - Setting next_dagrun for pipeline_dag to 2024-08-01 00:00:00+00:00, run_after=2024-08-02 00:00:00+00:00
[2024-08-01T12:39:41.517+0000] {processor.py:183} INFO - Processing /opt/airflow/dags/my_dag.py took 0.494 seconds
[2024-08-01T12:40:11.839+0000] {processor.py:161} INFO - Started process (PID=124) to work on /opt/airflow/dags/my_dag.py
[2024-08-01T12:40:11.840+0000] {processor.py:830} INFO - Processing file /opt/airflow/dags/my_dag.py for tasks to queue
[2024-08-01T12:40:11.842+0000] {logging_mixin.py:188} INFO - [2024-08-01T12:40:11.842+0000] {dagbag.py:545} INFO - Filling up the DagBag from /opt/airflow/dags/my_dag.py
[2024-08-01T12:40:12.324+0000] {processor.py:840} INFO - DAG(s) 'pipeline_dag' retrieved from /opt/airflow/dags/my_dag.py
[2024-08-01T12:40:12.343+0000] {logging_mixin.py:188} INFO - [2024-08-01T12:40:12.342+0000] {dag.py:3096} INFO - Sync 1 DAGs
[2024-08-01T12:40:12.357+0000] {logging_mixin.py:188} INFO - [2024-08-01T12:40:12.357+0000] {dag.py:3954} INFO - Setting next_dagrun for pipeline_dag to 2024-08-01 00:00:00+00:00, run_after=2024-08-02 00:00:00+00:00
[2024-08-01T12:40:12.403+0000] {processor.py:183} INFO - Processing /opt/airflow/dags/my_dag.py took 0.569 seconds
[2024-08-01T12:40:42.506+0000] {processor.py:161} INFO - Started process (PID=140) to work on /opt/airflow/dags/my_dag.py
[2024-08-01T12:40:42.508+0000] {processor.py:830} INFO - Processing file /opt/airflow/dags/my_dag.py for tasks to queue
[2024-08-01T12:40:42.510+0000] {logging_mixin.py:188} INFO - [2024-08-01T12:40:42.509+0000] {dagbag.py:545} INFO - Filling up the DagBag from /opt/airflow/dags/my_dag.py
[2024-08-01T12:40:42.992+0000] {processor.py:840} INFO - DAG(s) 'pipeline_dag' retrieved from /opt/airflow/dags/my_dag.py
[2024-08-01T12:40:43.017+0000] {logging_mixin.py:188} INFO - [2024-08-01T12:40:43.017+0000] {dag.py:3096} INFO - Sync 1 DAGs
[2024-08-01T12:40:43.034+0000] {logging_mixin.py:188} INFO - [2024-08-01T12:40:43.034+0000] {dag.py:3954} INFO - Setting next_dagrun for pipeline_dag to 2024-08-01 00:00:00+00:00, run_after=2024-08-02 00:00:00+00:00
[2024-08-01T12:40:43.057+0000] {processor.py:183} INFO - Processing /opt/airflow/dags/my_dag.py took 0.556 seconds
[2024-08-01T12:41:13.301+0000] {processor.py:161} INFO - Started process (PID=148) to work on /opt/airflow/dags/my_dag.py
[2024-08-01T12:41:13.303+0000] {processor.py:830} INFO - Processing file /opt/airflow/dags/my_dag.py for tasks to queue
[2024-08-01T12:41:13.304+0000] {logging_mixin.py:188} INFO - [2024-08-01T12:41:13.304+0000] {dagbag.py:545} INFO - Filling up the DagBag from /opt/airflow/dags/my_dag.py
[2024-08-01T12:41:13.798+0000] {processor.py:840} INFO - DAG(s) 'pipeline_dag' retrieved from /opt/airflow/dags/my_dag.py
[2024-08-01T12:41:13.818+0000] {logging_mixin.py:188} INFO - [2024-08-01T12:41:13.818+0000] {dag.py:3096} INFO - Sync 1 DAGs
[2024-08-01T12:41:13.834+0000] {logging_mixin.py:188} INFO - [2024-08-01T12:41:13.834+0000] {dag.py:3954} INFO - Setting next_dagrun for pipeline_dag to 2024-08-01 00:00:00+00:00, run_after=2024-08-02 00:00:00+00:00
[2024-08-01T12:41:13.870+0000] {processor.py:183} INFO - Processing /opt/airflow/dags/my_dag.py took 0.573 seconds
[2024-08-01T12:41:44.070+0000] {processor.py:161} INFO - Started process (PID=156) to work on /opt/airflow/dags/my_dag.py
[2024-08-01T12:41:44.071+0000] {processor.py:830} INFO - Processing file /opt/airflow/dags/my_dag.py for tasks to queue
[2024-08-01T12:41:44.073+0000] {logging_mixin.py:188} INFO - [2024-08-01T12:41:44.073+0000] {dagbag.py:545} INFO - Filling up the DagBag from /opt/airflow/dags/my_dag.py
[2024-08-01T12:41:44.536+0000] {processor.py:840} INFO - DAG(s) 'pipeline_dag' retrieved from /opt/airflow/dags/my_dag.py
[2024-08-01T12:41:44.559+0000] {logging_mixin.py:188} INFO - [2024-08-01T12:41:44.558+0000] {dag.py:3096} INFO - Sync 1 DAGs
[2024-08-01T12:41:44.576+0000] {logging_mixin.py:188} INFO - [2024-08-01T12:41:44.576+0000] {dag.py:3954} INFO - Setting next_dagrun for pipeline_dag to 2024-08-01 00:00:00+00:00, run_after=2024-08-02 00:00:00+00:00
[2024-08-01T12:41:44.597+0000] {processor.py:183} INFO - Processing /opt/airflow/dags/my_dag.py took 0.534 seconds
[2024-08-01T12:42:14.851+0000] {processor.py:161} INFO - Started process (PID=164) to work on /opt/airflow/dags/my_dag.py
[2024-08-01T12:42:14.852+0000] {processor.py:830} INFO - Processing file /opt/airflow/dags/my_dag.py for tasks to queue
[2024-08-01T12:42:14.854+0000] {logging_mixin.py:188} INFO - [2024-08-01T12:42:14.854+0000] {dagbag.py:545} INFO - Filling up the DagBag from /opt/airflow/dags/my_dag.py
[2024-08-01T12:42:15.330+0000] {processor.py:840} INFO - DAG(s) 'pipeline_dag' retrieved from /opt/airflow/dags/my_dag.py
[2024-08-01T12:42:15.355+0000] {logging_mixin.py:188} INFO - [2024-08-01T12:42:15.354+0000] {dag.py:3096} INFO - Sync 1 DAGs
[2024-08-01T12:42:15.373+0000] {logging_mixin.py:188} INFO - [2024-08-01T12:42:15.373+0000] {dag.py:3954} INFO - Setting next_dagrun for pipeline_dag to 2024-08-01 00:00:00+00:00, run_after=2024-08-02 00:00:00+00:00
[2024-08-01T12:42:15.394+0000] {processor.py:183} INFO - Processing /opt/airflow/dags/my_dag.py took 0.548 seconds
[2024-08-01T12:42:45.579+0000] {processor.py:161} INFO - Started process (PID=172) to work on /opt/airflow/dags/my_dag.py
[2024-08-01T12:42:45.581+0000] {processor.py:830} INFO - Processing file /opt/airflow/dags/my_dag.py for tasks to queue
[2024-08-01T12:42:45.583+0000] {logging_mixin.py:188} INFO - [2024-08-01T12:42:45.583+0000] {dagbag.py:545} INFO - Filling up the DagBag from /opt/airflow/dags/my_dag.py
[2024-08-01T12:42:46.121+0000] {processor.py:840} INFO - DAG(s) 'pipeline_dag' retrieved from /opt/airflow/dags/my_dag.py
[2024-08-01T12:42:46.143+0000] {logging_mixin.py:188} INFO - [2024-08-01T12:42:46.142+0000] {dag.py:3096} INFO - Sync 1 DAGs
[2024-08-01T12:42:46.158+0000] {logging_mixin.py:188} INFO - [2024-08-01T12:42:46.158+0000] {dag.py:3954} INFO - Setting next_dagrun for pipeline_dag to 2024-08-01 00:00:00+00:00, run_after=2024-08-02 00:00:00+00:00
[2024-08-01T12:42:46.178+0000] {processor.py:183} INFO - Processing /opt/airflow/dags/my_dag.py took 0.604 seconds
[2024-08-01T12:43:16.437+0000] {processor.py:161} INFO - Started process (PID=180) to work on /opt/airflow/dags/my_dag.py
[2024-08-01T12:43:16.439+0000] {processor.py:830} INFO - Processing file /opt/airflow/dags/my_dag.py for tasks to queue
[2024-08-01T12:43:16.441+0000] {logging_mixin.py:188} INFO - [2024-08-01T12:43:16.440+0000] {dagbag.py:545} INFO - Filling up the DagBag from /opt/airflow/dags/my_dag.py
[2024-08-01T12:43:16.945+0000] {processor.py:840} INFO - DAG(s) 'pipeline_dag' retrieved from /opt/airflow/dags/my_dag.py
[2024-08-01T12:43:16.969+0000] {logging_mixin.py:188} INFO - [2024-08-01T12:43:16.968+0000] {dag.py:3096} INFO - Sync 1 DAGs
[2024-08-01T12:43:16.983+0000] {logging_mixin.py:188} INFO - [2024-08-01T12:43:16.983+0000] {dag.py:3954} INFO - Setting next_dagrun for pipeline_dag to 2024-08-01 00:00:00+00:00, run_after=2024-08-02 00:00:00+00:00
[2024-08-01T12:43:17.004+0000] {processor.py:183} INFO - Processing /opt/airflow/dags/my_dag.py took 0.572 seconds
[2024-08-01T12:43:47.049+0000] {processor.py:161} INFO - Started process (PID=188) to work on /opt/airflow/dags/my_dag.py
[2024-08-01T12:43:47.050+0000] {processor.py:830} INFO - Processing file /opt/airflow/dags/my_dag.py for tasks to queue
[2024-08-01T12:43:47.052+0000] {logging_mixin.py:188} INFO - [2024-08-01T12:43:47.052+0000] {dagbag.py:545} INFO - Filling up the DagBag from /opt/airflow/dags/my_dag.py
[2024-08-01T12:43:47.525+0000] {processor.py:840} INFO - DAG(s) 'pipeline_dag' retrieved from /opt/airflow/dags/my_dag.py
[2024-08-01T12:43:47.560+0000] {logging_mixin.py:188} INFO - [2024-08-01T12:43:47.560+0000] {dag.py:3096} INFO - Sync 1 DAGs
[2024-08-01T12:43:47.584+0000] {logging_mixin.py:188} INFO - [2024-08-01T12:43:47.583+0000] {dag.py:3954} INFO - Setting next_dagrun for pipeline_dag to 2024-08-01 00:00:00+00:00, run_after=2024-08-02 00:00:00+00:00
[2024-08-01T12:43:47.623+0000] {processor.py:183} INFO - Processing /opt/airflow/dags/my_dag.py took 0.578 seconds
[2024-08-01T12:44:17.872+0000] {processor.py:161} INFO - Started process (PID=196) to work on /opt/airflow/dags/my_dag.py
[2024-08-01T12:44:17.873+0000] {processor.py:830} INFO - Processing file /opt/airflow/dags/my_dag.py for tasks to queue
[2024-08-01T12:44:17.875+0000] {logging_mixin.py:188} INFO - [2024-08-01T12:44:17.875+0000] {dagbag.py:545} INFO - Filling up the DagBag from /opt/airflow/dags/my_dag.py
[2024-08-01T12:44:18.354+0000] {processor.py:840} INFO - DAG(s) 'pipeline_dag' retrieved from /opt/airflow/dags/my_dag.py
[2024-08-01T12:44:18.376+0000] {logging_mixin.py:188} INFO - [2024-08-01T12:44:18.376+0000] {dag.py:3096} INFO - Sync 1 DAGs
[2024-08-01T12:44:18.396+0000] {logging_mixin.py:188} INFO - [2024-08-01T12:44:18.396+0000] {dag.py:3954} INFO - Setting next_dagrun for pipeline_dag to 2024-08-01 00:00:00+00:00, run_after=2024-08-02 00:00:00+00:00
[2024-08-01T12:44:18.416+0000] {processor.py:183} INFO - Processing /opt/airflow/dags/my_dag.py took 0.548 seconds
[2024-08-01T12:44:48.782+0000] {processor.py:161} INFO - Started process (PID=204) to work on /opt/airflow/dags/my_dag.py
[2024-08-01T12:44:48.783+0000] {processor.py:830} INFO - Processing file /opt/airflow/dags/my_dag.py for tasks to queue
[2024-08-01T12:44:48.785+0000] {logging_mixin.py:188} INFO - [2024-08-01T12:44:48.785+0000] {dagbag.py:545} INFO - Filling up the DagBag from /opt/airflow/dags/my_dag.py
[2024-08-01T12:44:49.215+0000] {processor.py:840} INFO - DAG(s) 'pipeline_dag' retrieved from /opt/airflow/dags/my_dag.py
[2024-08-01T12:44:49.238+0000] {logging_mixin.py:188} INFO - [2024-08-01T12:44:49.237+0000] {dag.py:3096} INFO - Sync 1 DAGs
[2024-08-01T12:44:49.253+0000] {logging_mixin.py:188} INFO - [2024-08-01T12:44:49.252+0000] {dag.py:3954} INFO - Setting next_dagrun for pipeline_dag to 2024-08-01 00:00:00+00:00, run_after=2024-08-02 00:00:00+00:00
[2024-08-01T12:44:49.286+0000] {processor.py:183} INFO - Processing /opt/airflow/dags/my_dag.py took 0.509 seconds
[2024-08-01T12:45:19.550+0000] {processor.py:161} INFO - Started process (PID=212) to work on /opt/airflow/dags/my_dag.py
[2024-08-01T12:45:19.551+0000] {processor.py:830} INFO - Processing file /opt/airflow/dags/my_dag.py for tasks to queue
[2024-08-01T12:45:19.553+0000] {logging_mixin.py:188} INFO - [2024-08-01T12:45:19.553+0000] {dagbag.py:545} INFO - Filling up the DagBag from /opt/airflow/dags/my_dag.py
[2024-08-01T12:45:19.990+0000] {processor.py:840} INFO - DAG(s) 'pipeline_dag' retrieved from /opt/airflow/dags/my_dag.py
[2024-08-01T12:45:20.012+0000] {logging_mixin.py:188} INFO - [2024-08-01T12:45:20.012+0000] {dag.py:3096} INFO - Sync 1 DAGs
[2024-08-01T12:45:20.030+0000] {logging_mixin.py:188} INFO - [2024-08-01T12:45:20.030+0000] {dag.py:3954} INFO - Setting next_dagrun for pipeline_dag to 2024-08-01 00:00:00+00:00, run_after=2024-08-02 00:00:00+00:00
[2024-08-01T12:45:20.051+0000] {processor.py:183} INFO - Processing /opt/airflow/dags/my_dag.py took 0.509 seconds
[2024-08-01T12:45:50.260+0000] {processor.py:161} INFO - Started process (PID=220) to work on /opt/airflow/dags/my_dag.py
[2024-08-01T12:45:50.261+0000] {processor.py:830} INFO - Processing file /opt/airflow/dags/my_dag.py for tasks to queue
[2024-08-01T12:45:50.263+0000] {logging_mixin.py:188} INFO - [2024-08-01T12:45:50.263+0000] {dagbag.py:545} INFO - Filling up the DagBag from /opt/airflow/dags/my_dag.py
[2024-08-01T12:45:50.745+0000] {processor.py:840} INFO - DAG(s) 'pipeline_dag' retrieved from /opt/airflow/dags/my_dag.py
[2024-08-01T12:45:50.767+0000] {logging_mixin.py:188} INFO - [2024-08-01T12:45:50.767+0000] {dag.py:3096} INFO - Sync 1 DAGs
[2024-08-01T12:45:50.787+0000] {logging_mixin.py:188} INFO - [2024-08-01T12:45:50.787+0000] {dag.py:3954} INFO - Setting next_dagrun for pipeline_dag to 2024-08-01 00:00:00+00:00, run_after=2024-08-02 00:00:00+00:00
[2024-08-01T12:45:50.807+0000] {processor.py:183} INFO - Processing /opt/airflow/dags/my_dag.py took 0.552 seconds
[2024-08-01T12:46:21.067+0000] {processor.py:161} INFO - Started process (PID=228) to work on /opt/airflow/dags/my_dag.py
[2024-08-01T12:46:21.068+0000] {processor.py:830} INFO - Processing file /opt/airflow/dags/my_dag.py for tasks to queue
[2024-08-01T12:46:21.070+0000] {logging_mixin.py:188} INFO - [2024-08-01T12:46:21.070+0000] {dagbag.py:545} INFO - Filling up the DagBag from /opt/airflow/dags/my_dag.py
[2024-08-01T12:46:21.526+0000] {processor.py:840} INFO - DAG(s) 'pipeline_dag' retrieved from /opt/airflow/dags/my_dag.py
[2024-08-01T12:46:21.549+0000] {logging_mixin.py:188} INFO - [2024-08-01T12:46:21.549+0000] {dag.py:3096} INFO - Sync 1 DAGs
[2024-08-01T12:46:21.565+0000] {logging_mixin.py:188} INFO - [2024-08-01T12:46:21.565+0000] {dag.py:3954} INFO - Setting next_dagrun for pipeline_dag to 2024-08-01 00:00:00+00:00, run_after=2024-08-02 00:00:00+00:00
[2024-08-01T12:46:21.600+0000] {processor.py:183} INFO - Processing /opt/airflow/dags/my_dag.py took 0.538 seconds
[2024-08-01T12:46:51.714+0000] {processor.py:161} INFO - Started process (PID=236) to work on /opt/airflow/dags/my_dag.py
[2024-08-01T12:46:51.716+0000] {processor.py:830} INFO - Processing file /opt/airflow/dags/my_dag.py for tasks to queue
[2024-08-01T12:46:51.718+0000] {logging_mixin.py:188} INFO - [2024-08-01T12:46:51.718+0000] {dagbag.py:545} INFO - Filling up the DagBag from /opt/airflow/dags/my_dag.py
[2024-08-01T12:46:52.155+0000] {processor.py:840} INFO - DAG(s) 'pipeline_dag' retrieved from /opt/airflow/dags/my_dag.py
[2024-08-01T12:46:52.181+0000] {logging_mixin.py:188} INFO - [2024-08-01T12:46:52.181+0000] {dag.py:3096} INFO - Sync 1 DAGs
[2024-08-01T12:46:52.196+0000] {logging_mixin.py:188} INFO - [2024-08-01T12:46:52.196+0000] {dag.py:3954} INFO - Setting next_dagrun for pipeline_dag to 2024-08-01 00:00:00+00:00, run_after=2024-08-02 00:00:00+00:00
[2024-08-01T12:46:52.223+0000] {processor.py:183} INFO - Processing /opt/airflow/dags/my_dag.py took 0.516 seconds
[2024-08-01T12:47:22.495+0000] {processor.py:161} INFO - Started process (PID=244) to work on /opt/airflow/dags/my_dag.py
[2024-08-01T12:47:22.497+0000] {processor.py:830} INFO - Processing file /opt/airflow/dags/my_dag.py for tasks to queue
[2024-08-01T12:47:22.500+0000] {logging_mixin.py:188} INFO - [2024-08-01T12:47:22.499+0000] {dagbag.py:545} INFO - Filling up the DagBag from /opt/airflow/dags/my_dag.py
[2024-08-01T12:47:22.946+0000] {processor.py:840} INFO - DAG(s) 'pipeline_dag' retrieved from /opt/airflow/dags/my_dag.py
[2024-08-01T12:47:22.969+0000] {logging_mixin.py:188} INFO - [2024-08-01T12:47:22.969+0000] {dag.py:3096} INFO - Sync 1 DAGs
[2024-08-01T12:47:22.983+0000] {logging_mixin.py:188} INFO - [2024-08-01T12:47:22.983+0000] {dag.py:3954} INFO - Setting next_dagrun for pipeline_dag to 2024-08-01 00:00:00+00:00, run_after=2024-08-02 00:00:00+00:00
[2024-08-01T12:47:23.004+0000] {processor.py:183} INFO - Processing /opt/airflow/dags/my_dag.py took 0.514 seconds
[2024-08-01T12:47:53.330+0000] {processor.py:161} INFO - Started process (PID=252) to work on /opt/airflow/dags/my_dag.py
[2024-08-01T12:47:53.331+0000] {processor.py:830} INFO - Processing file /opt/airflow/dags/my_dag.py for tasks to queue
[2024-08-01T12:47:53.334+0000] {logging_mixin.py:188} INFO - [2024-08-01T12:47:53.333+0000] {dagbag.py:545} INFO - Filling up the DagBag from /opt/airflow/dags/my_dag.py
[2024-08-01T12:47:53.801+0000] {processor.py:840} INFO - DAG(s) 'pipeline_dag' retrieved from /opt/airflow/dags/my_dag.py
[2024-08-01T12:47:53.824+0000] {logging_mixin.py:188} INFO - [2024-08-01T12:47:53.824+0000] {dag.py:3096} INFO - Sync 1 DAGs
[2024-08-01T12:47:53.841+0000] {logging_mixin.py:188} INFO - [2024-08-01T12:47:53.841+0000] {dag.py:3954} INFO - Setting next_dagrun for pipeline_dag to 2024-08-01 00:00:00+00:00, run_after=2024-08-02 00:00:00+00:00
[2024-08-01T12:47:53.865+0000] {processor.py:183} INFO - Processing /opt/airflow/dags/my_dag.py took 0.541 seconds
[2024-08-01T12:48:11.046+0000] {processor.py:161} INFO - Started process (PID=260) to work on /opt/airflow/dags/my_dag.py
[2024-08-01T12:48:11.048+0000] {processor.py:830} INFO - Processing file /opt/airflow/dags/my_dag.py for tasks to queue
[2024-08-01T12:48:11.050+0000] {logging_mixin.py:188} INFO - [2024-08-01T12:48:11.049+0000] {dagbag.py:545} INFO - Filling up the DagBag from /opt/airflow/dags/my_dag.py
[2024-08-01T12:48:11.516+0000] {processor.py:840} INFO - DAG(s) 'pipeline_dag' retrieved from /opt/airflow/dags/my_dag.py
[2024-08-01T12:48:11.535+0000] {logging_mixin.py:188} INFO - [2024-08-01T12:48:11.535+0000] {dag.py:3096} INFO - Sync 1 DAGs
[2024-08-01T12:48:11.552+0000] {logging_mixin.py:188} INFO - [2024-08-01T12:48:11.552+0000] {dag.py:3954} INFO - Setting next_dagrun for pipeline_dag to 2024-08-01 00:00:00+00:00, run_after=2024-08-02 00:00:00+00:00
[2024-08-01T12:48:11.581+0000] {processor.py:183} INFO - Processing /opt/airflow/dags/my_dag.py took 0.539 seconds
[2024-08-01T12:50:37.481+0000] {processor.py:161} INFO - Started process (PID=30) to work on /opt/airflow/dags/my_dag.py
[2024-08-01T12:50:37.482+0000] {processor.py:830} INFO - Processing file /opt/airflow/dags/my_dag.py for tasks to queue
[2024-08-01T12:50:37.484+0000] {logging_mixin.py:188} INFO - [2024-08-01T12:50:37.484+0000] {dagbag.py:545} INFO - Filling up the DagBag from /opt/airflow/dags/my_dag.py
[2024-08-01T12:50:37.860+0000] {processor.py:840} INFO - DAG(s) 'pipeline_dag' retrieved from /opt/airflow/dags/my_dag.py
[2024-08-01T12:50:38.153+0000] {logging_mixin.py:188} INFO - [2024-08-01T12:50:38.153+0000] {dag.py:3096} INFO - Sync 1 DAGs
[2024-08-01T12:50:38.170+0000] {logging_mixin.py:188} INFO - [2024-08-01T12:50:38.169+0000] {dag.py:3954} INFO - Setting next_dagrun for pipeline_dag to 2024-08-01 00:00:00+00:00, run_after=2024-08-02 00:00:00+00:00
[2024-08-01T12:50:38.205+0000] {processor.py:183} INFO - Processing /opt/airflow/dags/my_dag.py took 0.728 seconds
[2024-08-01T12:51:08.460+0000] {processor.py:161} INFO - Started process (PID=38) to work on /opt/airflow/dags/my_dag.py
[2024-08-01T12:51:08.461+0000] {processor.py:830} INFO - Processing file /opt/airflow/dags/my_dag.py for tasks to queue
[2024-08-01T12:51:08.464+0000] {logging_mixin.py:188} INFO - [2024-08-01T12:51:08.463+0000] {dagbag.py:545} INFO - Filling up the DagBag from /opt/airflow/dags/my_dag.py
[2024-08-01T12:51:08.984+0000] {processor.py:840} INFO - DAG(s) 'pipeline_dag' retrieved from /opt/airflow/dags/my_dag.py
[2024-08-01T12:51:09.014+0000] {logging_mixin.py:188} INFO - [2024-08-01T12:51:09.014+0000] {dag.py:3096} INFO - Sync 1 DAGs
[2024-08-01T12:51:09.034+0000] {logging_mixin.py:188} INFO - [2024-08-01T12:51:09.034+0000] {dag.py:3954} INFO - Setting next_dagrun for pipeline_dag to 2024-08-01 00:00:00+00:00, run_after=2024-08-02 00:00:00+00:00
[2024-08-01T12:51:09.071+0000] {processor.py:183} INFO - Processing /opt/airflow/dags/my_dag.py took 0.619 seconds
[2024-08-01T12:51:39.333+0000] {processor.py:161} INFO - Started process (PID=46) to work on /opt/airflow/dags/my_dag.py
[2024-08-01T12:51:39.335+0000] {processor.py:830} INFO - Processing file /opt/airflow/dags/my_dag.py for tasks to queue
[2024-08-01T12:51:39.337+0000] {logging_mixin.py:188} INFO - [2024-08-01T12:51:39.337+0000] {dagbag.py:545} INFO - Filling up the DagBag from /opt/airflow/dags/my_dag.py
[2024-08-01T12:51:39.832+0000] {processor.py:840} INFO - DAG(s) 'pipeline_dag' retrieved from /opt/airflow/dags/my_dag.py
[2024-08-01T12:51:39.852+0000] {logging_mixin.py:188} INFO - [2024-08-01T12:51:39.852+0000] {dag.py:3096} INFO - Sync 1 DAGs
[2024-08-01T12:51:39.870+0000] {logging_mixin.py:188} INFO - [2024-08-01T12:51:39.870+0000] {dag.py:3954} INFO - Setting next_dagrun for pipeline_dag to 2024-08-01 00:00:00+00:00, run_after=2024-08-02 00:00:00+00:00
[2024-08-01T12:51:39.893+0000] {processor.py:183} INFO - Processing /opt/airflow/dags/my_dag.py took 0.582 seconds
[2024-08-01T12:52:10.123+0000] {processor.py:161} INFO - Started process (PID=54) to work on /opt/airflow/dags/my_dag.py
[2024-08-01T12:52:10.124+0000] {processor.py:830} INFO - Processing file /opt/airflow/dags/my_dag.py for tasks to queue
[2024-08-01T12:52:10.126+0000] {logging_mixin.py:188} INFO - [2024-08-01T12:52:10.126+0000] {dagbag.py:545} INFO - Filling up the DagBag from /opt/airflow/dags/my_dag.py
[2024-08-01T12:52:10.749+0000] {processor.py:840} INFO - DAG(s) 'pipeline_dag' retrieved from /opt/airflow/dags/my_dag.py
[2024-08-01T12:52:10.781+0000] {logging_mixin.py:188} INFO - [2024-08-01T12:52:10.780+0000] {dag.py:3096} INFO - Sync 1 DAGs
[2024-08-01T12:52:10.803+0000] {logging_mixin.py:188} INFO - [2024-08-01T12:52:10.802+0000] {dag.py:3954} INFO - Setting next_dagrun for pipeline_dag to 2024-08-01 00:00:00+00:00, run_after=2024-08-02 00:00:00+00:00
[2024-08-01T12:52:10.824+0000] {processor.py:183} INFO - Processing /opt/airflow/dags/my_dag.py took 0.708 seconds
[2024-08-01T12:52:41.036+0000] {processor.py:161} INFO - Started process (PID=70) to work on /opt/airflow/dags/my_dag.py
[2024-08-01T12:52:41.037+0000] {processor.py:830} INFO - Processing file /opt/airflow/dags/my_dag.py for tasks to queue
[2024-08-01T12:52:41.039+0000] {logging_mixin.py:188} INFO - [2024-08-01T12:52:41.039+0000] {dagbag.py:545} INFO - Filling up the DagBag from /opt/airflow/dags/my_dag.py
[2024-08-01T12:52:41.508+0000] {processor.py:840} INFO - DAG(s) 'pipeline_dag' retrieved from /opt/airflow/dags/my_dag.py
[2024-08-01T12:52:41.533+0000] {logging_mixin.py:188} INFO - [2024-08-01T12:52:41.532+0000] {dag.py:3096} INFO - Sync 1 DAGs
[2024-08-01T12:52:41.551+0000] {logging_mixin.py:188} INFO - [2024-08-01T12:52:41.551+0000] {dag.py:3954} INFO - Setting next_dagrun for pipeline_dag to 2024-08-01 00:00:00+00:00, run_after=2024-08-02 00:00:00+00:00
[2024-08-01T12:52:41.573+0000] {processor.py:183} INFO - Processing /opt/airflow/dags/my_dag.py took 0.541 seconds
[2024-08-01T12:53:11.825+0000] {processor.py:161} INFO - Started process (PID=78) to work on /opt/airflow/dags/my_dag.py
[2024-08-01T12:53:11.827+0000] {processor.py:830} INFO - Processing file /opt/airflow/dags/my_dag.py for tasks to queue
[2024-08-01T12:53:11.829+0000] {logging_mixin.py:188} INFO - [2024-08-01T12:53:11.829+0000] {dagbag.py:545} INFO - Filling up the DagBag from /opt/airflow/dags/my_dag.py
[2024-08-01T12:53:12.529+0000] {processor.py:840} INFO - DAG(s) 'pipeline_dag' retrieved from /opt/airflow/dags/my_dag.py
[2024-08-01T12:53:12.559+0000] {logging_mixin.py:188} INFO - [2024-08-01T12:53:12.558+0000] {dag.py:3096} INFO - Sync 1 DAGs
[2024-08-01T12:53:12.580+0000] {logging_mixin.py:188} INFO - [2024-08-01T12:53:12.580+0000] {dag.py:3954} INFO - Setting next_dagrun for pipeline_dag to 2024-08-01 00:00:00+00:00, run_after=2024-08-02 00:00:00+00:00
[2024-08-01T12:53:12.609+0000] {processor.py:183} INFO - Processing /opt/airflow/dags/my_dag.py took 0.792 seconds
[2024-08-01T12:53:42.849+0000] {processor.py:161} INFO - Started process (PID=86) to work on /opt/airflow/dags/my_dag.py
[2024-08-01T12:53:42.850+0000] {processor.py:830} INFO - Processing file /opt/airflow/dags/my_dag.py for tasks to queue
[2024-08-01T12:53:42.852+0000] {logging_mixin.py:188} INFO - [2024-08-01T12:53:42.852+0000] {dagbag.py:545} INFO - Filling up the DagBag from /opt/airflow/dags/my_dag.py
[2024-08-01T12:53:43.345+0000] {processor.py:840} INFO - DAG(s) 'pipeline_dag' retrieved from /opt/airflow/dags/my_dag.py
[2024-08-01T12:53:43.370+0000] {logging_mixin.py:188} INFO - [2024-08-01T12:53:43.370+0000] {dag.py:3096} INFO - Sync 1 DAGs
[2024-08-01T12:53:43.391+0000] {logging_mixin.py:188} INFO - [2024-08-01T12:53:43.391+0000] {dag.py:3954} INFO - Setting next_dagrun for pipeline_dag to 2024-08-01 00:00:00+00:00, run_after=2024-08-02 00:00:00+00:00
[2024-08-01T12:53:43.413+0000] {processor.py:183} INFO - Processing /opt/airflow/dags/my_dag.py took 0.573 seconds
[2024-08-01T12:54:13.677+0000] {processor.py:161} INFO - Started process (PID=94) to work on /opt/airflow/dags/my_dag.py
[2024-08-01T12:54:13.678+0000] {processor.py:830} INFO - Processing file /opt/airflow/dags/my_dag.py for tasks to queue
[2024-08-01T12:54:13.680+0000] {logging_mixin.py:188} INFO - [2024-08-01T12:54:13.680+0000] {dagbag.py:545} INFO - Filling up the DagBag from /opt/airflow/dags/my_dag.py
[2024-08-01T12:54:14.479+0000] {processor.py:840} INFO - DAG(s) 'pipeline_dag' retrieved from /opt/airflow/dags/my_dag.py
[2024-08-01T12:54:14.517+0000] {logging_mixin.py:188} INFO - [2024-08-01T12:54:14.517+0000] {dag.py:3096} INFO - Sync 1 DAGs
[2024-08-01T12:54:14.543+0000] {logging_mixin.py:188} INFO - [2024-08-01T12:54:14.542+0000] {dag.py:3954} INFO - Setting next_dagrun for pipeline_dag to 2024-08-01 00:00:00+00:00, run_after=2024-08-02 00:00:00+00:00
[2024-08-01T12:54:14.572+0000] {processor.py:183} INFO - Processing /opt/airflow/dags/my_dag.py took 0.900 seconds
[2024-08-01T12:54:44.849+0000] {processor.py:161} INFO - Started process (PID=102) to work on /opt/airflow/dags/my_dag.py
[2024-08-01T12:54:44.850+0000] {processor.py:830} INFO - Processing file /opt/airflow/dags/my_dag.py for tasks to queue
[2024-08-01T12:54:44.852+0000] {logging_mixin.py:188} INFO - [2024-08-01T12:54:44.852+0000] {dagbag.py:545} INFO - Filling up the DagBag from /opt/airflow/dags/my_dag.py
[2024-08-01T12:54:45.298+0000] {processor.py:840} INFO - DAG(s) 'pipeline_dag' retrieved from /opt/airflow/dags/my_dag.py
[2024-08-01T12:54:45.320+0000] {logging_mixin.py:188} INFO - [2024-08-01T12:54:45.319+0000] {dag.py:3096} INFO - Sync 1 DAGs
[2024-08-01T12:54:45.334+0000] {logging_mixin.py:188} INFO - [2024-08-01T12:54:45.333+0000] {dag.py:3954} INFO - Setting next_dagrun for pipeline_dag to 2024-08-01 00:00:00+00:00, run_after=2024-08-02 00:00:00+00:00
[2024-08-01T12:54:45.356+0000] {processor.py:183} INFO - Processing /opt/airflow/dags/my_dag.py took 0.512 seconds
[2024-08-01T12:55:15.505+0000] {processor.py:161} INFO - Started process (PID=110) to work on /opt/airflow/dags/my_dag.py
[2024-08-01T12:55:15.506+0000] {processor.py:830} INFO - Processing file /opt/airflow/dags/my_dag.py for tasks to queue
[2024-08-01T12:55:15.508+0000] {logging_mixin.py:188} INFO - [2024-08-01T12:55:15.508+0000] {dagbag.py:545} INFO - Filling up the DagBag from /opt/airflow/dags/my_dag.py
[2024-08-01T12:55:15.945+0000] {processor.py:840} INFO - DAG(s) 'pipeline_dag' retrieved from /opt/airflow/dags/my_dag.py
[2024-08-01T12:55:15.968+0000] {logging_mixin.py:188} INFO - [2024-08-01T12:55:15.967+0000] {dag.py:3096} INFO - Sync 1 DAGs
[2024-08-01T12:55:15.987+0000] {logging_mixin.py:188} INFO - [2024-08-01T12:55:15.987+0000] {dag.py:3954} INFO - Setting next_dagrun for pipeline_dag to 2024-08-01 00:00:00+00:00, run_after=2024-08-02 00:00:00+00:00
[2024-08-01T12:55:16.012+0000] {processor.py:183} INFO - Processing /opt/airflow/dags/my_dag.py took 0.512 seconds
[2024-08-01T12:55:46.236+0000] {processor.py:161} INFO - Started process (PID=118) to work on /opt/airflow/dags/my_dag.py
[2024-08-01T12:55:46.237+0000] {processor.py:830} INFO - Processing file /opt/airflow/dags/my_dag.py for tasks to queue
[2024-08-01T12:55:46.240+0000] {logging_mixin.py:188} INFO - [2024-08-01T12:55:46.240+0000] {dagbag.py:545} INFO - Filling up the DagBag from /opt/airflow/dags/my_dag.py
[2024-08-01T12:55:46.729+0000] {processor.py:840} INFO - DAG(s) 'pipeline_dag' retrieved from /opt/airflow/dags/my_dag.py
[2024-08-01T12:55:46.753+0000] {logging_mixin.py:188} INFO - [2024-08-01T12:55:46.752+0000] {dag.py:3096} INFO - Sync 1 DAGs
[2024-08-01T12:55:46.770+0000] {logging_mixin.py:188} INFO - [2024-08-01T12:55:46.770+0000] {dag.py:3954} INFO - Setting next_dagrun for pipeline_dag to 2024-08-01 00:00:00+00:00, run_after=2024-08-02 00:00:00+00:00
[2024-08-01T12:55:46.790+0000] {processor.py:183} INFO - Processing /opt/airflow/dags/my_dag.py took 0.562 seconds
[2024-08-01T12:56:17.031+0000] {processor.py:161} INFO - Started process (PID=126) to work on /opt/airflow/dags/my_dag.py
[2024-08-01T12:56:17.033+0000] {processor.py:830} INFO - Processing file /opt/airflow/dags/my_dag.py for tasks to queue
[2024-08-01T12:56:17.035+0000] {logging_mixin.py:188} INFO - [2024-08-01T12:56:17.034+0000] {dagbag.py:545} INFO - Filling up the DagBag from /opt/airflow/dags/my_dag.py
[2024-08-01T12:56:17.645+0000] {processor.py:840} INFO - DAG(s) 'pipeline_dag' retrieved from /opt/airflow/dags/my_dag.py
[2024-08-01T12:56:17.679+0000] {logging_mixin.py:188} INFO - [2024-08-01T12:56:17.679+0000] {dag.py:3096} INFO - Sync 1 DAGs
[2024-08-01T12:56:17.708+0000] {logging_mixin.py:188} INFO - [2024-08-01T12:56:17.708+0000] {dag.py:3954} INFO - Setting next_dagrun for pipeline_dag to 2024-08-01 00:00:00+00:00, run_after=2024-08-02 00:00:00+00:00
[2024-08-01T12:56:17.733+0000] {processor.py:183} INFO - Processing /opt/airflow/dags/my_dag.py took 0.709 seconds
[2024-08-01T12:56:47.991+0000] {processor.py:161} INFO - Started process (PID=134) to work on /opt/airflow/dags/my_dag.py
[2024-08-01T12:56:47.992+0000] {processor.py:830} INFO - Processing file /opt/airflow/dags/my_dag.py for tasks to queue
[2024-08-01T12:56:47.993+0000] {logging_mixin.py:188} INFO - [2024-08-01T12:56:47.993+0000] {dagbag.py:545} INFO - Filling up the DagBag from /opt/airflow/dags/my_dag.py
[2024-08-01T12:56:48.439+0000] {processor.py:840} INFO - DAG(s) 'pipeline_dag' retrieved from /opt/airflow/dags/my_dag.py
[2024-08-01T12:56:48.463+0000] {logging_mixin.py:188} INFO - [2024-08-01T12:56:48.462+0000] {dag.py:3096} INFO - Sync 1 DAGs
[2024-08-01T12:56:48.478+0000] {logging_mixin.py:188} INFO - [2024-08-01T12:56:48.478+0000] {dag.py:3954} INFO - Setting next_dagrun for pipeline_dag to 2024-08-01 00:00:00+00:00, run_after=2024-08-02 00:00:00+00:00
[2024-08-01T12:56:48.513+0000] {processor.py:183} INFO - Processing /opt/airflow/dags/my_dag.py took 0.527 seconds
[2024-08-01T12:57:18.798+0000] {processor.py:161} INFO - Started process (PID=142) to work on /opt/airflow/dags/my_dag.py
[2024-08-01T12:57:18.799+0000] {processor.py:830} INFO - Processing file /opt/airflow/dags/my_dag.py for tasks to queue
[2024-08-01T12:57:18.801+0000] {logging_mixin.py:188} INFO - [2024-08-01T12:57:18.801+0000] {dagbag.py:545} INFO - Filling up the DagBag from /opt/airflow/dags/my_dag.py
[2024-08-01T12:57:19.275+0000] {processor.py:840} INFO - DAG(s) 'pipeline_dag' retrieved from /opt/airflow/dags/my_dag.py
[2024-08-01T12:57:19.301+0000] {logging_mixin.py:188} INFO - [2024-08-01T12:57:19.301+0000] {dag.py:3096} INFO - Sync 1 DAGs
[2024-08-01T12:57:19.320+0000] {logging_mixin.py:188} INFO - [2024-08-01T12:57:19.320+0000] {dag.py:3954} INFO - Setting next_dagrun for pipeline_dag to 2024-08-01 00:00:00+00:00, run_after=2024-08-02 00:00:00+00:00
[2024-08-01T12:57:19.347+0000] {processor.py:183} INFO - Processing /opt/airflow/dags/my_dag.py took 0.554 seconds
[2024-08-01T12:57:49.429+0000] {processor.py:161} INFO - Started process (PID=150) to work on /opt/airflow/dags/my_dag.py
[2024-08-01T12:57:49.431+0000] {processor.py:830} INFO - Processing file /opt/airflow/dags/my_dag.py for tasks to queue
[2024-08-01T12:57:49.433+0000] {logging_mixin.py:188} INFO - [2024-08-01T12:57:49.433+0000] {dagbag.py:545} INFO - Filling up the DagBag from /opt/airflow/dags/my_dag.py
[2024-08-01T12:57:49.889+0000] {processor.py:840} INFO - DAG(s) 'pipeline_dag' retrieved from /opt/airflow/dags/my_dag.py
[2024-08-01T12:57:49.908+0000] {logging_mixin.py:188} INFO - [2024-08-01T12:57:49.908+0000] {dag.py:3096} INFO - Sync 1 DAGs
[2024-08-01T12:57:49.922+0000] {logging_mixin.py:188} INFO - [2024-08-01T12:57:49.922+0000] {dag.py:3954} INFO - Setting next_dagrun for pipeline_dag to 2024-08-01 00:00:00+00:00, run_after=2024-08-02 00:00:00+00:00
[2024-08-01T12:57:49.948+0000] {processor.py:183} INFO - Processing /opt/airflow/dags/my_dag.py took 0.523 seconds
[2024-08-01T12:58:20.206+0000] {processor.py:161} INFO - Started process (PID=158) to work on /opt/airflow/dags/my_dag.py
[2024-08-01T12:58:20.208+0000] {processor.py:830} INFO - Processing file /opt/airflow/dags/my_dag.py for tasks to queue
[2024-08-01T12:58:20.210+0000] {logging_mixin.py:188} INFO - [2024-08-01T12:58:20.209+0000] {dagbag.py:545} INFO - Filling up the DagBag from /opt/airflow/dags/my_dag.py
[2024-08-01T12:58:20.624+0000] {processor.py:840} INFO - DAG(s) 'pipeline_dag' retrieved from /opt/airflow/dags/my_dag.py
[2024-08-01T12:58:20.644+0000] {logging_mixin.py:188} INFO - [2024-08-01T12:58:20.644+0000] {dag.py:3096} INFO - Sync 1 DAGs
[2024-08-01T12:58:20.663+0000] {logging_mixin.py:188} INFO - [2024-08-01T12:58:20.663+0000] {dag.py:3954} INFO - Setting next_dagrun for pipeline_dag to 2024-08-01 00:00:00+00:00, run_after=2024-08-02 00:00:00+00:00
[2024-08-01T12:58:20.686+0000] {processor.py:183} INFO - Processing /opt/airflow/dags/my_dag.py took 0.486 seconds
[2024-08-01T13:08:51.117+0000] {processor.py:161} INFO - Started process (PID=30) to work on /opt/airflow/dags/my_dag.py
[2024-08-01T13:08:51.118+0000] {processor.py:830} INFO - Processing file /opt/airflow/dags/my_dag.py for tasks to queue
[2024-08-01T13:08:51.120+0000] {logging_mixin.py:188} INFO - [2024-08-01T13:08:51.120+0000] {dagbag.py:545} INFO - Filling up the DagBag from /opt/airflow/dags/my_dag.py
[2024-08-01T13:08:52.779+0000] {processor.py:840} INFO - DAG(s) 'pipeline_dag' retrieved from /opt/airflow/dags/my_dag.py
[2024-08-01T13:08:53.216+0000] {logging_mixin.py:188} INFO - [2024-08-01T13:08:53.216+0000] {dag.py:3096} INFO - Sync 1 DAGs
[2024-08-01T13:08:53.231+0000] {logging_mixin.py:188} INFO - [2024-08-01T13:08:53.231+0000] {dag.py:3954} INFO - Setting next_dagrun for pipeline_dag to 2024-08-01 00:00:00+00:00, run_after=2024-08-02 00:00:00+00:00
[2024-08-01T13:08:53.253+0000] {processor.py:183} INFO - Processing /opt/airflow/dags/my_dag.py took 2.143 seconds
[2024-08-01T13:09:23.384+0000] {processor.py:161} INFO - Started process (PID=39) to work on /opt/airflow/dags/my_dag.py
[2024-08-01T13:09:23.385+0000] {processor.py:830} INFO - Processing file /opt/airflow/dags/my_dag.py for tasks to queue
[2024-08-01T13:09:23.388+0000] {logging_mixin.py:188} INFO - [2024-08-01T13:09:23.388+0000] {dagbag.py:545} INFO - Filling up the DagBag from /opt/airflow/dags/my_dag.py
[2024-08-01T13:09:23.802+0000] {processor.py:840} INFO - DAG(s) 'pipeline_dag' retrieved from /opt/airflow/dags/my_dag.py
[2024-08-01T13:09:23.959+0000] {logging_mixin.py:188} INFO - [2024-08-01T13:09:23.959+0000] {dag.py:3096} INFO - Sync 1 DAGs
[2024-08-01T13:09:23.981+0000] {logging_mixin.py:188} INFO - [2024-08-01T13:09:23.980+0000] {dag.py:3954} INFO - Setting next_dagrun for pipeline_dag to 2024-08-01 00:00:00+00:00, run_after=2024-08-02 00:00:00+00:00
[2024-08-01T13:09:24.011+0000] {processor.py:183} INFO - Processing /opt/airflow/dags/my_dag.py took 0.633 seconds
[2024-08-01T13:09:54.264+0000] {processor.py:161} INFO - Started process (PID=55) to work on /opt/airflow/dags/my_dag.py
[2024-08-01T13:09:54.265+0000] {processor.py:830} INFO - Processing file /opt/airflow/dags/my_dag.py for tasks to queue
[2024-08-01T13:09:54.268+0000] {logging_mixin.py:188} INFO - [2024-08-01T13:09:54.267+0000] {dagbag.py:545} INFO - Filling up the DagBag from /opt/airflow/dags/my_dag.py
[2024-08-01T13:09:54.647+0000] {processor.py:840} INFO - DAG(s) 'pipeline_dag' retrieved from /opt/airflow/dags/my_dag.py
[2024-08-01T13:09:54.789+0000] {logging_mixin.py:188} INFO - [2024-08-01T13:09:54.788+0000] {dag.py:3096} INFO - Sync 1 DAGs
[2024-08-01T13:09:54.805+0000] {logging_mixin.py:188} INFO - [2024-08-01T13:09:54.805+0000] {dag.py:3954} INFO - Setting next_dagrun for pipeline_dag to 2024-08-01 00:00:00+00:00, run_after=2024-08-02 00:00:00+00:00
[2024-08-01T13:09:54.827+0000] {processor.py:183} INFO - Processing /opt/airflow/dags/my_dag.py took 0.568 seconds
[2024-08-01T13:10:25.033+0000] {processor.py:161} INFO - Started process (PID=63) to work on /opt/airflow/dags/my_dag.py
[2024-08-01T13:10:25.034+0000] {processor.py:830} INFO - Processing file /opt/airflow/dags/my_dag.py for tasks to queue
[2024-08-01T13:10:25.036+0000] {logging_mixin.py:188} INFO - [2024-08-01T13:10:25.036+0000] {dagbag.py:545} INFO - Filling up the DagBag from /opt/airflow/dags/my_dag.py
[2024-08-01T13:10:25.473+0000] {processor.py:840} INFO - DAG(s) 'pipeline_dag' retrieved from /opt/airflow/dags/my_dag.py
[2024-08-01T13:10:25.493+0000] {logging_mixin.py:188} INFO - [2024-08-01T13:10:25.493+0000] {dag.py:3096} INFO - Sync 1 DAGs
[2024-08-01T13:10:25.508+0000] {logging_mixin.py:188} INFO - [2024-08-01T13:10:25.508+0000] {dag.py:3954} INFO - Setting next_dagrun for pipeline_dag to 2024-08-01 00:00:00+00:00, run_after=2024-08-02 00:00:00+00:00
[2024-08-01T13:10:25.533+0000] {processor.py:183} INFO - Processing /opt/airflow/dags/my_dag.py took 0.507 seconds
[2024-08-01T13:10:55.775+0000] {processor.py:161} INFO - Started process (PID=71) to work on /opt/airflow/dags/my_dag.py
[2024-08-01T13:10:55.776+0000] {processor.py:830} INFO - Processing file /opt/airflow/dags/my_dag.py for tasks to queue
[2024-08-01T13:10:55.779+0000] {logging_mixin.py:188} INFO - [2024-08-01T13:10:55.779+0000] {dagbag.py:545} INFO - Filling up the DagBag from /opt/airflow/dags/my_dag.py
[2024-08-01T13:10:56.270+0000] {processor.py:840} INFO - DAG(s) 'pipeline_dag' retrieved from /opt/airflow/dags/my_dag.py
[2024-08-01T13:10:56.291+0000] {logging_mixin.py:188} INFO - [2024-08-01T13:10:56.290+0000] {dag.py:3096} INFO - Sync 1 DAGs
[2024-08-01T13:10:56.309+0000] {logging_mixin.py:188} INFO - [2024-08-01T13:10:56.309+0000] {dag.py:3954} INFO - Setting next_dagrun for pipeline_dag to 2024-08-01 00:00:00+00:00, run_after=2024-08-02 00:00:00+00:00
[2024-08-01T13:10:56.343+0000] {processor.py:183} INFO - Processing /opt/airflow/dags/my_dag.py took 0.574 seconds
[2024-08-01T13:11:26.517+0000] {processor.py:161} INFO - Started process (PID=79) to work on /opt/airflow/dags/my_dag.py
[2024-08-01T13:11:26.518+0000] {processor.py:830} INFO - Processing file /opt/airflow/dags/my_dag.py for tasks to queue
[2024-08-01T13:11:26.520+0000] {logging_mixin.py:188} INFO - [2024-08-01T13:11:26.520+0000] {dagbag.py:545} INFO - Filling up the DagBag from /opt/airflow/dags/my_dag.py
[2024-08-01T13:11:26.864+0000] {processor.py:840} INFO - DAG(s) 'pipeline_dag' retrieved from /opt/airflow/dags/my_dag.py
[2024-08-01T13:11:27.008+0000] {logging_mixin.py:188} INFO - [2024-08-01T13:11:27.008+0000] {dag.py:3096} INFO - Sync 1 DAGs
[2024-08-01T13:11:27.025+0000] {logging_mixin.py:188} INFO - [2024-08-01T13:11:27.025+0000] {dag.py:3954} INFO - Setting next_dagrun for pipeline_dag to 2024-08-01 00:00:00+00:00, run_after=2024-08-02 00:00:00+00:00
[2024-08-01T13:11:27.056+0000] {processor.py:183} INFO - Processing /opt/airflow/dags/my_dag.py took 0.544 seconds
[2024-08-01T13:11:57.343+0000] {processor.py:161} INFO - Started process (PID=87) to work on /opt/airflow/dags/my_dag.py
[2024-08-01T13:11:57.344+0000] {processor.py:830} INFO - Processing file /opt/airflow/dags/my_dag.py for tasks to queue
[2024-08-01T13:11:57.346+0000] {logging_mixin.py:188} INFO - [2024-08-01T13:11:57.346+0000] {dagbag.py:545} INFO - Filling up the DagBag from /opt/airflow/dags/my_dag.py
[2024-08-01T13:11:57.702+0000] {processor.py:840} INFO - DAG(s) 'pipeline_dag' retrieved from /opt/airflow/dags/my_dag.py
[2024-08-01T13:11:57.832+0000] {logging_mixin.py:188} INFO - [2024-08-01T13:11:57.832+0000] {dag.py:3096} INFO - Sync 1 DAGs
[2024-08-01T13:11:57.848+0000] {logging_mixin.py:188} INFO - [2024-08-01T13:11:57.848+0000] {dag.py:3954} INFO - Setting next_dagrun for pipeline_dag to 2024-08-01 00:00:00+00:00, run_after=2024-08-02 00:00:00+00:00
[2024-08-01T13:11:57.881+0000] {processor.py:183} INFO - Processing /opt/airflow/dags/my_dag.py took 0.543 seconds
[2024-08-01T13:12:28.044+0000] {processor.py:161} INFO - Started process (PID=95) to work on /opt/airflow/dags/my_dag.py
[2024-08-01T13:12:28.045+0000] {processor.py:830} INFO - Processing file /opt/airflow/dags/my_dag.py for tasks to queue
[2024-08-01T13:12:28.047+0000] {logging_mixin.py:188} INFO - [2024-08-01T13:12:28.047+0000] {dagbag.py:545} INFO - Filling up the DagBag from /opt/airflow/dags/my_dag.py
[2024-08-01T13:12:28.523+0000] {processor.py:840} INFO - DAG(s) 'pipeline_dag' retrieved from /opt/airflow/dags/my_dag.py
[2024-08-01T13:12:28.542+0000] {logging_mixin.py:188} INFO - [2024-08-01T13:12:28.542+0000] {dag.py:3096} INFO - Sync 1 DAGs
[2024-08-01T13:12:28.556+0000] {logging_mixin.py:188} INFO - [2024-08-01T13:12:28.556+0000] {dag.py:3954} INFO - Setting next_dagrun for pipeline_dag to 2024-08-01 00:00:00+00:00, run_after=2024-08-02 00:00:00+00:00
[2024-08-01T13:12:28.578+0000] {processor.py:183} INFO - Processing /opt/airflow/dags/my_dag.py took 0.539 seconds
[2024-08-01T13:12:58.870+0000] {processor.py:161} INFO - Started process (PID=103) to work on /opt/airflow/dags/my_dag.py
[2024-08-01T13:12:58.871+0000] {processor.py:830} INFO - Processing file /opt/airflow/dags/my_dag.py for tasks to queue
[2024-08-01T13:12:58.873+0000] {logging_mixin.py:188} INFO - [2024-08-01T13:12:58.873+0000] {dagbag.py:545} INFO - Filling up the DagBag from /opt/airflow/dags/my_dag.py
[2024-08-01T13:12:59.377+0000] {processor.py:840} INFO - DAG(s) 'pipeline_dag' retrieved from /opt/airflow/dags/my_dag.py
[2024-08-01T13:12:59.394+0000] {logging_mixin.py:188} INFO - [2024-08-01T13:12:59.394+0000] {dag.py:3096} INFO - Sync 1 DAGs
[2024-08-01T13:12:59.414+0000] {logging_mixin.py:188} INFO - [2024-08-01T13:12:59.414+0000] {dag.py:3954} INFO - Setting next_dagrun for pipeline_dag to 2024-08-01 00:00:00+00:00, run_after=2024-08-02 00:00:00+00:00
[2024-08-01T13:12:59.461+0000] {processor.py:183} INFO - Processing /opt/airflow/dags/my_dag.py took 0.596 seconds
[2024-08-01T13:13:29.559+0000] {processor.py:161} INFO - Started process (PID=111) to work on /opt/airflow/dags/my_dag.py
[2024-08-01T13:13:29.560+0000] {processor.py:830} INFO - Processing file /opt/airflow/dags/my_dag.py for tasks to queue
[2024-08-01T13:13:29.563+0000] {logging_mixin.py:188} INFO - [2024-08-01T13:13:29.562+0000] {dagbag.py:545} INFO - Filling up the DagBag from /opt/airflow/dags/my_dag.py
[2024-08-01T13:13:29.909+0000] {processor.py:840} INFO - DAG(s) 'pipeline_dag' retrieved from /opt/airflow/dags/my_dag.py
[2024-08-01T13:13:29.932+0000] {logging_mixin.py:188} INFO - [2024-08-01T13:13:29.932+0000] {dag.py:3096} INFO - Sync 1 DAGs
[2024-08-01T13:13:30.051+0000] {logging_mixin.py:188} INFO - [2024-08-01T13:13:30.051+0000] {dag.py:3954} INFO - Setting next_dagrun for pipeline_dag to 2024-08-01 00:00:00+00:00, run_after=2024-08-02 00:00:00+00:00
[2024-08-01T13:13:30.077+0000] {processor.py:183} INFO - Processing /opt/airflow/dags/my_dag.py took 0.524 seconds
[2024-08-01T13:14:00.547+0000] {processor.py:161} INFO - Started process (PID=119) to work on /opt/airflow/dags/my_dag.py
[2024-08-01T13:14:00.549+0000] {processor.py:830} INFO - Processing file /opt/airflow/dags/my_dag.py for tasks to queue
[2024-08-01T13:14:00.551+0000] {logging_mixin.py:188} INFO - [2024-08-01T13:14:00.551+0000] {dagbag.py:545} INFO - Filling up the DagBag from /opt/airflow/dags/my_dag.py
[2024-08-01T13:14:00.869+0000] {processor.py:840} INFO - DAG(s) 'pipeline_dag' retrieved from /opt/airflow/dags/my_dag.py
[2024-08-01T13:14:01.003+0000] {logging_mixin.py:188} INFO - [2024-08-01T13:14:01.003+0000] {dag.py:3096} INFO - Sync 1 DAGs
[2024-08-01T13:14:01.019+0000] {logging_mixin.py:188} INFO - [2024-08-01T13:14:01.019+0000] {dag.py:3954} INFO - Setting next_dagrun for pipeline_dag to 2024-08-01 00:00:00+00:00, run_after=2024-08-02 00:00:00+00:00
[2024-08-01T13:14:01.038+0000] {processor.py:183} INFO - Processing /opt/airflow/dags/my_dag.py took 0.496 seconds
[2024-08-01T13:14:31.183+0000] {processor.py:161} INFO - Started process (PID=127) to work on /opt/airflow/dags/my_dag.py
[2024-08-01T13:14:31.185+0000] {processor.py:830} INFO - Processing file /opt/airflow/dags/my_dag.py for tasks to queue
[2024-08-01T13:14:31.187+0000] {logging_mixin.py:188} INFO - [2024-08-01T13:14:31.187+0000] {dagbag.py:545} INFO - Filling up the DagBag from /opt/airflow/dags/my_dag.py
[2024-08-01T13:14:31.675+0000] {processor.py:840} INFO - DAG(s) 'pipeline_dag' retrieved from /opt/airflow/dags/my_dag.py
[2024-08-01T13:14:31.699+0000] {logging_mixin.py:188} INFO - [2024-08-01T13:14:31.699+0000] {dag.py:3096} INFO - Sync 1 DAGs
[2024-08-01T13:14:31.719+0000] {logging_mixin.py:188} INFO - [2024-08-01T13:14:31.719+0000] {dag.py:3954} INFO - Setting next_dagrun for pipeline_dag to 2024-08-01 00:00:00+00:00, run_after=2024-08-02 00:00:00+00:00
[2024-08-01T13:14:31.741+0000] {processor.py:183} INFO - Processing /opt/airflow/dags/my_dag.py took 0.563 seconds
[2024-08-01T13:15:02.008+0000] {processor.py:161} INFO - Started process (PID=135) to work on /opt/airflow/dags/my_dag.py
[2024-08-01T13:15:02.010+0000] {processor.py:830} INFO - Processing file /opt/airflow/dags/my_dag.py for tasks to queue
[2024-08-01T13:15:02.012+0000] {logging_mixin.py:188} INFO - [2024-08-01T13:15:02.011+0000] {dagbag.py:545} INFO - Filling up the DagBag from /opt/airflow/dags/my_dag.py
[2024-08-01T13:15:02.550+0000] {processor.py:840} INFO - DAG(s) 'pipeline_dag' retrieved from /opt/airflow/dags/my_dag.py
[2024-08-01T13:15:02.578+0000] {logging_mixin.py:188} INFO - [2024-08-01T13:15:02.577+0000] {dag.py:3096} INFO - Sync 1 DAGs
[2024-08-01T13:15:02.595+0000] {logging_mixin.py:188} INFO - [2024-08-01T13:15:02.595+0000] {dag.py:3954} INFO - Setting next_dagrun for pipeline_dag to 2024-08-01 00:00:00+00:00, run_after=2024-08-02 00:00:00+00:00
[2024-08-01T13:15:02.618+0000] {processor.py:183} INFO - Processing /opt/airflow/dags/my_dag.py took 0.615 seconds
[2024-08-01T13:15:32.737+0000] {processor.py:161} INFO - Started process (PID=143) to work on /opt/airflow/dags/my_dag.py
[2024-08-01T13:15:32.738+0000] {processor.py:830} INFO - Processing file /opt/airflow/dags/my_dag.py for tasks to queue
[2024-08-01T13:15:32.740+0000] {logging_mixin.py:188} INFO - [2024-08-01T13:15:32.739+0000] {dagbag.py:545} INFO - Filling up the DagBag from /opt/airflow/dags/my_dag.py
[2024-08-01T13:15:33.185+0000] {processor.py:840} INFO - DAG(s) 'pipeline_dag' retrieved from /opt/airflow/dags/my_dag.py
[2024-08-01T13:15:33.205+0000] {logging_mixin.py:188} INFO - [2024-08-01T13:15:33.205+0000] {dag.py:3096} INFO - Sync 1 DAGs
[2024-08-01T13:15:33.222+0000] {logging_mixin.py:188} INFO - [2024-08-01T13:15:33.222+0000] {dag.py:3954} INFO - Setting next_dagrun for pipeline_dag to 2024-08-01 00:00:00+00:00, run_after=2024-08-02 00:00:00+00:00
[2024-08-01T13:15:33.243+0000] {processor.py:183} INFO - Processing /opt/airflow/dags/my_dag.py took 0.512 seconds
[2024-08-01T13:16:03.488+0000] {processor.py:161} INFO - Started process (PID=151) to work on /opt/airflow/dags/my_dag.py
[2024-08-01T13:16:03.489+0000] {processor.py:830} INFO - Processing file /opt/airflow/dags/my_dag.py for tasks to queue
[2024-08-01T13:16:03.491+0000] {logging_mixin.py:188} INFO - [2024-08-01T13:16:03.490+0000] {dagbag.py:545} INFO - Filling up the DagBag from /opt/airflow/dags/my_dag.py
[2024-08-01T13:16:03.823+0000] {processor.py:840} INFO - DAG(s) 'pipeline_dag' retrieved from /opt/airflow/dags/my_dag.py
[2024-08-01T13:16:03.970+0000] {logging_mixin.py:188} INFO - [2024-08-01T13:16:03.970+0000] {dag.py:3096} INFO - Sync 1 DAGs
[2024-08-01T13:16:03.988+0000] {logging_mixin.py:188} INFO - [2024-08-01T13:16:03.987+0000] {dag.py:3954} INFO - Setting next_dagrun for pipeline_dag to 2024-08-01 00:00:00+00:00, run_after=2024-08-02 00:00:00+00:00
[2024-08-01T13:16:04.009+0000] {processor.py:183} INFO - Processing /opt/airflow/dags/my_dag.py took 0.527 seconds
[2024-08-01T13:16:34.276+0000] {processor.py:161} INFO - Started process (PID=159) to work on /opt/airflow/dags/my_dag.py
[2024-08-01T13:16:34.277+0000] {processor.py:830} INFO - Processing file /opt/airflow/dags/my_dag.py for tasks to queue
[2024-08-01T13:16:34.279+0000] {logging_mixin.py:188} INFO - [2024-08-01T13:16:34.278+0000] {dagbag.py:545} INFO - Filling up the DagBag from /opt/airflow/dags/my_dag.py
[2024-08-01T13:16:34.771+0000] {processor.py:840} INFO - DAG(s) 'pipeline_dag' retrieved from /opt/airflow/dags/my_dag.py
[2024-08-01T13:16:34.799+0000] {logging_mixin.py:188} INFO - [2024-08-01T13:16:34.798+0000] {dag.py:3096} INFO - Sync 1 DAGs
[2024-08-01T13:16:34.816+0000] {logging_mixin.py:188} INFO - [2024-08-01T13:16:34.816+0000] {dag.py:3954} INFO - Setting next_dagrun for pipeline_dag to 2024-08-01 00:00:00+00:00, run_after=2024-08-02 00:00:00+00:00
[2024-08-01T13:16:34.838+0000] {processor.py:183} INFO - Processing /opt/airflow/dags/my_dag.py took 0.567 seconds
[2024-08-01T13:17:04.928+0000] {processor.py:161} INFO - Started process (PID=167) to work on /opt/airflow/dags/my_dag.py
[2024-08-01T13:17:04.929+0000] {processor.py:830} INFO - Processing file /opt/airflow/dags/my_dag.py for tasks to queue
[2024-08-01T13:17:04.931+0000] {logging_mixin.py:188} INFO - [2024-08-01T13:17:04.931+0000] {dagbag.py:545} INFO - Filling up the DagBag from /opt/airflow/dags/my_dag.py
[2024-08-01T13:17:05.410+0000] {processor.py:840} INFO - DAG(s) 'pipeline_dag' retrieved from /opt/airflow/dags/my_dag.py
[2024-08-01T13:17:05.434+0000] {logging_mixin.py:188} INFO - [2024-08-01T13:17:05.433+0000] {dag.py:3096} INFO - Sync 1 DAGs
[2024-08-01T13:17:05.450+0000] {logging_mixin.py:188} INFO - [2024-08-01T13:17:05.449+0000] {dag.py:3954} INFO - Setting next_dagrun for pipeline_dag to 2024-08-01 00:00:00+00:00, run_after=2024-08-02 00:00:00+00:00
[2024-08-01T13:17:05.472+0000] {processor.py:183} INFO - Processing /opt/airflow/dags/my_dag.py took 0.550 seconds
[2024-08-01T13:17:35.767+0000] {processor.py:161} INFO - Started process (PID=181) to work on /opt/airflow/dags/my_dag.py
[2024-08-01T13:17:35.768+0000] {processor.py:830} INFO - Processing file /opt/airflow/dags/my_dag.py for tasks to queue
[2024-08-01T13:17:35.770+0000] {logging_mixin.py:188} INFO - [2024-08-01T13:17:35.770+0000] {dagbag.py:545} INFO - Filling up the DagBag from /opt/airflow/dags/my_dag.py
[2024-08-01T13:17:36.219+0000] {processor.py:840} INFO - DAG(s) 'pipeline_dag' retrieved from /opt/airflow/dags/my_dag.py
[2024-08-01T13:17:36.238+0000] {logging_mixin.py:188} INFO - [2024-08-01T13:17:36.237+0000] {dag.py:3096} INFO - Sync 1 DAGs
[2024-08-01T13:17:36.254+0000] {logging_mixin.py:188} INFO - [2024-08-01T13:17:36.254+0000] {dag.py:3954} INFO - Setting next_dagrun for pipeline_dag to 2024-08-01 00:00:00+00:00, run_after=2024-08-02 00:00:00+00:00
[2024-08-01T13:17:36.278+0000] {processor.py:183} INFO - Processing /opt/airflow/dags/my_dag.py took 0.517 seconds
[2024-08-01T13:18:40.915+0000] {processor.py:161} INFO - Started process (PID=30) to work on /opt/airflow/dags/my_dag.py
[2024-08-01T13:18:40.916+0000] {processor.py:830} INFO - Processing file /opt/airflow/dags/my_dag.py for tasks to queue
[2024-08-01T13:18:40.918+0000] {logging_mixin.py:188} INFO - [2024-08-01T13:18:40.917+0000] {dagbag.py:545} INFO - Filling up the DagBag from /opt/airflow/dags/my_dag.py
[2024-08-01T13:18:42.488+0000] {processor.py:840} INFO - DAG(s) 'pipeline_dag' retrieved from /opt/airflow/dags/my_dag.py
[2024-08-01T13:18:42.924+0000] {logging_mixin.py:188} INFO - [2024-08-01T13:18:42.924+0000] {dag.py:3096} INFO - Sync 1 DAGs
[2024-08-01T13:18:42.943+0000] {logging_mixin.py:188} INFO - [2024-08-01T13:18:42.943+0000] {dag.py:3954} INFO - Setting next_dagrun for pipeline_dag to 2024-08-01 00:00:00+00:00, run_after=2024-08-02 00:00:00+00:00
[2024-08-01T13:18:42.967+0000] {processor.py:183} INFO - Processing /opt/airflow/dags/my_dag.py took 2.057 seconds
[2024-08-01T13:19:13.331+0000] {processor.py:161} INFO - Started process (PID=38) to work on /opt/airflow/dags/my_dag.py
[2024-08-01T13:19:13.333+0000] {processor.py:830} INFO - Processing file /opt/airflow/dags/my_dag.py for tasks to queue
[2024-08-01T13:19:13.335+0000] {logging_mixin.py:188} INFO - [2024-08-01T13:19:13.335+0000] {dagbag.py:545} INFO - Filling up the DagBag from /opt/airflow/dags/my_dag.py
[2024-08-01T13:19:14.130+0000] {processor.py:840} INFO - DAG(s) 'pipeline_dag' retrieved from /opt/airflow/dags/my_dag.py
[2024-08-01T13:19:14.330+0000] {logging_mixin.py:188} INFO - [2024-08-01T13:19:14.329+0000] {dag.py:3096} INFO - Sync 1 DAGs
[2024-08-01T13:19:14.347+0000] {logging_mixin.py:188} INFO - [2024-08-01T13:19:14.347+0000] {dag.py:3954} INFO - Setting next_dagrun for pipeline_dag to 2024-08-01 00:00:00+00:00, run_after=2024-08-02 00:00:00+00:00
[2024-08-01T13:19:14.365+0000] {processor.py:183} INFO - Processing /opt/airflow/dags/my_dag.py took 1.040 seconds
[2024-08-01T13:19:44.606+0000] {processor.py:161} INFO - Started process (PID=54) to work on /opt/airflow/dags/my_dag.py
[2024-08-01T13:19:44.607+0000] {processor.py:830} INFO - Processing file /opt/airflow/dags/my_dag.py for tasks to queue
[2024-08-01T13:19:44.610+0000] {logging_mixin.py:188} INFO - [2024-08-01T13:19:44.609+0000] {dagbag.py:545} INFO - Filling up the DagBag from /opt/airflow/dags/my_dag.py
[2024-08-01T13:19:44.970+0000] {processor.py:840} INFO - DAG(s) 'pipeline_dag' retrieved from /opt/airflow/dags/my_dag.py
[2024-08-01T13:19:45.138+0000] {logging_mixin.py:188} INFO - [2024-08-01T13:19:45.137+0000] {dag.py:3096} INFO - Sync 1 DAGs
[2024-08-01T13:19:45.156+0000] {logging_mixin.py:188} INFO - [2024-08-01T13:19:45.155+0000] {dag.py:3954} INFO - Setting next_dagrun for pipeline_dag to 2024-08-01 00:00:00+00:00, run_after=2024-08-02 00:00:00+00:00
[2024-08-01T13:19:45.194+0000] {processor.py:183} INFO - Processing /opt/airflow/dags/my_dag.py took 0.594 seconds
[2024-08-01T13:20:15.471+0000] {processor.py:161} INFO - Started process (PID=62) to work on /opt/airflow/dags/my_dag.py
[2024-08-01T13:20:15.473+0000] {processor.py:830} INFO - Processing file /opt/airflow/dags/my_dag.py for tasks to queue
[2024-08-01T13:20:15.475+0000] {logging_mixin.py:188} INFO - [2024-08-01T13:20:15.475+0000] {dagbag.py:545} INFO - Filling up the DagBag from /opt/airflow/dags/my_dag.py
[2024-08-01T13:20:15.946+0000] {processor.py:840} INFO - DAG(s) 'pipeline_dag' retrieved from /opt/airflow/dags/my_dag.py
[2024-08-01T13:20:15.965+0000] {logging_mixin.py:188} INFO - [2024-08-01T13:20:15.964+0000] {dag.py:3096} INFO - Sync 1 DAGs
[2024-08-01T13:20:15.979+0000] {logging_mixin.py:188} INFO - [2024-08-01T13:20:15.979+0000] {dag.py:3954} INFO - Setting next_dagrun for pipeline_dag to 2024-08-01 00:00:00+00:00, run_after=2024-08-02 00:00:00+00:00
[2024-08-01T13:20:16.003+0000] {processor.py:183} INFO - Processing /opt/airflow/dags/my_dag.py took 0.536 seconds
[2024-08-01T13:20:46.099+0000] {processor.py:161} INFO - Started process (PID=70) to work on /opt/airflow/dags/my_dag.py
[2024-08-01T13:20:46.100+0000] {processor.py:830} INFO - Processing file /opt/airflow/dags/my_dag.py for tasks to queue
[2024-08-01T13:20:46.103+0000] {logging_mixin.py:188} INFO - [2024-08-01T13:20:46.102+0000] {dagbag.py:545} INFO - Filling up the DagBag from /opt/airflow/dags/my_dag.py
[2024-08-01T13:20:46.570+0000] {processor.py:840} INFO - DAG(s) 'pipeline_dag' retrieved from /opt/airflow/dags/my_dag.py
[2024-08-01T13:20:46.592+0000] {logging_mixin.py:188} INFO - [2024-08-01T13:20:46.591+0000] {dag.py:3096} INFO - Sync 1 DAGs
[2024-08-01T13:20:46.607+0000] {logging_mixin.py:188} INFO - [2024-08-01T13:20:46.607+0000] {dag.py:3954} INFO - Setting next_dagrun for pipeline_dag to 2024-08-01 00:00:00+00:00, run_after=2024-08-02 00:00:00+00:00
[2024-08-01T13:20:46.628+0000] {processor.py:183} INFO - Processing /opt/airflow/dags/my_dag.py took 0.535 seconds
[2024-08-01T13:21:16.863+0000] {processor.py:161} INFO - Started process (PID=78) to work on /opt/airflow/dags/my_dag.py
[2024-08-01T13:21:16.864+0000] {processor.py:830} INFO - Processing file /opt/airflow/dags/my_dag.py for tasks to queue
[2024-08-01T13:21:16.866+0000] {logging_mixin.py:188} INFO - [2024-08-01T13:21:16.866+0000] {dagbag.py:545} INFO - Filling up the DagBag from /opt/airflow/dags/my_dag.py
[2024-08-01T13:21:17.194+0000] {processor.py:840} INFO - DAG(s) 'pipeline_dag' retrieved from /opt/airflow/dags/my_dag.py
[2024-08-01T13:21:17.362+0000] {logging_mixin.py:188} INFO - [2024-08-01T13:21:17.361+0000] {dag.py:3096} INFO - Sync 1 DAGs
[2024-08-01T13:21:17.381+0000] {logging_mixin.py:188} INFO - [2024-08-01T13:21:17.381+0000] {dag.py:3954} INFO - Setting next_dagrun for pipeline_dag to 2024-08-01 00:00:00+00:00, run_after=2024-08-02 00:00:00+00:00
[2024-08-01T13:21:17.402+0000] {processor.py:183} INFO - Processing /opt/airflow/dags/my_dag.py took 0.547 seconds
[2024-08-01T13:21:47.683+0000] {processor.py:161} INFO - Started process (PID=86) to work on /opt/airflow/dags/my_dag.py
[2024-08-01T13:21:47.685+0000] {processor.py:830} INFO - Processing file /opt/airflow/dags/my_dag.py for tasks to queue
[2024-08-01T13:21:47.687+0000] {logging_mixin.py:188} INFO - [2024-08-01T13:21:47.686+0000] {dagbag.py:545} INFO - Filling up the DagBag from /opt/airflow/dags/my_dag.py
[2024-08-01T13:21:48.032+0000] {processor.py:840} INFO - DAG(s) 'pipeline_dag' retrieved from /opt/airflow/dags/my_dag.py
[2024-08-01T13:21:48.165+0000] {logging_mixin.py:188} INFO - [2024-08-01T13:21:48.164+0000] {dag.py:3096} INFO - Sync 1 DAGs
[2024-08-01T13:21:48.181+0000] {logging_mixin.py:188} INFO - [2024-08-01T13:21:48.180+0000] {dag.py:3954} INFO - Setting next_dagrun for pipeline_dag to 2024-08-01 00:00:00+00:00, run_after=2024-08-02 00:00:00+00:00
[2024-08-01T13:21:48.201+0000] {processor.py:183} INFO - Processing /opt/airflow/dags/my_dag.py took 0.524 seconds
[2024-08-01T13:22:18.427+0000] {processor.py:161} INFO - Started process (PID=94) to work on /opt/airflow/dags/my_dag.py
[2024-08-01T13:22:18.428+0000] {processor.py:830} INFO - Processing file /opt/airflow/dags/my_dag.py for tasks to queue
[2024-08-01T13:22:18.430+0000] {logging_mixin.py:188} INFO - [2024-08-01T13:22:18.430+0000] {dagbag.py:545} INFO - Filling up the DagBag from /opt/airflow/dags/my_dag.py
[2024-08-01T13:22:18.948+0000] {processor.py:840} INFO - DAG(s) 'pipeline_dag' retrieved from /opt/airflow/dags/my_dag.py
[2024-08-01T13:22:18.971+0000] {logging_mixin.py:188} INFO - [2024-08-01T13:22:18.970+0000] {dag.py:3096} INFO - Sync 1 DAGs
[2024-08-01T13:22:18.991+0000] {logging_mixin.py:188} INFO - [2024-08-01T13:22:18.990+0000] {dag.py:3954} INFO - Setting next_dagrun for pipeline_dag to 2024-08-01 00:00:00+00:00, run_after=2024-08-02 00:00:00+00:00
[2024-08-01T13:22:19.012+0000] {processor.py:183} INFO - Processing /opt/airflow/dags/my_dag.py took 0.591 seconds
[2024-08-01T13:22:49.120+0000] {processor.py:161} INFO - Started process (PID=102) to work on /opt/airflow/dags/my_dag.py
[2024-08-01T13:22:49.121+0000] {processor.py:830} INFO - Processing file /opt/airflow/dags/my_dag.py for tasks to queue
[2024-08-01T13:22:49.123+0000] {logging_mixin.py:188} INFO - [2024-08-01T13:22:49.123+0000] {dagbag.py:545} INFO - Filling up the DagBag from /opt/airflow/dags/my_dag.py
[2024-08-01T13:22:49.555+0000] {processor.py:840} INFO - DAG(s) 'pipeline_dag' retrieved from /opt/airflow/dags/my_dag.py
[2024-08-01T13:22:49.574+0000] {logging_mixin.py:188} INFO - [2024-08-01T13:22:49.574+0000] {dag.py:3096} INFO - Sync 1 DAGs
[2024-08-01T13:22:49.590+0000] {logging_mixin.py:188} INFO - [2024-08-01T13:22:49.589+0000] {dag.py:3954} INFO - Setting next_dagrun for pipeline_dag to 2024-08-01 00:00:00+00:00, run_after=2024-08-02 00:00:00+00:00
[2024-08-01T13:22:49.620+0000] {processor.py:183} INFO - Processing /opt/airflow/dags/my_dag.py took 0.506 seconds
[2024-08-01T13:23:19.926+0000] {processor.py:161} INFO - Started process (PID=110) to work on /opt/airflow/dags/my_dag.py
[2024-08-01T13:23:19.927+0000] {processor.py:830} INFO - Processing file /opt/airflow/dags/my_dag.py for tasks to queue
[2024-08-01T13:23:19.930+0000] {logging_mixin.py:188} INFO - [2024-08-01T13:23:19.929+0000] {dagbag.py:545} INFO - Filling up the DagBag from /opt/airflow/dags/my_dag.py
[2024-08-01T13:23:20.242+0000] {processor.py:840} INFO - DAG(s) 'pipeline_dag' retrieved from /opt/airflow/dags/my_dag.py
[2024-08-01T13:23:20.264+0000] {logging_mixin.py:188} INFO - [2024-08-01T13:23:20.264+0000] {dag.py:3096} INFO - Sync 1 DAGs
[2024-08-01T13:23:20.384+0000] {logging_mixin.py:188} INFO - [2024-08-01T13:23:20.383+0000] {dag.py:3954} INFO - Setting next_dagrun for pipeline_dag to 2024-08-01 00:00:00+00:00, run_after=2024-08-02 00:00:00+00:00
[2024-08-01T13:23:20.403+0000] {processor.py:183} INFO - Processing /opt/airflow/dags/my_dag.py took 0.483 seconds
[2024-08-01T13:23:50.643+0000] {processor.py:161} INFO - Started process (PID=118) to work on /opt/airflow/dags/my_dag.py
[2024-08-01T13:23:50.644+0000] {processor.py:830} INFO - Processing file /opt/airflow/dags/my_dag.py for tasks to queue
[2024-08-01T13:23:50.646+0000] {logging_mixin.py:188} INFO - [2024-08-01T13:23:50.646+0000] {dagbag.py:545} INFO - Filling up the DagBag from /opt/airflow/dags/my_dag.py
[2024-08-01T13:23:50.989+0000] {processor.py:840} INFO - DAG(s) 'pipeline_dag' retrieved from /opt/airflow/dags/my_dag.py
[2024-08-01T13:23:51.131+0000] {logging_mixin.py:188} INFO - [2024-08-01T13:23:51.131+0000] {dag.py:3096} INFO - Sync 1 DAGs
[2024-08-01T13:23:51.149+0000] {logging_mixin.py:188} INFO - [2024-08-01T13:23:51.149+0000] {dag.py:3954} INFO - Setting next_dagrun for pipeline_dag to 2024-08-01 00:00:00+00:00, run_after=2024-08-02 00:00:00+00:00
[2024-08-01T13:23:51.183+0000] {processor.py:183} INFO - Processing /opt/airflow/dags/my_dag.py took 0.546 seconds
[2024-08-01T13:26:02.638+0000] {processor.py:161} INFO - Started process (PID=31) to work on /opt/airflow/dags/my_dag.py
[2024-08-01T13:26:02.639+0000] {processor.py:830} INFO - Processing file /opt/airflow/dags/my_dag.py for tasks to queue
[2024-08-01T13:26:02.641+0000] {logging_mixin.py:188} INFO - [2024-08-01T13:26:02.641+0000] {dagbag.py:545} INFO - Filling up the DagBag from /opt/airflow/dags/my_dag.py
[2024-08-01T13:26:04.121+0000] {processor.py:840} INFO - DAG(s) 'pipeline_dag' retrieved from /opt/airflow/dags/my_dag.py
[2024-08-01T13:26:04.503+0000] {logging_mixin.py:188} INFO - [2024-08-01T13:26:04.503+0000] {dag.py:3096} INFO - Sync 1 DAGs
[2024-08-01T13:26:04.522+0000] {logging_mixin.py:188} INFO - [2024-08-01T13:26:04.521+0000] {dag.py:3954} INFO - Setting next_dagrun for pipeline_dag to 2024-08-01 00:00:00+00:00, run_after=2024-08-02 00:00:00+00:00
[2024-08-01T13:26:04.549+0000] {processor.py:183} INFO - Processing /opt/airflow/dags/my_dag.py took 1.916 seconds
[2024-08-01T13:26:34.853+0000] {processor.py:161} INFO - Started process (PID=39) to work on /opt/airflow/dags/my_dag.py
[2024-08-01T13:26:34.855+0000] {processor.py:830} INFO - Processing file /opt/airflow/dags/my_dag.py for tasks to queue
[2024-08-01T13:26:34.857+0000] {logging_mixin.py:188} INFO - [2024-08-01T13:26:34.857+0000] {dagbag.py:545} INFO - Filling up the DagBag from /opt/airflow/dags/my_dag.py
[2024-08-01T13:26:35.336+0000] {processor.py:840} INFO - DAG(s) 'pipeline_dag' retrieved from /opt/airflow/dags/my_dag.py
[2024-08-01T13:26:35.502+0000] {logging_mixin.py:188} INFO - [2024-08-01T13:26:35.501+0000] {dag.py:3096} INFO - Sync 1 DAGs
[2024-08-01T13:26:35.523+0000] {logging_mixin.py:188} INFO - [2024-08-01T13:26:35.523+0000] {dag.py:3954} INFO - Setting next_dagrun for pipeline_dag to 2024-08-01 00:00:00+00:00, run_after=2024-08-02 00:00:00+00:00
[2024-08-01T13:26:35.544+0000] {processor.py:183} INFO - Processing /opt/airflow/dags/my_dag.py took 0.697 seconds
[2024-08-01T13:27:05.798+0000] {processor.py:161} INFO - Started process (PID=55) to work on /opt/airflow/dags/my_dag.py
[2024-08-01T13:27:05.799+0000] {processor.py:830} INFO - Processing file /opt/airflow/dags/my_dag.py for tasks to queue
[2024-08-01T13:27:05.802+0000] {logging_mixin.py:188} INFO - [2024-08-01T13:27:05.802+0000] {dagbag.py:545} INFO - Filling up the DagBag from /opt/airflow/dags/my_dag.py
[2024-08-01T13:27:06.169+0000] {processor.py:840} INFO - DAG(s) 'pipeline_dag' retrieved from /opt/airflow/dags/my_dag.py
[2024-08-01T13:27:06.367+0000] {logging_mixin.py:188} INFO - [2024-08-01T13:27:06.366+0000] {dag.py:3096} INFO - Sync 1 DAGs
[2024-08-01T13:27:06.385+0000] {logging_mixin.py:188} INFO - [2024-08-01T13:27:06.385+0000] {dag.py:3954} INFO - Setting next_dagrun for pipeline_dag to 2024-08-01 00:00:00+00:00, run_after=2024-08-02 00:00:00+00:00
[2024-08-01T13:27:06.409+0000] {processor.py:183} INFO - Processing /opt/airflow/dags/my_dag.py took 0.616 seconds
[2024-08-01T13:27:36.650+0000] {processor.py:161} INFO - Started process (PID=63) to work on /opt/airflow/dags/my_dag.py
[2024-08-01T13:27:36.651+0000] {processor.py:830} INFO - Processing file /opt/airflow/dags/my_dag.py for tasks to queue
[2024-08-01T13:27:36.653+0000] {logging_mixin.py:188} INFO - [2024-08-01T13:27:36.653+0000] {dagbag.py:545} INFO - Filling up the DagBag from /opt/airflow/dags/my_dag.py
[2024-08-01T13:27:37.108+0000] {processor.py:840} INFO - DAG(s) 'pipeline_dag' retrieved from /opt/airflow/dags/my_dag.py
[2024-08-01T13:27:37.127+0000] {logging_mixin.py:188} INFO - [2024-08-01T13:27:37.127+0000] {dag.py:3096} INFO - Sync 1 DAGs
[2024-08-01T13:27:37.144+0000] {logging_mixin.py:188} INFO - [2024-08-01T13:27:37.144+0000] {dag.py:3954} INFO - Setting next_dagrun for pipeline_dag to 2024-08-01 00:00:00+00:00, run_after=2024-08-02 00:00:00+00:00
[2024-08-01T13:27:37.167+0000] {processor.py:183} INFO - Processing /opt/airflow/dags/my_dag.py took 0.523 seconds
[2024-08-01T13:28:07.444+0000] {processor.py:161} INFO - Started process (PID=71) to work on /opt/airflow/dags/my_dag.py
[2024-08-01T13:28:07.446+0000] {processor.py:830} INFO - Processing file /opt/airflow/dags/my_dag.py for tasks to queue
[2024-08-01T13:28:07.448+0000] {logging_mixin.py:188} INFO - [2024-08-01T13:28:07.448+0000] {dagbag.py:545} INFO - Filling up the DagBag from /opt/airflow/dags/my_dag.py
[2024-08-01T13:28:07.895+0000] {processor.py:840} INFO - DAG(s) 'pipeline_dag' retrieved from /opt/airflow/dags/my_dag.py
[2024-08-01T13:28:07.915+0000] {logging_mixin.py:188} INFO - [2024-08-01T13:28:07.915+0000] {dag.py:3096} INFO - Sync 1 DAGs
[2024-08-01T13:28:07.934+0000] {logging_mixin.py:188} INFO - [2024-08-01T13:28:07.934+0000] {dag.py:3954} INFO - Setting next_dagrun for pipeline_dag to 2024-08-01 00:00:00+00:00, run_after=2024-08-02 00:00:00+00:00
[2024-08-01T13:28:07.956+0000] {processor.py:183} INFO - Processing /opt/airflow/dags/my_dag.py took 0.516 seconds
[2024-08-01T13:28:38.147+0000] {processor.py:161} INFO - Started process (PID=79) to work on /opt/airflow/dags/my_dag.py
[2024-08-01T13:28:38.148+0000] {processor.py:830} INFO - Processing file /opt/airflow/dags/my_dag.py for tasks to queue
[2024-08-01T13:28:38.150+0000] {logging_mixin.py:188} INFO - [2024-08-01T13:28:38.150+0000] {dagbag.py:545} INFO - Filling up the DagBag from /opt/airflow/dags/my_dag.py
[2024-08-01T13:28:38.506+0000] {processor.py:840} INFO - DAG(s) 'pipeline_dag' retrieved from /opt/airflow/dags/my_dag.py
[2024-08-01T13:28:38.639+0000] {logging_mixin.py:188} INFO - [2024-08-01T13:28:38.639+0000] {dag.py:3096} INFO - Sync 1 DAGs
[2024-08-01T13:28:38.655+0000] {logging_mixin.py:188} INFO - [2024-08-01T13:28:38.655+0000] {dag.py:3954} INFO - Setting next_dagrun for pipeline_dag to 2024-08-01 00:00:00+00:00, run_after=2024-08-02 00:00:00+00:00
[2024-08-01T13:28:38.675+0000] {processor.py:183} INFO - Processing /opt/airflow/dags/my_dag.py took 0.534 seconds
[2024-08-01T13:30:14.677+0000] {processor.py:161} INFO - Started process (PID=30) to work on /opt/airflow/dags/my_dag.py
[2024-08-01T13:30:14.678+0000] {processor.py:830} INFO - Processing file /opt/airflow/dags/my_dag.py for tasks to queue
[2024-08-01T13:30:14.680+0000] {logging_mixin.py:188} INFO - [2024-08-01T13:30:14.679+0000] {dagbag.py:545} INFO - Filling up the DagBag from /opt/airflow/dags/my_dag.py
[2024-08-01T13:30:15.063+0000] {processor.py:840} INFO - DAG(s) 'pipeline_dag' retrieved from /opt/airflow/dags/my_dag.py
[2024-08-01T13:30:15.360+0000] {logging_mixin.py:188} INFO - [2024-08-01T13:30:15.359+0000] {dag.py:3096} INFO - Sync 1 DAGs
[2024-08-01T13:30:15.389+0000] {logging_mixin.py:188} INFO - [2024-08-01T13:30:15.389+0000] {dag.py:3954} INFO - Setting next_dagrun for pipeline_dag to 2024-08-01 00:00:00+00:00, run_after=2024-08-02 00:00:00+00:00
[2024-08-01T13:30:15.425+0000] {processor.py:183} INFO - Processing /opt/airflow/dags/my_dag.py took 0.752 seconds
[2024-08-01T13:30:45.689+0000] {processor.py:161} INFO - Started process (PID=39) to work on /opt/airflow/dags/my_dag.py
[2024-08-01T13:30:45.690+0000] {processor.py:830} INFO - Processing file /opt/airflow/dags/my_dag.py for tasks to queue
[2024-08-01T13:30:45.692+0000] {logging_mixin.py:188} INFO - [2024-08-01T13:30:45.692+0000] {dagbag.py:545} INFO - Filling up the DagBag from /opt/airflow/dags/my_dag.py
[2024-08-01T13:30:46.200+0000] {processor.py:840} INFO - DAG(s) 'pipeline_dag' retrieved from /opt/airflow/dags/my_dag.py
[2024-08-01T13:30:46.223+0000] {logging_mixin.py:188} INFO - [2024-08-01T13:30:46.223+0000] {dag.py:3096} INFO - Sync 1 DAGs
[2024-08-01T13:30:46.241+0000] {logging_mixin.py:188} INFO - [2024-08-01T13:30:46.241+0000] {dag.py:3954} INFO - Setting next_dagrun for pipeline_dag to 2024-08-01 00:00:00+00:00, run_after=2024-08-02 00:00:00+00:00
[2024-08-01T13:30:46.277+0000] {processor.py:183} INFO - Processing /opt/airflow/dags/my_dag.py took 0.593 seconds
[2024-08-01T13:31:16.551+0000] {processor.py:161} INFO - Started process (PID=46) to work on /opt/airflow/dags/my_dag.py
[2024-08-01T13:31:16.552+0000] {processor.py:830} INFO - Processing file /opt/airflow/dags/my_dag.py for tasks to queue
[2024-08-01T13:31:16.554+0000] {logging_mixin.py:188} INFO - [2024-08-01T13:31:16.554+0000] {dagbag.py:545} INFO - Filling up the DagBag from /opt/airflow/dags/my_dag.py
[2024-08-01T13:31:17.005+0000] {processor.py:840} INFO - DAG(s) 'pipeline_dag' retrieved from /opt/airflow/dags/my_dag.py
[2024-08-01T13:31:17.025+0000] {logging_mixin.py:188} INFO - [2024-08-01T13:31:17.025+0000] {dag.py:3096} INFO - Sync 1 DAGs
[2024-08-01T13:31:17.040+0000] {logging_mixin.py:188} INFO - [2024-08-01T13:31:17.040+0000] {dag.py:3954} INFO - Setting next_dagrun for pipeline_dag to 2024-08-01 00:00:00+00:00, run_after=2024-08-02 00:00:00+00:00
[2024-08-01T13:31:17.062+0000] {processor.py:183} INFO - Processing /opt/airflow/dags/my_dag.py took 0.517 seconds
[2024-08-01T13:31:47.326+0000] {processor.py:161} INFO - Started process (PID=54) to work on /opt/airflow/dags/my_dag.py
[2024-08-01T13:31:47.327+0000] {processor.py:830} INFO - Processing file /opt/airflow/dags/my_dag.py for tasks to queue
[2024-08-01T13:31:47.329+0000] {logging_mixin.py:188} INFO - [2024-08-01T13:31:47.329+0000] {dagbag.py:545} INFO - Filling up the DagBag from /opt/airflow/dags/my_dag.py
[2024-08-01T13:31:47.752+0000] {processor.py:840} INFO - DAG(s) 'pipeline_dag' retrieved from /opt/airflow/dags/my_dag.py
[2024-08-01T13:31:47.772+0000] {logging_mixin.py:188} INFO - [2024-08-01T13:31:47.771+0000] {dag.py:3096} INFO - Sync 1 DAGs
[2024-08-01T13:31:47.785+0000] {logging_mixin.py:188} INFO - [2024-08-01T13:31:47.785+0000] {dag.py:3954} INFO - Setting next_dagrun for pipeline_dag to 2024-08-01 00:00:00+00:00, run_after=2024-08-02 00:00:00+00:00
[2024-08-01T13:31:47.806+0000] {processor.py:183} INFO - Processing /opt/airflow/dags/my_dag.py took 0.485 seconds
[2024-08-01T13:32:17.999+0000] {processor.py:161} INFO - Started process (PID=62) to work on /opt/airflow/dags/my_dag.py
[2024-08-01T13:32:18.001+0000] {processor.py:830} INFO - Processing file /opt/airflow/dags/my_dag.py for tasks to queue
[2024-08-01T13:32:18.002+0000] {logging_mixin.py:188} INFO - [2024-08-01T13:32:18.002+0000] {dagbag.py:545} INFO - Filling up the DagBag from /opt/airflow/dags/my_dag.py
[2024-08-01T13:32:18.424+0000] {processor.py:840} INFO - DAG(s) 'pipeline_dag' retrieved from /opt/airflow/dags/my_dag.py
[2024-08-01T13:32:18.446+0000] {logging_mixin.py:188} INFO - [2024-08-01T13:32:18.445+0000] {dag.py:3096} INFO - Sync 1 DAGs
[2024-08-01T13:32:18.460+0000] {logging_mixin.py:188} INFO - [2024-08-01T13:32:18.459+0000] {dag.py:3954} INFO - Setting next_dagrun for pipeline_dag to 2024-08-01 00:00:00+00:00, run_after=2024-08-02 00:00:00+00:00
[2024-08-01T13:32:18.481+0000] {processor.py:183} INFO - Processing /opt/airflow/dags/my_dag.py took 0.486 seconds
[2024-08-01T13:32:48.724+0000] {processor.py:161} INFO - Started process (PID=70) to work on /opt/airflow/dags/my_dag.py
[2024-08-01T13:32:48.725+0000] {processor.py:830} INFO - Processing file /opt/airflow/dags/my_dag.py for tasks to queue
[2024-08-01T13:32:48.729+0000] {logging_mixin.py:188} INFO - [2024-08-01T13:32:48.728+0000] {dagbag.py:545} INFO - Filling up the DagBag from /opt/airflow/dags/my_dag.py
[2024-08-01T13:32:49.209+0000] {processor.py:840} INFO - DAG(s) 'pipeline_dag' retrieved from /opt/airflow/dags/my_dag.py
[2024-08-01T13:32:49.232+0000] {logging_mixin.py:188} INFO - [2024-08-01T13:32:49.232+0000] {dag.py:3096} INFO - Sync 1 DAGs
[2024-08-01T13:32:49.250+0000] {logging_mixin.py:188} INFO - [2024-08-01T13:32:49.250+0000] {dag.py:3954} INFO - Setting next_dagrun for pipeline_dag to 2024-08-01 00:00:00+00:00, run_after=2024-08-02 00:00:00+00:00
[2024-08-01T13:32:49.272+0000] {processor.py:183} INFO - Processing /opt/airflow/dags/my_dag.py took 0.557 seconds
[2024-08-01T13:33:19.462+0000] {processor.py:161} INFO - Started process (PID=86) to work on /opt/airflow/dags/my_dag.py
[2024-08-01T13:33:19.463+0000] {processor.py:830} INFO - Processing file /opt/airflow/dags/my_dag.py for tasks to queue
[2024-08-01T13:33:19.466+0000] {logging_mixin.py:188} INFO - [2024-08-01T13:33:19.465+0000] {dagbag.py:545} INFO - Filling up the DagBag from /opt/airflow/dags/my_dag.py
[2024-08-01T13:33:20.005+0000] {processor.py:840} INFO - DAG(s) 'pipeline_dag' retrieved from /opt/airflow/dags/my_dag.py
[2024-08-01T13:33:20.031+0000] {logging_mixin.py:188} INFO - [2024-08-01T13:33:20.031+0000] {dag.py:3096} INFO - Sync 1 DAGs
[2024-08-01T13:33:20.050+0000] {logging_mixin.py:188} INFO - [2024-08-01T13:33:20.050+0000] {dag.py:3954} INFO - Setting next_dagrun for pipeline_dag to 2024-08-01 00:00:00+00:00, run_after=2024-08-02 00:00:00+00:00
[2024-08-01T13:33:20.071+0000] {processor.py:183} INFO - Processing /opt/airflow/dags/my_dag.py took 0.614 seconds
[2024-08-01T13:33:50.316+0000] {processor.py:161} INFO - Started process (PID=94) to work on /opt/airflow/dags/my_dag.py
[2024-08-01T13:33:50.318+0000] {processor.py:830} INFO - Processing file /opt/airflow/dags/my_dag.py for tasks to queue
[2024-08-01T13:33:50.320+0000] {logging_mixin.py:188} INFO - [2024-08-01T13:33:50.319+0000] {dagbag.py:545} INFO - Filling up the DagBag from /opt/airflow/dags/my_dag.py
[2024-08-01T13:33:50.901+0000] {processor.py:840} INFO - DAG(s) 'pipeline_dag' retrieved from /opt/airflow/dags/my_dag.py
[2024-08-01T13:33:50.933+0000] {logging_mixin.py:188} INFO - [2024-08-01T13:33:50.933+0000] {dag.py:3096} INFO - Sync 1 DAGs
[2024-08-01T13:33:50.955+0000] {logging_mixin.py:188} INFO - [2024-08-01T13:33:50.955+0000] {dag.py:3954} INFO - Setting next_dagrun for pipeline_dag to 2024-08-01 00:00:00+00:00, run_after=2024-08-02 00:00:00+00:00
[2024-08-01T13:33:50.992+0000] {processor.py:183} INFO - Processing /opt/airflow/dags/my_dag.py took 0.682 seconds
[2024-08-01T13:34:21.232+0000] {processor.py:161} INFO - Started process (PID=103) to work on /opt/airflow/dags/my_dag.py
[2024-08-01T13:34:21.233+0000] {processor.py:830} INFO - Processing file /opt/airflow/dags/my_dag.py for tasks to queue
[2024-08-01T13:34:21.235+0000] {logging_mixin.py:188} INFO - [2024-08-01T13:34:21.235+0000] {dagbag.py:545} INFO - Filling up the DagBag from /opt/airflow/dags/my_dag.py
[2024-08-01T13:34:21.700+0000] {processor.py:840} INFO - DAG(s) 'pipeline_dag' retrieved from /opt/airflow/dags/my_dag.py
[2024-08-01T13:34:21.726+0000] {logging_mixin.py:188} INFO - [2024-08-01T13:34:21.726+0000] {dag.py:3096} INFO - Sync 1 DAGs
[2024-08-01T13:34:21.744+0000] {logging_mixin.py:188} INFO - [2024-08-01T13:34:21.743+0000] {dag.py:3954} INFO - Setting next_dagrun for pipeline_dag to 2024-08-01 00:00:00+00:00, run_after=2024-08-02 00:00:00+00:00
[2024-08-01T13:34:21.764+0000] {processor.py:183} INFO - Processing /opt/airflow/dags/my_dag.py took 0.536 seconds
[2024-08-01T13:34:52.054+0000] {processor.py:161} INFO - Started process (PID=111) to work on /opt/airflow/dags/my_dag.py
[2024-08-01T13:34:52.056+0000] {processor.py:830} INFO - Processing file /opt/airflow/dags/my_dag.py for tasks to queue
[2024-08-01T13:34:52.058+0000] {logging_mixin.py:188} INFO - [2024-08-01T13:34:52.057+0000] {dagbag.py:545} INFO - Filling up the DagBag from /opt/airflow/dags/my_dag.py
[2024-08-01T13:34:52.562+0000] {processor.py:840} INFO - DAG(s) 'pipeline_dag' retrieved from /opt/airflow/dags/my_dag.py
[2024-08-01T13:34:52.582+0000] {logging_mixin.py:188} INFO - [2024-08-01T13:34:52.582+0000] {dag.py:3096} INFO - Sync 1 DAGs
[2024-08-01T13:34:52.600+0000] {logging_mixin.py:188} INFO - [2024-08-01T13:34:52.599+0000] {dag.py:3954} INFO - Setting next_dagrun for pipeline_dag to 2024-08-01 00:00:00+00:00, run_after=2024-08-02 00:00:00+00:00
[2024-08-01T13:34:52.635+0000] {processor.py:183} INFO - Processing /opt/airflow/dags/my_dag.py took 0.585 seconds
[2024-08-01T13:36:06.462+0000] {processor.py:161} INFO - Started process (PID=30) to work on /opt/airflow/dags/my_dag.py
[2024-08-01T13:36:06.463+0000] {processor.py:830} INFO - Processing file /opt/airflow/dags/my_dag.py for tasks to queue
[2024-08-01T13:36:06.465+0000] {logging_mixin.py:188} INFO - [2024-08-01T13:36:06.465+0000] {dagbag.py:545} INFO - Filling up the DagBag from /opt/airflow/dags/my_dag.py
[2024-08-01T13:36:06.953+0000] {processor.py:840} INFO - DAG(s) 'pipeline_dag' retrieved from /opt/airflow/dags/my_dag.py
[2024-08-01T13:36:07.229+0000] {logging_mixin.py:188} INFO - [2024-08-01T13:36:07.228+0000] {dag.py:3096} INFO - Sync 1 DAGs
[2024-08-01T13:36:07.250+0000] {logging_mixin.py:188} INFO - [2024-08-01T13:36:07.250+0000] {dag.py:3954} INFO - Setting next_dagrun for pipeline_dag to 2024-08-01 00:00:00+00:00, run_after=2024-08-02 00:00:00+00:00
[2024-08-01T13:36:07.287+0000] {processor.py:183} INFO - Processing /opt/airflow/dags/my_dag.py took 0.830 seconds
[2024-08-01T13:36:37.586+0000] {processor.py:161} INFO - Started process (PID=39) to work on /opt/airflow/dags/my_dag.py
[2024-08-01T13:36:37.587+0000] {processor.py:830} INFO - Processing file /opt/airflow/dags/my_dag.py for tasks to queue
[2024-08-01T13:36:37.589+0000] {logging_mixin.py:188} INFO - [2024-08-01T13:36:37.589+0000] {dagbag.py:545} INFO - Filling up the DagBag from /opt/airflow/dags/my_dag.py
[2024-08-01T13:36:38.079+0000] {processor.py:840} INFO - DAG(s) 'pipeline_dag' retrieved from /opt/airflow/dags/my_dag.py
[2024-08-01T13:36:38.100+0000] {logging_mixin.py:188} INFO - [2024-08-01T13:36:38.100+0000] {dag.py:3096} INFO - Sync 1 DAGs
[2024-08-01T13:36:38.117+0000] {logging_mixin.py:188} INFO - [2024-08-01T13:36:38.117+0000] {dag.py:3954} INFO - Setting next_dagrun for pipeline_dag to 2024-08-01 00:00:00+00:00, run_after=2024-08-02 00:00:00+00:00
[2024-08-01T13:36:38.151+0000] {processor.py:183} INFO - Processing /opt/airflow/dags/my_dag.py took 0.570 seconds
[2024-08-01T13:37:08.448+0000] {processor.py:161} INFO - Started process (PID=47) to work on /opt/airflow/dags/my_dag.py
[2024-08-01T13:37:08.449+0000] {processor.py:830} INFO - Processing file /opt/airflow/dags/my_dag.py for tasks to queue
[2024-08-01T13:37:08.451+0000] {logging_mixin.py:188} INFO - [2024-08-01T13:37:08.451+0000] {dagbag.py:545} INFO - Filling up the DagBag from /opt/airflow/dags/my_dag.py
[2024-08-01T13:37:08.897+0000] {processor.py:840} INFO - DAG(s) 'pipeline_dag' retrieved from /opt/airflow/dags/my_dag.py
[2024-08-01T13:37:08.926+0000] {logging_mixin.py:188} INFO - [2024-08-01T13:37:08.926+0000] {dag.py:3096} INFO - Sync 1 DAGs
[2024-08-01T13:37:08.954+0000] {logging_mixin.py:188} INFO - [2024-08-01T13:37:08.954+0000] {dag.py:3954} INFO - Setting next_dagrun for pipeline_dag to 2024-08-01 00:00:00+00:00, run_after=2024-08-02 00:00:00+00:00
[2024-08-01T13:37:08.978+0000] {processor.py:183} INFO - Processing /opt/airflow/dags/my_dag.py took 0.536 seconds
[2024-08-01T13:37:39.177+0000] {processor.py:161} INFO - Started process (PID=55) to work on /opt/airflow/dags/my_dag.py
[2024-08-01T13:37:39.178+0000] {processor.py:830} INFO - Processing file /opt/airflow/dags/my_dag.py for tasks to queue
[2024-08-01T13:37:39.180+0000] {logging_mixin.py:188} INFO - [2024-08-01T13:37:39.180+0000] {dagbag.py:545} INFO - Filling up the DagBag from /opt/airflow/dags/my_dag.py
[2024-08-01T13:37:39.686+0000] {processor.py:840} INFO - DAG(s) 'pipeline_dag' retrieved from /opt/airflow/dags/my_dag.py
[2024-08-01T13:37:39.708+0000] {logging_mixin.py:188} INFO - [2024-08-01T13:37:39.708+0000] {dag.py:3096} INFO - Sync 1 DAGs
[2024-08-01T13:37:39.724+0000] {logging_mixin.py:188} INFO - [2024-08-01T13:37:39.724+0000] {dag.py:3954} INFO - Setting next_dagrun for pipeline_dag to 2024-08-01 00:00:00+00:00, run_after=2024-08-02 00:00:00+00:00
[2024-08-01T13:37:39.759+0000] {processor.py:183} INFO - Processing /opt/airflow/dags/my_dag.py took 0.586 seconds
[2024-08-01T13:38:09.995+0000] {processor.py:161} INFO - Started process (PID=71) to work on /opt/airflow/dags/my_dag.py
[2024-08-01T13:38:09.996+0000] {processor.py:830} INFO - Processing file /opt/airflow/dags/my_dag.py for tasks to queue
[2024-08-01T13:38:09.998+0000] {logging_mixin.py:188} INFO - [2024-08-01T13:38:09.998+0000] {dagbag.py:545} INFO - Filling up the DagBag from /opt/airflow/dags/my_dag.py
[2024-08-01T13:38:10.480+0000] {processor.py:840} INFO - DAG(s) 'pipeline_dag' retrieved from /opt/airflow/dags/my_dag.py
[2024-08-01T13:38:10.508+0000] {logging_mixin.py:188} INFO - [2024-08-01T13:38:10.507+0000] {dag.py:3096} INFO - Sync 1 DAGs
[2024-08-01T13:38:10.528+0000] {logging_mixin.py:188} INFO - [2024-08-01T13:38:10.528+0000] {dag.py:3954} INFO - Setting next_dagrun for pipeline_dag to 2024-08-01 00:00:00+00:00, run_after=2024-08-02 00:00:00+00:00
[2024-08-01T13:38:10.572+0000] {processor.py:183} INFO - Processing /opt/airflow/dags/my_dag.py took 0.582 seconds
[2024-08-01T13:38:40.812+0000] {processor.py:161} INFO - Started process (PID=79) to work on /opt/airflow/dags/my_dag.py
[2024-08-01T13:38:40.814+0000] {processor.py:830} INFO - Processing file /opt/airflow/dags/my_dag.py for tasks to queue
[2024-08-01T13:38:40.816+0000] {logging_mixin.py:188} INFO - [2024-08-01T13:38:40.815+0000] {dagbag.py:545} INFO - Filling up the DagBag from /opt/airflow/dags/my_dag.py
[2024-08-01T13:38:41.253+0000] {processor.py:840} INFO - DAG(s) 'pipeline_dag' retrieved from /opt/airflow/dags/my_dag.py
[2024-08-01T13:38:41.273+0000] {logging_mixin.py:188} INFO - [2024-08-01T13:38:41.273+0000] {dag.py:3096} INFO - Sync 1 DAGs
[2024-08-01T13:38:41.289+0000] {logging_mixin.py:188} INFO - [2024-08-01T13:38:41.289+0000] {dag.py:3954} INFO - Setting next_dagrun for pipeline_dag to 2024-08-01 00:00:00+00:00, run_after=2024-08-02 00:00:00+00:00
[2024-08-01T13:38:41.324+0000] {processor.py:183} INFO - Processing /opt/airflow/dags/my_dag.py took 0.518 seconds
[2024-08-01T13:39:11.571+0000] {processor.py:161} INFO - Started process (PID=87) to work on /opt/airflow/dags/my_dag.py
[2024-08-01T13:39:11.572+0000] {processor.py:830} INFO - Processing file /opt/airflow/dags/my_dag.py for tasks to queue
[2024-08-01T13:39:11.574+0000] {logging_mixin.py:188} INFO - [2024-08-01T13:39:11.574+0000] {dagbag.py:545} INFO - Filling up the DagBag from /opt/airflow/dags/my_dag.py
[2024-08-01T13:39:12.009+0000] {processor.py:840} INFO - DAG(s) 'pipeline_dag' retrieved from /opt/airflow/dags/my_dag.py
[2024-08-01T13:39:12.029+0000] {logging_mixin.py:188} INFO - [2024-08-01T13:39:12.029+0000] {dag.py:3096} INFO - Sync 1 DAGs
[2024-08-01T13:39:12.047+0000] {logging_mixin.py:188} INFO - [2024-08-01T13:39:12.047+0000] {dag.py:3954} INFO - Setting next_dagrun for pipeline_dag to 2024-08-01 00:00:00+00:00, run_after=2024-08-02 00:00:00+00:00
[2024-08-01T13:39:12.069+0000] {processor.py:183} INFO - Processing /opt/airflow/dags/my_dag.py took 0.503 seconds
[2024-08-01T13:39:42.196+0000] {processor.py:161} INFO - Started process (PID=95) to work on /opt/airflow/dags/my_dag.py
[2024-08-01T13:39:42.197+0000] {processor.py:830} INFO - Processing file /opt/airflow/dags/my_dag.py for tasks to queue
[2024-08-01T13:39:42.198+0000] {logging_mixin.py:188} INFO - [2024-08-01T13:39:42.198+0000] {dagbag.py:545} INFO - Filling up the DagBag from /opt/airflow/dags/my_dag.py
[2024-08-01T13:39:42.742+0000] {processor.py:840} INFO - DAG(s) 'pipeline_dag' retrieved from /opt/airflow/dags/my_dag.py
[2024-08-01T13:39:42.778+0000] {logging_mixin.py:188} INFO - [2024-08-01T13:39:42.778+0000] {dag.py:3096} INFO - Sync 1 DAGs
[2024-08-01T13:39:42.803+0000] {logging_mixin.py:188} INFO - [2024-08-01T13:39:42.803+0000] {dag.py:3954} INFO - Setting next_dagrun for pipeline_dag to 2024-08-01 00:00:00+00:00, run_after=2024-08-02 00:00:00+00:00
[2024-08-01T13:39:42.828+0000] {processor.py:183} INFO - Processing /opt/airflow/dags/my_dag.py took 0.638 seconds
[2024-08-01T13:40:38.256+0000] {processor.py:161} INFO - Started process (PID=30) to work on /opt/airflow/dags/my_dag.py
[2024-08-01T13:40:38.257+0000] {processor.py:830} INFO - Processing file /opt/airflow/dags/my_dag.py for tasks to queue
[2024-08-01T13:40:38.259+0000] {logging_mixin.py:188} INFO - [2024-08-01T13:40:38.259+0000] {dagbag.py:545} INFO - Filling up the DagBag from /opt/airflow/dags/my_dag.py
[2024-08-01T13:40:38.649+0000] {processor.py:840} INFO - DAG(s) 'pipeline_dag' retrieved from /opt/airflow/dags/my_dag.py
[2024-08-01T13:40:38.905+0000] {logging_mixin.py:188} INFO - [2024-08-01T13:40:38.904+0000] {dag.py:3096} INFO - Sync 1 DAGs
[2024-08-01T13:40:38.921+0000] {logging_mixin.py:188} INFO - [2024-08-01T13:40:38.921+0000] {dag.py:3954} INFO - Setting next_dagrun for pipeline_dag to 2024-08-01 00:00:00+00:00, run_after=2024-08-02 00:00:00+00:00
[2024-08-01T13:40:38.953+0000] {processor.py:183} INFO - Processing /opt/airflow/dags/my_dag.py took 0.705 seconds
[2024-08-01T13:41:09.207+0000] {processor.py:161} INFO - Started process (PID=38) to work on /opt/airflow/dags/my_dag.py
[2024-08-01T13:41:09.208+0000] {processor.py:830} INFO - Processing file /opt/airflow/dags/my_dag.py for tasks to queue
[2024-08-01T13:41:09.210+0000] {logging_mixin.py:188} INFO - [2024-08-01T13:41:09.209+0000] {dagbag.py:545} INFO - Filling up the DagBag from /opt/airflow/dags/my_dag.py
[2024-08-01T13:41:09.732+0000] {processor.py:840} INFO - DAG(s) 'pipeline_dag' retrieved from /opt/airflow/dags/my_dag.py
[2024-08-01T13:41:09.751+0000] {logging_mixin.py:188} INFO - [2024-08-01T13:41:09.751+0000] {dag.py:3096} INFO - Sync 1 DAGs
[2024-08-01T13:41:09.765+0000] {logging_mixin.py:188} INFO - [2024-08-01T13:41:09.765+0000] {dag.py:3954} INFO - Setting next_dagrun for pipeline_dag to 2024-08-01 00:00:00+00:00, run_after=2024-08-02 00:00:00+00:00
[2024-08-01T13:41:09.799+0000] {processor.py:183} INFO - Processing /opt/airflow/dags/my_dag.py took 0.599 seconds
[2024-08-01T13:41:40.048+0000] {processor.py:161} INFO - Started process (PID=50) to work on /opt/airflow/dags/my_dag.py
[2024-08-01T13:41:40.049+0000] {processor.py:830} INFO - Processing file /opt/airflow/dags/my_dag.py for tasks to queue
[2024-08-01T13:41:40.051+0000] {logging_mixin.py:188} INFO - [2024-08-01T13:41:40.051+0000] {dagbag.py:545} INFO - Filling up the DagBag from /opt/airflow/dags/my_dag.py
[2024-08-01T13:41:40.551+0000] {processor.py:840} INFO - DAG(s) 'pipeline_dag' retrieved from /opt/airflow/dags/my_dag.py
[2024-08-01T13:41:40.572+0000] {logging_mixin.py:188} INFO - [2024-08-01T13:41:40.572+0000] {dag.py:3096} INFO - Sync 1 DAGs
[2024-08-01T13:41:40.590+0000] {logging_mixin.py:188} INFO - [2024-08-01T13:41:40.589+0000] {dag.py:3954} INFO - Setting next_dagrun for pipeline_dag to 2024-08-01 00:00:00+00:00, run_after=2024-08-02 00:00:00+00:00
[2024-08-01T13:41:40.624+0000] {processor.py:183} INFO - Processing /opt/airflow/dags/my_dag.py took 0.582 seconds
[2024-08-01T13:42:10.872+0000] {processor.py:161} INFO - Started process (PID=62) to work on /opt/airflow/dags/my_dag.py
[2024-08-01T13:42:10.874+0000] {processor.py:830} INFO - Processing file /opt/airflow/dags/my_dag.py for tasks to queue
[2024-08-01T13:42:10.876+0000] {logging_mixin.py:188} INFO - [2024-08-01T13:42:10.875+0000] {dagbag.py:545} INFO - Filling up the DagBag from /opt/airflow/dags/my_dag.py
[2024-08-01T13:42:11.390+0000] {processor.py:840} INFO - DAG(s) 'pipeline_dag' retrieved from /opt/airflow/dags/my_dag.py
[2024-08-01T13:42:11.413+0000] {logging_mixin.py:188} INFO - [2024-08-01T13:42:11.412+0000] {dag.py:3096} INFO - Sync 1 DAGs
[2024-08-01T13:42:11.430+0000] {logging_mixin.py:188} INFO - [2024-08-01T13:42:11.430+0000] {dag.py:3954} INFO - Setting next_dagrun for pipeline_dag to 2024-08-01 00:00:00+00:00, run_after=2024-08-02 00:00:00+00:00
[2024-08-01T13:42:11.464+0000] {processor.py:183} INFO - Processing /opt/airflow/dags/my_dag.py took 0.597 seconds
[2024-08-01T13:42:41.706+0000] {processor.py:161} INFO - Started process (PID=70) to work on /opt/airflow/dags/my_dag.py
[2024-08-01T13:42:41.707+0000] {processor.py:830} INFO - Processing file /opt/airflow/dags/my_dag.py for tasks to queue
[2024-08-01T13:42:41.709+0000] {logging_mixin.py:188} INFO - [2024-08-01T13:42:41.709+0000] {dagbag.py:545} INFO - Filling up the DagBag from /opt/airflow/dags/my_dag.py
[2024-08-01T13:42:42.168+0000] {processor.py:840} INFO - DAG(s) 'pipeline_dag' retrieved from /opt/airflow/dags/my_dag.py
[2024-08-01T13:42:42.195+0000] {logging_mixin.py:188} INFO - [2024-08-01T13:42:42.194+0000] {dag.py:3096} INFO - Sync 1 DAGs
[2024-08-01T13:42:42.215+0000] {logging_mixin.py:188} INFO - [2024-08-01T13:42:42.214+0000] {dag.py:3954} INFO - Setting next_dagrun for pipeline_dag to 2024-08-01 00:00:00+00:00, run_after=2024-08-02 00:00:00+00:00
[2024-08-01T13:42:42.237+0000] {processor.py:183} INFO - Processing /opt/airflow/dags/my_dag.py took 0.538 seconds
[2024-08-01T13:43:12.479+0000] {processor.py:161} INFO - Started process (PID=78) to work on /opt/airflow/dags/my_dag.py
[2024-08-01T13:43:12.480+0000] {processor.py:830} INFO - Processing file /opt/airflow/dags/my_dag.py for tasks to queue
[2024-08-01T13:43:12.482+0000] {logging_mixin.py:188} INFO - [2024-08-01T13:43:12.482+0000] {dagbag.py:545} INFO - Filling up the DagBag from /opt/airflow/dags/my_dag.py
[2024-08-01T13:43:12.936+0000] {processor.py:840} INFO - DAG(s) 'pipeline_dag' retrieved from /opt/airflow/dags/my_dag.py
[2024-08-01T13:43:12.957+0000] {logging_mixin.py:188} INFO - [2024-08-01T13:43:12.957+0000] {dag.py:3096} INFO - Sync 1 DAGs
[2024-08-01T13:43:12.973+0000] {logging_mixin.py:188} INFO - [2024-08-01T13:43:12.973+0000] {dag.py:3954} INFO - Setting next_dagrun for pipeline_dag to 2024-08-01 00:00:00+00:00, run_after=2024-08-02 00:00:00+00:00
[2024-08-01T13:43:12.995+0000] {processor.py:183} INFO - Processing /opt/airflow/dags/my_dag.py took 0.521 seconds
[2024-08-01T13:43:43.148+0000] {processor.py:161} INFO - Started process (PID=86) to work on /opt/airflow/dags/my_dag.py
[2024-08-01T13:43:43.149+0000] {processor.py:830} INFO - Processing file /opt/airflow/dags/my_dag.py for tasks to queue
[2024-08-01T13:43:43.151+0000] {logging_mixin.py:188} INFO - [2024-08-01T13:43:43.151+0000] {dagbag.py:545} INFO - Filling up the DagBag from /opt/airflow/dags/my_dag.py
[2024-08-01T13:43:43.580+0000] {processor.py:840} INFO - DAG(s) 'pipeline_dag' retrieved from /opt/airflow/dags/my_dag.py
[2024-08-01T13:43:43.599+0000] {logging_mixin.py:188} INFO - [2024-08-01T13:43:43.599+0000] {dag.py:3096} INFO - Sync 1 DAGs
[2024-08-01T13:43:43.615+0000] {logging_mixin.py:188} INFO - [2024-08-01T13:43:43.615+0000] {dag.py:3954} INFO - Setting next_dagrun for pipeline_dag to 2024-08-01 00:00:00+00:00, run_after=2024-08-02 00:00:00+00:00
[2024-08-01T13:43:43.637+0000] {processor.py:183} INFO - Processing /opt/airflow/dags/my_dag.py took 0.494 seconds
[2024-08-01T13:49:25.118+0000] {processor.py:161} INFO - Started process (PID=30) to work on /opt/airflow/dags/my_dag.py
[2024-08-01T13:49:25.119+0000] {processor.py:830} INFO - Processing file /opt/airflow/dags/my_dag.py for tasks to queue
[2024-08-01T13:49:25.122+0000] {logging_mixin.py:188} INFO - [2024-08-01T13:49:25.121+0000] {dagbag.py:545} INFO - Filling up the DagBag from /opt/airflow/dags/my_dag.py
[2024-08-01T13:49:25.573+0000] {processor.py:840} INFO - DAG(s) 'pipeline_dag' retrieved from /opt/airflow/dags/my_dag.py
[2024-08-01T13:49:25.886+0000] {logging_mixin.py:188} INFO - [2024-08-01T13:49:25.886+0000] {dag.py:3096} INFO - Sync 1 DAGs
[2024-08-01T13:49:25.922+0000] {logging_mixin.py:188} INFO - [2024-08-01T13:49:25.922+0000] {dag.py:3954} INFO - Setting next_dagrun for pipeline_dag to 2024-08-01 00:00:00+00:00, run_after=2024-08-02 00:00:00+00:00
[2024-08-01T13:49:25.959+0000] {processor.py:183} INFO - Processing /opt/airflow/dags/my_dag.py took 0.845 seconds
[2024-08-01T13:49:56.238+0000] {processor.py:161} INFO - Started process (PID=38) to work on /opt/airflow/dags/my_dag.py
[2024-08-01T13:49:56.239+0000] {processor.py:830} INFO - Processing file /opt/airflow/dags/my_dag.py for tasks to queue
[2024-08-01T13:49:56.242+0000] {logging_mixin.py:188} INFO - [2024-08-01T13:49:56.241+0000] {dagbag.py:545} INFO - Filling up the DagBag from /opt/airflow/dags/my_dag.py
[2024-08-01T13:49:56.686+0000] {processor.py:840} INFO - DAG(s) 'pipeline_dag' retrieved from /opt/airflow/dags/my_dag.py
[2024-08-01T13:49:56.707+0000] {logging_mixin.py:188} INFO - [2024-08-01T13:49:56.707+0000] {dag.py:3096} INFO - Sync 1 DAGs
[2024-08-01T13:49:56.722+0000] {logging_mixin.py:188} INFO - [2024-08-01T13:49:56.722+0000] {dag.py:3954} INFO - Setting next_dagrun for pipeline_dag to 2024-08-01 00:00:00+00:00, run_after=2024-08-02 00:00:00+00:00
[2024-08-01T13:49:56.758+0000] {processor.py:183} INFO - Processing /opt/airflow/dags/my_dag.py took 0.525 seconds
[2024-08-01T13:50:27.056+0000] {processor.py:161} INFO - Started process (PID=46) to work on /opt/airflow/dags/my_dag.py
[2024-08-01T13:50:27.057+0000] {processor.py:830} INFO - Processing file /opt/airflow/dags/my_dag.py for tasks to queue
[2024-08-01T13:50:27.059+0000] {logging_mixin.py:188} INFO - [2024-08-01T13:50:27.059+0000] {dagbag.py:545} INFO - Filling up the DagBag from /opt/airflow/dags/my_dag.py
[2024-08-01T13:50:27.514+0000] {processor.py:840} INFO - DAG(s) 'pipeline_dag' retrieved from /opt/airflow/dags/my_dag.py
[2024-08-01T13:50:27.536+0000] {logging_mixin.py:188} INFO - [2024-08-01T13:50:27.536+0000] {dag.py:3096} INFO - Sync 1 DAGs
[2024-08-01T13:50:27.552+0000] {logging_mixin.py:188} INFO - [2024-08-01T13:50:27.552+0000] {dag.py:3954} INFO - Setting next_dagrun for pipeline_dag to 2024-08-01 00:00:00+00:00, run_after=2024-08-02 00:00:00+00:00
[2024-08-01T13:50:27.586+0000] {processor.py:183} INFO - Processing /opt/airflow/dags/my_dag.py took 0.536 seconds
[2024-08-01T13:50:57.804+0000] {processor.py:161} INFO - Started process (PID=58) to work on /opt/airflow/dags/my_dag.py
[2024-08-01T13:50:57.805+0000] {processor.py:830} INFO - Processing file /opt/airflow/dags/my_dag.py for tasks to queue
[2024-08-01T13:50:57.808+0000] {logging_mixin.py:188} INFO - [2024-08-01T13:50:57.807+0000] {dagbag.py:545} INFO - Filling up the DagBag from /opt/airflow/dags/my_dag.py
[2024-08-01T13:50:58.322+0000] {processor.py:840} INFO - DAG(s) 'pipeline_dag' retrieved from /opt/airflow/dags/my_dag.py
[2024-08-01T13:50:58.349+0000] {logging_mixin.py:188} INFO - [2024-08-01T13:50:58.349+0000] {dag.py:3096} INFO - Sync 1 DAGs
[2024-08-01T13:50:58.368+0000] {logging_mixin.py:188} INFO - [2024-08-01T13:50:58.368+0000] {dag.py:3954} INFO - Setting next_dagrun for pipeline_dag to 2024-08-01 00:00:00+00:00, run_after=2024-08-02 00:00:00+00:00
[2024-08-01T13:50:58.390+0000] {processor.py:183} INFO - Processing /opt/airflow/dags/my_dag.py took 0.595 seconds
[2024-08-01T13:51:28.666+0000] {processor.py:161} INFO - Started process (PID=70) to work on /opt/airflow/dags/my_dag.py
[2024-08-01T13:51:28.668+0000] {processor.py:830} INFO - Processing file /opt/airflow/dags/my_dag.py for tasks to queue
[2024-08-01T13:51:28.670+0000] {logging_mixin.py:188} INFO - [2024-08-01T13:51:28.670+0000] {dagbag.py:545} INFO - Filling up the DagBag from /opt/airflow/dags/my_dag.py
[2024-08-01T13:51:29.163+0000] {processor.py:840} INFO - DAG(s) 'pipeline_dag' retrieved from /opt/airflow/dags/my_dag.py
[2024-08-01T13:51:29.188+0000] {logging_mixin.py:188} INFO - [2024-08-01T13:51:29.188+0000] {dag.py:3096} INFO - Sync 1 DAGs
[2024-08-01T13:51:29.208+0000] {logging_mixin.py:188} INFO - [2024-08-01T13:51:29.207+0000] {dag.py:3954} INFO - Setting next_dagrun for pipeline_dag to 2024-08-01 00:00:00+00:00, run_after=2024-08-02 00:00:00+00:00
[2024-08-01T13:51:29.231+0000] {processor.py:183} INFO - Processing /opt/airflow/dags/my_dag.py took 0.569 seconds
[2024-08-01T13:51:59.289+0000] {processor.py:161} INFO - Started process (PID=78) to work on /opt/airflow/dags/my_dag.py
[2024-08-01T13:51:59.290+0000] {processor.py:830} INFO - Processing file /opt/airflow/dags/my_dag.py for tasks to queue
[2024-08-01T13:51:59.293+0000] {logging_mixin.py:188} INFO - [2024-08-01T13:51:59.293+0000] {dagbag.py:545} INFO - Filling up the DagBag from /opt/airflow/dags/my_dag.py
[2024-08-01T13:51:59.846+0000] {processor.py:840} INFO - DAG(s) 'pipeline_dag' retrieved from /opt/airflow/dags/my_dag.py
[2024-08-01T13:51:59.872+0000] {logging_mixin.py:188} INFO - [2024-08-01T13:51:59.871+0000] {dag.py:3096} INFO - Sync 1 DAGs
[2024-08-01T13:51:59.892+0000] {logging_mixin.py:188} INFO - [2024-08-01T13:51:59.891+0000] {dag.py:3954} INFO - Setting next_dagrun for pipeline_dag to 2024-08-01 00:00:00+00:00, run_after=2024-08-02 00:00:00+00:00
[2024-08-01T13:51:59.920+0000] {processor.py:183} INFO - Processing /opt/airflow/dags/my_dag.py took 0.637 seconds
[2024-08-01T13:52:30.192+0000] {processor.py:161} INFO - Started process (PID=86) to work on /opt/airflow/dags/my_dag.py
[2024-08-01T13:52:30.193+0000] {processor.py:830} INFO - Processing file /opt/airflow/dags/my_dag.py for tasks to queue
[2024-08-01T13:52:30.195+0000] {logging_mixin.py:188} INFO - [2024-08-01T13:52:30.195+0000] {dagbag.py:545} INFO - Filling up the DagBag from /opt/airflow/dags/my_dag.py
[2024-08-01T13:52:30.647+0000] {processor.py:840} INFO - DAG(s) 'pipeline_dag' retrieved from /opt/airflow/dags/my_dag.py
[2024-08-01T13:52:30.670+0000] {logging_mixin.py:188} INFO - [2024-08-01T13:52:30.670+0000] {dag.py:3096} INFO - Sync 1 DAGs
[2024-08-01T13:52:30.687+0000] {logging_mixin.py:188} INFO - [2024-08-01T13:52:30.687+0000] {dag.py:3954} INFO - Setting next_dagrun for pipeline_dag to 2024-08-01 00:00:00+00:00, run_after=2024-08-02 00:00:00+00:00
[2024-08-01T13:52:30.714+0000] {processor.py:183} INFO - Processing /opt/airflow/dags/my_dag.py took 0.528 seconds
[2024-08-01T13:53:00.900+0000] {processor.py:161} INFO - Started process (PID=94) to work on /opt/airflow/dags/my_dag.py
[2024-08-01T13:53:00.901+0000] {processor.py:830} INFO - Processing file /opt/airflow/dags/my_dag.py for tasks to queue
[2024-08-01T13:53:00.903+0000] {logging_mixin.py:188} INFO - [2024-08-01T13:53:00.903+0000] {dagbag.py:545} INFO - Filling up the DagBag from /opt/airflow/dags/my_dag.py
[2024-08-01T13:53:01.426+0000] {processor.py:840} INFO - DAG(s) 'pipeline_dag' retrieved from /opt/airflow/dags/my_dag.py
[2024-08-01T13:53:01.453+0000] {logging_mixin.py:188} INFO - [2024-08-01T13:53:01.452+0000] {dag.py:3096} INFO - Sync 1 DAGs
[2024-08-01T13:53:01.474+0000] {logging_mixin.py:188} INFO - [2024-08-01T13:53:01.474+0000] {dag.py:3954} INFO - Setting next_dagrun for pipeline_dag to 2024-08-01 00:00:00+00:00, run_after=2024-08-02 00:00:00+00:00
[2024-08-01T13:53:01.513+0000] {processor.py:183} INFO - Processing /opt/airflow/dags/my_dag.py took 0.618 seconds
[2024-08-01T13:58:25.704+0000] {processor.py:161} INFO - Started process (PID=30) to work on /opt/airflow/dags/my_dag.py
[2024-08-01T13:58:25.705+0000] {processor.py:830} INFO - Processing file /opt/airflow/dags/my_dag.py for tasks to queue
[2024-08-01T13:58:25.707+0000] {logging_mixin.py:188} INFO - [2024-08-01T13:58:25.707+0000] {dagbag.py:545} INFO - Filling up the DagBag from /opt/airflow/dags/my_dag.py
[2024-08-01T13:58:26.129+0000] {processor.py:840} INFO - DAG(s) 'pipeline_dag' retrieved from /opt/airflow/dags/my_dag.py
[2024-08-01T13:58:26.400+0000] {logging_mixin.py:188} INFO - [2024-08-01T13:58:26.399+0000] {dag.py:3096} INFO - Sync 1 DAGs
[2024-08-01T13:58:26.426+0000] {logging_mixin.py:188} INFO - [2024-08-01T13:58:26.426+0000] {dag.py:3954} INFO - Setting next_dagrun for pipeline_dag to 2024-08-01 00:00:00+00:00, run_after=2024-08-02 00:00:00+00:00
[2024-08-01T13:58:26.453+0000] {processor.py:183} INFO - Processing /opt/airflow/dags/my_dag.py took 0.755 seconds
[2024-08-01T13:58:56.717+0000] {processor.py:161} INFO - Started process (PID=38) to work on /opt/airflow/dags/my_dag.py
[2024-08-01T13:58:56.718+0000] {processor.py:830} INFO - Processing file /opt/airflow/dags/my_dag.py for tasks to queue
[2024-08-01T13:58:56.720+0000] {logging_mixin.py:188} INFO - [2024-08-01T13:58:56.720+0000] {dagbag.py:545} INFO - Filling up the DagBag from /opt/airflow/dags/my_dag.py
[2024-08-01T13:58:57.172+0000] {processor.py:840} INFO - DAG(s) 'pipeline_dag' retrieved from /opt/airflow/dags/my_dag.py
[2024-08-01T13:58:57.192+0000] {logging_mixin.py:188} INFO - [2024-08-01T13:58:57.192+0000] {dag.py:3096} INFO - Sync 1 DAGs
[2024-08-01T13:58:57.208+0000] {logging_mixin.py:188} INFO - [2024-08-01T13:58:57.207+0000] {dag.py:3954} INFO - Setting next_dagrun for pipeline_dag to 2024-08-01 00:00:00+00:00, run_after=2024-08-02 00:00:00+00:00
[2024-08-01T13:58:57.240+0000] {processor.py:183} INFO - Processing /opt/airflow/dags/my_dag.py took 0.530 seconds
[2024-08-01T13:59:27.497+0000] {processor.py:161} INFO - Started process (PID=46) to work on /opt/airflow/dags/my_dag.py
[2024-08-01T13:59:27.499+0000] {processor.py:830} INFO - Processing file /opt/airflow/dags/my_dag.py for tasks to queue
[2024-08-01T13:59:27.501+0000] {logging_mixin.py:188} INFO - [2024-08-01T13:59:27.500+0000] {dagbag.py:545} INFO - Filling up the DagBag from /opt/airflow/dags/my_dag.py
[2024-08-01T13:59:27.947+0000] {processor.py:840} INFO - DAG(s) 'pipeline_dag' retrieved from /opt/airflow/dags/my_dag.py
[2024-08-01T13:59:27.968+0000] {logging_mixin.py:188} INFO - [2024-08-01T13:59:27.968+0000] {dag.py:3096} INFO - Sync 1 DAGs
[2024-08-01T13:59:27.985+0000] {logging_mixin.py:188} INFO - [2024-08-01T13:59:27.985+0000] {dag.py:3954} INFO - Setting next_dagrun for pipeline_dag to 2024-08-01 00:00:00+00:00, run_after=2024-08-02 00:00:00+00:00
[2024-08-01T13:59:28.017+0000] {processor.py:183} INFO - Processing /opt/airflow/dags/my_dag.py took 0.525 seconds
[2024-08-01T13:59:58.279+0000] {processor.py:161} INFO - Started process (PID=54) to work on /opt/airflow/dags/my_dag.py
[2024-08-01T13:59:58.280+0000] {processor.py:830} INFO - Processing file /opt/airflow/dags/my_dag.py for tasks to queue
[2024-08-01T13:59:58.282+0000] {logging_mixin.py:188} INFO - [2024-08-01T13:59:58.282+0000] {dagbag.py:545} INFO - Filling up the DagBag from /opt/airflow/dags/my_dag.py
[2024-08-01T13:59:58.769+0000] {processor.py:840} INFO - DAG(s) 'pipeline_dag' retrieved from /opt/airflow/dags/my_dag.py
[2024-08-01T13:59:58.791+0000] {logging_mixin.py:188} INFO - [2024-08-01T13:59:58.791+0000] {dag.py:3096} INFO - Sync 1 DAGs
[2024-08-01T13:59:58.807+0000] {logging_mixin.py:188} INFO - [2024-08-01T13:59:58.807+0000] {dag.py:3954} INFO - Setting next_dagrun for pipeline_dag to 2024-08-01 00:00:00+00:00, run_after=2024-08-02 00:00:00+00:00
[2024-08-01T13:59:58.829+0000] {processor.py:183} INFO - Processing /opt/airflow/dags/my_dag.py took 0.556 seconds
[2024-08-01T14:00:28.902+0000] {processor.py:161} INFO - Started process (PID=70) to work on /opt/airflow/dags/my_dag.py
[2024-08-01T14:00:28.904+0000] {processor.py:830} INFO - Processing file /opt/airflow/dags/my_dag.py for tasks to queue
[2024-08-01T14:00:28.906+0000] {logging_mixin.py:188} INFO - [2024-08-01T14:00:28.906+0000] {dagbag.py:545} INFO - Filling up the DagBag from /opt/airflow/dags/my_dag.py
[2024-08-01T14:00:29.384+0000] {processor.py:840} INFO - DAG(s) 'pipeline_dag' retrieved from /opt/airflow/dags/my_dag.py
[2024-08-01T14:00:29.418+0000] {logging_mixin.py:188} INFO - [2024-08-01T14:00:29.418+0000] {dag.py:3096} INFO - Sync 1 DAGs
[2024-08-01T14:00:29.436+0000] {logging_mixin.py:188} INFO - [2024-08-01T14:00:29.436+0000] {dag.py:3954} INFO - Setting next_dagrun for pipeline_dag to 2024-08-01 00:00:00+00:00, run_after=2024-08-02 00:00:00+00:00
[2024-08-01T14:00:29.471+0000] {processor.py:183} INFO - Processing /opt/airflow/dags/my_dag.py took 0.574 seconds
[2024-08-01T14:00:59.724+0000] {processor.py:161} INFO - Started process (PID=78) to work on /opt/airflow/dags/my_dag.py
[2024-08-01T14:00:59.726+0000] {processor.py:830} INFO - Processing file /opt/airflow/dags/my_dag.py for tasks to queue
[2024-08-01T14:00:59.728+0000] {logging_mixin.py:188} INFO - [2024-08-01T14:00:59.727+0000] {dagbag.py:545} INFO - Filling up the DagBag from /opt/airflow/dags/my_dag.py
[2024-08-01T14:01:00.183+0000] {processor.py:840} INFO - DAG(s) 'pipeline_dag' retrieved from /opt/airflow/dags/my_dag.py
[2024-08-01T14:01:00.205+0000] {logging_mixin.py:188} INFO - [2024-08-01T14:01:00.204+0000] {dag.py:3096} INFO - Sync 1 DAGs
[2024-08-01T14:01:00.220+0000] {logging_mixin.py:188} INFO - [2024-08-01T14:01:00.220+0000] {dag.py:3954} INFO - Setting next_dagrun for pipeline_dag to 2024-08-01 00:00:00+00:00, run_after=2024-08-02 00:00:00+00:00
[2024-08-01T14:01:00.249+0000] {processor.py:183} INFO - Processing /opt/airflow/dags/my_dag.py took 0.529 seconds
[2024-08-01T14:01:30.431+0000] {processor.py:161} INFO - Started process (PID=86) to work on /opt/airflow/dags/my_dag.py
[2024-08-01T14:01:30.432+0000] {processor.py:830} INFO - Processing file /opt/airflow/dags/my_dag.py for tasks to queue
[2024-08-01T14:01:30.435+0000] {logging_mixin.py:188} INFO - [2024-08-01T14:01:30.434+0000] {dagbag.py:545} INFO - Filling up the DagBag from /opt/airflow/dags/my_dag.py
[2024-08-01T14:01:30.958+0000] {processor.py:840} INFO - DAG(s) 'pipeline_dag' retrieved from /opt/airflow/dags/my_dag.py
[2024-08-01T14:01:30.978+0000] {logging_mixin.py:188} INFO - [2024-08-01T14:01:30.978+0000] {dag.py:3096} INFO - Sync 1 DAGs
[2024-08-01T14:01:30.997+0000] {logging_mixin.py:188} INFO - [2024-08-01T14:01:30.997+0000] {dag.py:3954} INFO - Setting next_dagrun for pipeline_dag to 2024-08-01 00:00:00+00:00, run_after=2024-08-02 00:00:00+00:00
[2024-08-01T14:01:31.018+0000] {processor.py:183} INFO - Processing /opt/airflow/dags/my_dag.py took 0.593 seconds
[2024-08-01T14:02:01.260+0000] {processor.py:161} INFO - Started process (PID=94) to work on /opt/airflow/dags/my_dag.py
[2024-08-01T14:02:01.261+0000] {processor.py:830} INFO - Processing file /opt/airflow/dags/my_dag.py for tasks to queue
[2024-08-01T14:02:01.263+0000] {logging_mixin.py:188} INFO - [2024-08-01T14:02:01.262+0000] {dagbag.py:545} INFO - Filling up the DagBag from /opt/airflow/dags/my_dag.py
[2024-08-01T14:02:01.828+0000] {processor.py:840} INFO - DAG(s) 'pipeline_dag' retrieved from /opt/airflow/dags/my_dag.py
[2024-08-01T14:02:01.850+0000] {logging_mixin.py:188} INFO - [2024-08-01T14:02:01.849+0000] {dag.py:3096} INFO - Sync 1 DAGs
[2024-08-01T14:02:01.867+0000] {logging_mixin.py:188} INFO - [2024-08-01T14:02:01.867+0000] {dag.py:3954} INFO - Setting next_dagrun for pipeline_dag to 2024-08-01 00:00:00+00:00, run_after=2024-08-02 00:00:00+00:00
[2024-08-01T14:02:01.900+0000] {processor.py:183} INFO - Processing /opt/airflow/dags/my_dag.py took 0.646 seconds
[2024-08-01T14:02:32.112+0000] {processor.py:161} INFO - Started process (PID=102) to work on /opt/airflow/dags/my_dag.py
[2024-08-01T14:02:32.113+0000] {processor.py:830} INFO - Processing file /opt/airflow/dags/my_dag.py for tasks to queue
[2024-08-01T14:02:32.115+0000] {logging_mixin.py:188} INFO - [2024-08-01T14:02:32.115+0000] {dagbag.py:545} INFO - Filling up the DagBag from /opt/airflow/dags/my_dag.py
[2024-08-01T14:02:32.702+0000] {processor.py:840} INFO - DAG(s) 'pipeline_dag' retrieved from /opt/airflow/dags/my_dag.py
[2024-08-01T14:02:32.735+0000] {logging_mixin.py:188} INFO - [2024-08-01T14:02:32.734+0000] {dag.py:3096} INFO - Sync 1 DAGs
[2024-08-01T14:02:32.762+0000] {logging_mixin.py:188} INFO - [2024-08-01T14:02:32.761+0000] {dag.py:3954} INFO - Setting next_dagrun for pipeline_dag to 2024-08-01 00:00:00+00:00, run_after=2024-08-02 00:00:00+00:00
[2024-08-01T14:02:32.797+0000] {processor.py:183} INFO - Processing /opt/airflow/dags/my_dag.py took 0.690 seconds
[2024-08-01T14:03:03.047+0000] {processor.py:161} INFO - Started process (PID=110) to work on /opt/airflow/dags/my_dag.py
[2024-08-01T14:03:03.048+0000] {processor.py:830} INFO - Processing file /opt/airflow/dags/my_dag.py for tasks to queue
[2024-08-01T14:03:03.050+0000] {logging_mixin.py:188} INFO - [2024-08-01T14:03:03.049+0000] {dagbag.py:545} INFO - Filling up the DagBag from /opt/airflow/dags/my_dag.py
[2024-08-01T14:03:03.511+0000] {processor.py:840} INFO - DAG(s) 'pipeline_dag' retrieved from /opt/airflow/dags/my_dag.py
[2024-08-01T14:03:03.530+0000] {logging_mixin.py:188} INFO - [2024-08-01T14:03:03.529+0000] {dag.py:3096} INFO - Sync 1 DAGs
[2024-08-01T14:03:03.544+0000] {logging_mixin.py:188} INFO - [2024-08-01T14:03:03.544+0000] {dag.py:3954} INFO - Setting next_dagrun for pipeline_dag to 2024-08-01 00:00:00+00:00, run_after=2024-08-02 00:00:00+00:00
[2024-08-01T14:03:03.576+0000] {processor.py:183} INFO - Processing /opt/airflow/dags/my_dag.py took 0.534 seconds
[2024-08-01T14:03:33.975+0000] {processor.py:161} INFO - Started process (PID=118) to work on /opt/airflow/dags/my_dag.py
[2024-08-01T14:03:33.977+0000] {processor.py:830} INFO - Processing file /opt/airflow/dags/my_dag.py for tasks to queue
[2024-08-01T14:03:33.979+0000] {logging_mixin.py:188} INFO - [2024-08-01T14:03:33.978+0000] {dagbag.py:545} INFO - Filling up the DagBag from /opt/airflow/dags/my_dag.py
[2024-08-01T14:03:34.443+0000] {processor.py:840} INFO - DAG(s) 'pipeline_dag' retrieved from /opt/airflow/dags/my_dag.py
[2024-08-01T14:03:34.470+0000] {logging_mixin.py:188} INFO - [2024-08-01T14:03:34.470+0000] {dag.py:3096} INFO - Sync 1 DAGs
[2024-08-01T14:03:34.489+0000] {logging_mixin.py:188} INFO - [2024-08-01T14:03:34.489+0000] {dag.py:3954} INFO - Setting next_dagrun for pipeline_dag to 2024-08-01 00:00:00+00:00, run_after=2024-08-02 00:00:00+00:00
[2024-08-01T14:03:34.510+0000] {processor.py:183} INFO - Processing /opt/airflow/dags/my_dag.py took 0.541 seconds
[2024-08-01T14:04:38.629+0000] {processor.py:161} INFO - Started process (PID=30) to work on /opt/airflow/dags/my_dag.py
[2024-08-01T14:04:38.630+0000] {processor.py:830} INFO - Processing file /opt/airflow/dags/my_dag.py for tasks to queue
[2024-08-01T14:04:38.632+0000] {logging_mixin.py:188} INFO - [2024-08-01T14:04:38.632+0000] {dagbag.py:545} INFO - Filling up the DagBag from /opt/airflow/dags/my_dag.py
[2024-08-01T14:04:39.016+0000] {processor.py:840} INFO - DAG(s) 'pipeline_dag' retrieved from /opt/airflow/dags/my_dag.py
[2024-08-01T14:04:39.262+0000] {logging_mixin.py:188} INFO - [2024-08-01T14:04:39.261+0000] {dag.py:3096} INFO - Sync 1 DAGs
[2024-08-01T14:04:39.277+0000] {logging_mixin.py:188} INFO - [2024-08-01T14:04:39.277+0000] {dag.py:3954} INFO - Setting next_dagrun for pipeline_dag to 2024-08-01 00:00:00+00:00, run_after=2024-08-02 00:00:00+00:00
[2024-08-01T14:04:39.298+0000] {processor.py:183} INFO - Processing /opt/airflow/dags/my_dag.py took 0.675 seconds
[2024-08-01T14:05:09.578+0000] {processor.py:161} INFO - Started process (PID=38) to work on /opt/airflow/dags/my_dag.py
[2024-08-01T14:05:09.579+0000] {processor.py:830} INFO - Processing file /opt/airflow/dags/my_dag.py for tasks to queue
[2024-08-01T14:05:09.582+0000] {logging_mixin.py:188} INFO - [2024-08-01T14:05:09.581+0000] {dagbag.py:545} INFO - Filling up the DagBag from /opt/airflow/dags/my_dag.py
[2024-08-01T14:05:10.118+0000] {processor.py:840} INFO - DAG(s) 'pipeline_dag' retrieved from /opt/airflow/dags/my_dag.py
[2024-08-01T14:05:10.138+0000] {logging_mixin.py:188} INFO - [2024-08-01T14:05:10.138+0000] {dag.py:3096} INFO - Sync 1 DAGs
[2024-08-01T14:05:10.154+0000] {logging_mixin.py:188} INFO - [2024-08-01T14:05:10.154+0000] {dag.py:3954} INFO - Setting next_dagrun for pipeline_dag to 2024-08-01 00:00:00+00:00, run_after=2024-08-02 00:00:00+00:00
[2024-08-01T14:05:10.189+0000] {processor.py:183} INFO - Processing /opt/airflow/dags/my_dag.py took 0.617 seconds
[2024-08-01T14:05:40.424+0000] {processor.py:161} INFO - Started process (PID=54) to work on /opt/airflow/dags/my_dag.py
[2024-08-01T14:05:40.425+0000] {processor.py:830} INFO - Processing file /opt/airflow/dags/my_dag.py for tasks to queue
[2024-08-01T14:05:40.427+0000] {logging_mixin.py:188} INFO - [2024-08-01T14:05:40.427+0000] {dagbag.py:545} INFO - Filling up the DagBag from /opt/airflow/dags/my_dag.py
[2024-08-01T14:05:40.933+0000] {processor.py:840} INFO - DAG(s) 'pipeline_dag' retrieved from /opt/airflow/dags/my_dag.py
[2024-08-01T14:05:40.955+0000] {logging_mixin.py:188} INFO - [2024-08-01T14:05:40.955+0000] {dag.py:3096} INFO - Sync 1 DAGs
[2024-08-01T14:05:40.971+0000] {logging_mixin.py:188} INFO - [2024-08-01T14:05:40.971+0000] {dag.py:3954} INFO - Setting next_dagrun for pipeline_dag to 2024-08-01 00:00:00+00:00, run_after=2024-08-02 00:00:00+00:00
[2024-08-01T14:05:41.005+0000] {processor.py:183} INFO - Processing /opt/airflow/dags/my_dag.py took 0.587 seconds
[2024-08-01T14:06:11.275+0000] {processor.py:161} INFO - Started process (PID=62) to work on /opt/airflow/dags/my_dag.py
[2024-08-01T14:06:11.277+0000] {processor.py:830} INFO - Processing file /opt/airflow/dags/my_dag.py for tasks to queue
[2024-08-01T14:06:11.279+0000] {logging_mixin.py:188} INFO - [2024-08-01T14:06:11.279+0000] {dagbag.py:545} INFO - Filling up the DagBag from /opt/airflow/dags/my_dag.py
[2024-08-01T14:06:11.741+0000] {processor.py:840} INFO - DAG(s) 'pipeline_dag' retrieved from /opt/airflow/dags/my_dag.py
[2024-08-01T14:06:11.761+0000] {logging_mixin.py:188} INFO - [2024-08-01T14:06:11.761+0000] {dag.py:3096} INFO - Sync 1 DAGs
[2024-08-01T14:06:11.774+0000] {logging_mixin.py:188} INFO - [2024-08-01T14:06:11.774+0000] {dag.py:3954} INFO - Setting next_dagrun for pipeline_dag to 2024-08-01 00:00:00+00:00, run_after=2024-08-02 00:00:00+00:00
[2024-08-01T14:06:11.808+0000] {processor.py:183} INFO - Processing /opt/airflow/dags/my_dag.py took 0.537 seconds
[2024-08-01T14:06:41.877+0000] {processor.py:161} INFO - Started process (PID=70) to work on /opt/airflow/dags/my_dag.py
[2024-08-01T14:06:41.879+0000] {processor.py:830} INFO - Processing file /opt/airflow/dags/my_dag.py for tasks to queue
[2024-08-01T14:06:41.881+0000] {logging_mixin.py:188} INFO - [2024-08-01T14:06:41.881+0000] {dagbag.py:545} INFO - Filling up the DagBag from /opt/airflow/dags/my_dag.py
[2024-08-01T14:06:42.369+0000] {processor.py:840} INFO - DAG(s) 'pipeline_dag' retrieved from /opt/airflow/dags/my_dag.py
[2024-08-01T14:06:42.400+0000] {logging_mixin.py:188} INFO - [2024-08-01T14:06:42.399+0000] {dag.py:3096} INFO - Sync 1 DAGs
[2024-08-01T14:06:42.421+0000] {logging_mixin.py:188} INFO - [2024-08-01T14:06:42.421+0000] {dag.py:3954} INFO - Setting next_dagrun for pipeline_dag to 2024-08-01 00:00:00+00:00, run_after=2024-08-02 00:00:00+00:00
[2024-08-01T14:06:42.446+0000] {processor.py:183} INFO - Processing /opt/airflow/dags/my_dag.py took 0.575 seconds
[2024-08-01T14:24:34.000+0000] {processor.py:161} INFO - Started process (PID=30) to work on /opt/airflow/dags/my_dag.py
[2024-08-01T14:24:34.003+0000] {processor.py:830} INFO - Processing file /opt/airflow/dags/my_dag.py for tasks to queue
[2024-08-01T14:24:34.006+0000] {logging_mixin.py:188} INFO - [2024-08-01T14:24:34.005+0000] {dagbag.py:545} INFO - Filling up the DagBag from /opt/airflow/dags/my_dag.py
[2024-08-01T14:24:34.576+0000] {processor.py:840} INFO - DAG(s) 'pipeline_dag' retrieved from /opt/airflow/dags/my_dag.py
[2024-08-01T14:24:34.920+0000] {logging_mixin.py:188} INFO - [2024-08-01T14:24:34.919+0000] {dag.py:3096} INFO - Sync 1 DAGs
[2024-08-01T14:24:34.948+0000] {logging_mixin.py:188} INFO - [2024-08-01T14:24:34.948+0000] {dag.py:3954} INFO - Setting next_dagrun for pipeline_dag to 2024-08-01 00:00:00+00:00, run_after=2024-08-02 00:00:00+00:00
[2024-08-01T14:24:34.989+0000] {processor.py:183} INFO - Processing /opt/airflow/dags/my_dag.py took 0.997 seconds
[2024-08-01T14:25:05.250+0000] {processor.py:161} INFO - Started process (PID=46) to work on /opt/airflow/dags/my_dag.py
[2024-08-01T14:25:05.251+0000] {processor.py:830} INFO - Processing file /opt/airflow/dags/my_dag.py for tasks to queue
[2024-08-01T14:25:05.255+0000] {logging_mixin.py:188} INFO - [2024-08-01T14:25:05.254+0000] {dagbag.py:545} INFO - Filling up the DagBag from /opt/airflow/dags/my_dag.py
[2024-08-01T14:25:06.185+0000] {processor.py:840} INFO - DAG(s) 'pipeline_dag' retrieved from /opt/airflow/dags/my_dag.py
[2024-08-01T14:25:06.222+0000] {logging_mixin.py:188} INFO - [2024-08-01T14:25:06.221+0000] {dag.py:3096} INFO - Sync 1 DAGs
[2024-08-01T14:25:06.259+0000] {logging_mixin.py:188} INFO - [2024-08-01T14:25:06.259+0000] {dag.py:3954} INFO - Setting next_dagrun for pipeline_dag to 2024-08-01 00:00:00+00:00, run_after=2024-08-02 00:00:00+00:00
[2024-08-01T14:25:06.288+0000] {processor.py:183} INFO - Processing /opt/airflow/dags/my_dag.py took 1.047 seconds
[2024-08-01T14:25:36.543+0000] {processor.py:161} INFO - Started process (PID=54) to work on /opt/airflow/dags/my_dag.py
[2024-08-01T14:25:36.545+0000] {processor.py:830} INFO - Processing file /opt/airflow/dags/my_dag.py for tasks to queue
[2024-08-01T14:25:36.548+0000] {logging_mixin.py:188} INFO - [2024-08-01T14:25:36.547+0000] {dagbag.py:545} INFO - Filling up the DagBag from /opt/airflow/dags/my_dag.py
[2024-08-01T14:25:37.550+0000] {processor.py:840} INFO - DAG(s) 'pipeline_dag' retrieved from /opt/airflow/dags/my_dag.py
[2024-08-01T14:25:37.588+0000] {logging_mixin.py:188} INFO - [2024-08-01T14:25:37.587+0000] {dag.py:3096} INFO - Sync 1 DAGs
[2024-08-01T14:25:37.620+0000] {logging_mixin.py:188} INFO - [2024-08-01T14:25:37.620+0000] {dag.py:3954} INFO - Setting next_dagrun for pipeline_dag to 2024-08-01 00:00:00+00:00, run_after=2024-08-02 00:00:00+00:00
[2024-08-01T14:25:37.648+0000] {processor.py:183} INFO - Processing /opt/airflow/dags/my_dag.py took 1.115 seconds
[2024-08-01T14:26:07.822+0000] {processor.py:161} INFO - Started process (PID=62) to work on /opt/airflow/dags/my_dag.py
[2024-08-01T14:26:07.824+0000] {processor.py:830} INFO - Processing file /opt/airflow/dags/my_dag.py for tasks to queue
[2024-08-01T14:26:07.830+0000] {logging_mixin.py:188} INFO - [2024-08-01T14:26:07.829+0000] {dagbag.py:545} INFO - Filling up the DagBag from /opt/airflow/dags/my_dag.py
[2024-08-01T14:26:08.531+0000] {processor.py:840} INFO - DAG(s) 'pipeline_dag' retrieved from /opt/airflow/dags/my_dag.py
[2024-08-01T14:26:08.570+0000] {logging_mixin.py:188} INFO - [2024-08-01T14:26:08.569+0000] {dag.py:3096} INFO - Sync 1 DAGs
[2024-08-01T14:26:08.600+0000] {logging_mixin.py:188} INFO - [2024-08-01T14:26:08.600+0000] {dag.py:3954} INFO - Setting next_dagrun for pipeline_dag to 2024-08-01 00:00:00+00:00, run_after=2024-08-02 00:00:00+00:00
[2024-08-01T14:26:08.645+0000] {processor.py:183} INFO - Processing /opt/airflow/dags/my_dag.py took 0.832 seconds
[2024-08-01T14:26:38.953+0000] {processor.py:161} INFO - Started process (PID=70) to work on /opt/airflow/dags/my_dag.py
[2024-08-01T14:26:38.955+0000] {processor.py:830} INFO - Processing file /opt/airflow/dags/my_dag.py for tasks to queue
[2024-08-01T14:26:38.957+0000] {logging_mixin.py:188} INFO - [2024-08-01T14:26:38.957+0000] {dagbag.py:545} INFO - Filling up the DagBag from /opt/airflow/dags/my_dag.py
[2024-08-01T14:26:39.625+0000] {processor.py:840} INFO - DAG(s) 'pipeline_dag' retrieved from /opt/airflow/dags/my_dag.py
[2024-08-01T14:26:39.657+0000] {logging_mixin.py:188} INFO - [2024-08-01T14:26:39.656+0000] {dag.py:3096} INFO - Sync 1 DAGs
[2024-08-01T14:26:39.680+0000] {logging_mixin.py:188} INFO - [2024-08-01T14:26:39.680+0000] {dag.py:3954} INFO - Setting next_dagrun for pipeline_dag to 2024-08-01 00:00:00+00:00, run_after=2024-08-02 00:00:00+00:00
[2024-08-01T14:26:39.720+0000] {processor.py:183} INFO - Processing /opt/airflow/dags/my_dag.py took 0.777 seconds
[2024-08-01T14:27:10.077+0000] {processor.py:161} INFO - Started process (PID=78) to work on /opt/airflow/dags/my_dag.py
[2024-08-01T14:27:10.079+0000] {processor.py:830} INFO - Processing file /opt/airflow/dags/my_dag.py for tasks to queue
[2024-08-01T14:27:10.083+0000] {logging_mixin.py:188} INFO - [2024-08-01T14:27:10.082+0000] {dagbag.py:545} INFO - Filling up the DagBag from /opt/airflow/dags/my_dag.py
[2024-08-01T14:27:10.739+0000] {processor.py:840} INFO - DAG(s) 'pipeline_dag' retrieved from /opt/airflow/dags/my_dag.py
[2024-08-01T14:27:10.780+0000] {logging_mixin.py:188} INFO - [2024-08-01T14:27:10.779+0000] {dag.py:3096} INFO - Sync 1 DAGs
[2024-08-01T14:27:10.806+0000] {logging_mixin.py:188} INFO - [2024-08-01T14:27:10.805+0000] {dag.py:3954} INFO - Setting next_dagrun for pipeline_dag to 2024-08-01 00:00:00+00:00, run_after=2024-08-02 00:00:00+00:00
[2024-08-01T14:27:10.851+0000] {processor.py:183} INFO - Processing /opt/airflow/dags/my_dag.py took 0.786 seconds
[2024-08-01T14:27:41.197+0000] {processor.py:161} INFO - Started process (PID=86) to work on /opt/airflow/dags/my_dag.py
[2024-08-01T14:27:41.199+0000] {processor.py:830} INFO - Processing file /opt/airflow/dags/my_dag.py for tasks to queue
[2024-08-01T14:27:41.202+0000] {logging_mixin.py:188} INFO - [2024-08-01T14:27:41.202+0000] {dagbag.py:545} INFO - Filling up the DagBag from /opt/airflow/dags/my_dag.py
[2024-08-01T14:27:41.916+0000] {processor.py:840} INFO - DAG(s) 'pipeline_dag' retrieved from /opt/airflow/dags/my_dag.py
[2024-08-01T14:27:41.944+0000] {logging_mixin.py:188} INFO - [2024-08-01T14:27:41.943+0000] {dag.py:3096} INFO - Sync 1 DAGs
[2024-08-01T14:27:41.965+0000] {logging_mixin.py:188} INFO - [2024-08-01T14:27:41.964+0000] {dag.py:3954} INFO - Setting next_dagrun for pipeline_dag to 2024-08-01 00:00:00+00:00, run_after=2024-08-02 00:00:00+00:00
[2024-08-01T14:27:41.991+0000] {processor.py:183} INFO - Processing /opt/airflow/dags/my_dag.py took 0.803 seconds
