[2024-08-01T11:40:55.619+0000] {manager.py:470} INFO - Processing files using up to 2 processes at a time 
[2024-08-01T11:40:55.621+0000] {manager.py:471} INFO - Process each file at most once every 30 seconds
[2024-08-01T11:40:55.622+0000] {manager.py:472} INFO - Checking for new files in /opt/airflow/dags every 300 seconds
[2024-08-01T11:40:55.623+0000] {manager.py:737} INFO - Searching for files in /opt/airflow/dags
[2024-08-01T11:40:56.669+0000] {manager.py:740} INFO - There are 1 files in /opt/airflow/dags
[2024-08-01T11:40:56.796+0000] {manager.py:878} INFO - 
================================================================================
DAG File Processing Stats

File Path                      PID  Runtime      # DAGs    # Errors  Last Runtime    Last Run
---------------------------  -----  ---------  --------  ----------  --------------  ----------
/opt/airflow/dags/my_dag.py     36  0.06s             0           0
================================================================================
[2024-08-01T11:41:26.921+0000] {manager.py:878} INFO - 
================================================================================
DAG File Processing Stats

File Path                    PID    Runtime      # DAGs    # Errors  Last Runtime    Last Run
---------------------------  -----  ---------  --------  ----------  --------------  -------------------
/opt/airflow/dags/my_dag.py                           1           0  3.71s           2024-08-01T11:41:00
================================================================================
[2024-08-01T11:41:57.438+0000] {manager.py:878} INFO - 
================================================================================
DAG File Processing Stats

File Path                    PID    Runtime      # DAGs    # Errors  Last Runtime    Last Run
---------------------------  -----  ---------  --------  ----------  --------------  -------------------
/opt/airflow/dags/my_dag.py                           1           0  0.93s           2024-08-01T11:41:31
================================================================================
[2024-08-01T11:42:27.767+0000] {manager.py:878} INFO - 
================================================================================
DAG File Processing Stats

File Path                    PID    Runtime      # DAGs    # Errors  Last Runtime    Last Run
---------------------------  -----  ---------  --------  ----------  --------------  -------------------
/opt/airflow/dags/my_dag.py                           1           0  0.98s           2024-08-01T11:42:02
================================================================================
[2024-08-01T11:42:58.008+0000] {manager.py:878} INFO - 
================================================================================
DAG File Processing Stats

File Path                    PID    Runtime      # DAGs    # Errors  Last Runtime    Last Run
---------------------------  -----  ---------  --------  ----------  --------------  -------------------
/opt/airflow/dags/my_dag.py                           1           0  2.74s           2024-08-01T11:42:36
================================================================================
[2024-08-01T11:43:28.124+0000] {manager.py:878} INFO - 
================================================================================
DAG File Processing Stats

File Path                    PID    Runtime      # DAGs    # Errors  Last Runtime    Last Run
---------------------------  -----  ---------  --------  ----------  --------------  -------------------
/opt/airflow/dags/my_dag.py                           1           0  2.17s           2024-08-01T11:43:08
================================================================================
[2024-08-01T11:43:58.428+0000] {manager.py:878} INFO - 
================================================================================
DAG File Processing Stats

File Path                    PID    Runtime      # DAGs    # Errors  Last Runtime    Last Run
---------------------------  -----  ---------  --------  ----------  --------------  -------------------
/opt/airflow/dags/my_dag.py                           1           0  3.14s           2024-08-01T11:43:42
================================================================================
[2024-08-01T11:44:28.562+0000] {manager.py:878} INFO - 
================================================================================
DAG File Processing Stats

File Path                    PID    Runtime      # DAGs    # Errors  Last Runtime    Last Run
---------------------------  -----  ---------  --------  ----------  --------------  -------------------
/opt/airflow/dags/my_dag.py                           1           0  10.91s          2024-08-01T11:44:23
================================================================================
[2024-08-01T11:44:59.334+0000] {manager.py:878} INFO - 
================================================================================
DAG File Processing Stats

File Path                      PID  Runtime      # DAGs    # Errors  Last Runtime    Last Run
---------------------------  -----  ---------  --------  ----------  --------------  -------------------
/opt/airflow/dags/my_dag.py    105  4.64s             1           0  10.91s          2024-08-01T11:44:23
================================================================================
[2024-08-01T11:45:29.389+0000] {manager.py:878} INFO - 
================================================================================
DAG File Processing Stats

File Path                    PID    Runtime      # DAGs    # Errors  Last Runtime    Last Run
---------------------------  -----  ---------  --------  ----------  --------------  -------------------
/opt/airflow/dags/my_dag.py                           1           0  33.64s          2024-08-01T11:45:28
================================================================================
[2024-08-01T11:45:55.748+0000] {manager.py:737} INFO - Searching for files in /opt/airflow/dags
[2024-08-01T11:45:56.786+0000] {manager.py:740} INFO - There are 1 files in /opt/airflow/dags
[2024-08-01T11:45:59.460+0000] {manager.py:878} INFO - 
================================================================================
DAG File Processing Stats

File Path                      PID  Runtime      # DAGs    # Errors  Last Runtime    Last Run
---------------------------  -----  ---------  --------  ----------  --------------  -------------------
/opt/airflow/dags/my_dag.py    125  0.23s             1           0  33.64s          2024-08-01T11:45:28
================================================================================
[2024-08-01T11:46:30.273+0000] {manager.py:878} INFO - 
================================================================================
DAG File Processing Stats

File Path                      PID  Runtime      # DAGs    # Errors  Last Runtime    Last Run
---------------------------  -----  ---------  --------  ----------  --------------  -------------------
/opt/airflow/dags/my_dag.py    125  31.08s            1           0  33.64s          2024-08-01T11:45:28
================================================================================
[2024-08-01T11:46:49.246+0000] {manager.py:1203} ERROR - Processor for /opt/airflow/dags/my_dag.py with PID 125 started at 2024-08-01T11:45:59.190117+00:00 has timed out, killing it.
[2024-08-01T11:47:03.109+0000] {manager.py:878} INFO - 
================================================================================
DAG File Processing Stats

File Path                    PID    Runtime      # DAGs    # Errors  Last Runtime    Last Run
---------------------------  -----  ---------  --------  ----------  --------------  -------------------
/opt/airflow/dags/my_dag.py                           0           1  50.06s          2024-08-01T11:46:49
================================================================================
[2024-08-01T11:47:33.921+0000] {manager.py:878} INFO - 
================================================================================
DAG File Processing Stats

File Path                      PID  Runtime      # DAGs    # Errors  Last Runtime    Last Run
---------------------------  -----  ---------  --------  ----------  --------------  -------------------
/opt/airflow/dags/my_dag.py    140  12.54s            0           1  50.06s          2024-08-01T11:46:49
================================================================================
[2024-08-01T11:48:04.106+0000] {manager.py:878} INFO - 
================================================================================
DAG File Processing Stats

File Path                    PID    Runtime      # DAGs    # Errors  Last Runtime    Last Run
---------------------------  -----  ---------  --------  ----------  --------------  -------------------
/opt/airflow/dags/my_dag.py                           1           0  22.47s          2024-08-01T11:47:43
================================================================================
[2024-08-01T11:48:35.077+0000] {manager.py:878} INFO - 
================================================================================
DAG File Processing Stats

File Path                      PID  Runtime      # DAGs    # Errors  Last Runtime    Last Run
---------------------------  -----  ---------  --------  ----------  --------------  -------------------
/opt/airflow/dags/my_dag.py    165  21.06s            1           0  22.47s          2024-08-01T11:47:43
================================================================================
[2024-08-01T11:49:05.713+0000] {manager.py:878} INFO - 
================================================================================
DAG File Processing Stats

File Path                    PID    Runtime      # DAGs    # Errors  Last Runtime    Last Run
---------------------------  -----  ---------  --------  ----------  --------------  -------------------
/opt/airflow/dags/my_dag.py                           1           0  37.40s          2024-08-01T11:48:51
================================================================================
[2024-08-01T11:49:36.303+0000] {manager.py:878} INFO - 
================================================================================
DAG File Processing Stats

File Path                      PID  Runtime      # DAGs    # Errors  Last Runtime    Last Run
---------------------------  -----  ---------  --------  ----------  --------------  -------------------
/opt/airflow/dags/my_dag.py    178  13.80s            1           0  37.40s          2024-08-01T11:48:51
================================================================================
[2024-08-01T11:50:07.106+0000] {manager.py:878} INFO - 
================================================================================
DAG File Processing Stats

File Path                      PID  Runtime      # DAGs    # Errors  Last Runtime    Last Run
---------------------------  -----  ---------  --------  ----------  --------------  -------------------
/opt/airflow/dags/my_dag.py    178  44.95s            1           0  37.40s          2024-08-01T11:48:51
================================================================================
[2024-08-01T11:50:12.264+0000] {manager.py:1203} ERROR - Processor for /opt/airflow/dags/my_dag.py with PID 178 started at 2024-08-01T11:49:22.150521+00:00 has timed out, killing it.
[2024-08-01T11:50:38.208+0000] {manager.py:878} INFO - 
================================================================================
DAG File Processing Stats

File Path                    PID    Runtime      # DAGs    # Errors  Last Runtime    Last Run
---------------------------  -----  ---------  --------  ----------  --------------  -------------------
/opt/airflow/dags/my_dag.py                           0           1  50.11s          2024-08-01T11:50:12
================================================================================
[2024-08-01T11:50:55.769+0000] {manager.py:737} INFO - Searching for files in /opt/airflow/dags
[2024-08-01T11:50:59.586+0000] {manager.py:740} INFO - There are 1 files in /opt/airflow/dags
[2024-08-01T11:51:08.441+0000] {manager.py:878} INFO - 
================================================================================
DAG File Processing Stats

File Path                      PID  Runtime      # DAGs    # Errors  Last Runtime    Last Run
---------------------------  -----  ---------  --------  ----------  --------------  -------------------
/opt/airflow/dags/my_dag.py    191  25.27s            0           1  50.11s          2024-08-01T11:50:12
================================================================================
[2024-08-01T11:51:38.785+0000] {manager.py:878} INFO - 
================================================================================
DAG File Processing Stats

File Path                    PID    Runtime      # DAGs    # Errors  Last Runtime    Last Run
---------------------------  -----  ---------  --------  ----------  --------------  -------------------
/opt/airflow/dags/my_dag.py                           1           0  47.22s          2024-08-01T11:51:30
================================================================================
[2024-08-01T11:52:08.835+0000] {manager.py:878} INFO - 
================================================================================
DAG File Processing Stats

File Path                      PID  Runtime      # DAGs    # Errors  Last Runtime    Last Run
---------------------------  -----  ---------  --------  ----------  --------------  -------------------
/opt/airflow/dags/my_dag.py    209  8.10s             1           0  47.22s          2024-08-01T11:51:30
================================================================================
[2024-08-01T11:52:39.109+0000] {manager.py:878} INFO - 
================================================================================
DAG File Processing Stats

File Path                    PID    Runtime      # DAGs    # Errors  Last Runtime    Last Run
---------------------------  -----  ---------  --------  ----------  --------------  -------------------
/opt/airflow/dags/my_dag.py                           1           0  8.41s           2024-08-01T11:52:09
================================================================================
[2024-08-01T11:53:09.938+0000] {manager.py:878} INFO - 
================================================================================
DAG File Processing Stats

File Path                    PID    Runtime      # DAGs    # Errors  Last Runtime    Last Run
---------------------------  -----  ---------  --------  ----------  --------------  -------------------
/opt/airflow/dags/my_dag.py                           1           0  3.18s           2024-08-01T11:52:42
================================================================================
[2024-08-01T11:53:40.242+0000] {manager.py:878} INFO - 
================================================================================
DAG File Processing Stats

File Path                    PID    Runtime      # DAGs    # Errors  Last Runtime    Last Run
---------------------------  -----  ---------  --------  ----------  --------------  -------------------
/opt/airflow/dags/my_dag.py                           1           0  2.22s           2024-08-01T11:53:15
================================================================================
[2024-08-01T11:54:10.489+0000] {manager.py:878} INFO - 
================================================================================
DAG File Processing Stats

File Path                    PID    Runtime      # DAGs    # Errors  Last Runtime    Last Run
---------------------------  -----  ---------  --------  ----------  --------------  -------------------
/opt/airflow/dags/my_dag.py                           1           0  1.86s           2024-08-01T11:53:47
================================================================================
[2024-08-01T11:54:41.198+0000] {manager.py:878} INFO - 
================================================================================
DAG File Processing Stats

File Path                    PID    Runtime      # DAGs    # Errors  Last Runtime    Last Run
---------------------------  -----  ---------  --------  ----------  --------------  -------------------
/opt/airflow/dags/my_dag.py                           1           0  6.20s           2024-08-01T11:54:24
================================================================================
[2024-08-01T11:55:11.358+0000] {manager.py:878} INFO - 
================================================================================
DAG File Processing Stats

File Path                    PID    Runtime      # DAGs    # Errors  Last Runtime    Last Run
---------------------------  -----  ---------  --------  ----------  --------------  -------------------
/opt/airflow/dags/my_dag.py                           1           0  2.95s           2024-08-01T11:54:57
================================================================================
[2024-08-01T11:55:41.573+0000] {manager.py:878} INFO - 
================================================================================
DAG File Processing Stats

File Path                    PID    Runtime      # DAGs    # Errors  Last Runtime    Last Run
---------------------------  -----  ---------  --------  ----------  --------------  -------------------
/opt/airflow/dags/my_dag.py                           1           0  8.42s           2024-08-01T11:55:36
================================================================================
[2024-08-01T11:55:55.801+0000] {manager.py:737} INFO - Searching for files in /opt/airflow/dags
[2024-08-01T11:55:56.842+0000] {manager.py:740} INFO - There are 1 files in /opt/airflow/dags
[2024-08-01T11:56:12.386+0000] {manager.py:878} INFO - 
================================================================================
DAG File Processing Stats

File Path                      PID  Runtime      # DAGs    # Errors  Last Runtime    Last Run
---------------------------  -----  ---------  --------  ----------  --------------  -------------------
/opt/airflow/dags/my_dag.py    287  5.21s             1           0  8.42s           2024-08-01T11:55:36
================================================================================
[2024-08-01T11:56:43.435+0000] {manager.py:878} INFO - 
================================================================================
DAG File Processing Stats

File Path                      PID  Runtime      # DAGs    # Errors  Last Runtime    Last Run
---------------------------  -----  ---------  --------  ----------  --------------  -------------------
/opt/airflow/dags/my_dag.py    295  0.06s             1           0  6.07s           2024-08-01T11:56:13
================================================================================
[2024-08-01T11:57:13.643+0000] {manager.py:878} INFO - 
================================================================================
DAG File Processing Stats

File Path                      PID  Runtime      # DAGs    # Errors  Last Runtime    Last Run
---------------------------  -----  ---------  --------  ----------  --------------  -------------------
/opt/airflow/dags/my_dag.py    295  30.29s            1           0  6.07s           2024-08-01T11:56:13
================================================================================
[2024-08-01T11:57:14.580+0000] {manager.py:1016} ERROR - Processor for /opt/airflow/dags/my_dag.py exited with return code 1.
[2024-08-01T11:57:44.237+0000] {manager.py:878} INFO - 
================================================================================
DAG File Processing Stats

File Path                    PID    Runtime      # DAGs    # Errors  Last Runtime    Last Run
---------------------------  -----  ---------  --------  ----------  --------------  -------------------
/opt/airflow/dags/my_dag.py                           0          -1  31.24s          2024-08-01T11:57:14
================================================================================
[2024-08-01T11:58:14.787+0000] {manager.py:878} INFO - 
================================================================================
DAG File Processing Stats

File Path                      PID  Runtime      # DAGs    # Errors  Last Runtime    Last Run
---------------------------  -----  ---------  --------  ----------  --------------  -------------------
/opt/airflow/dags/my_dag.py    309  29.70s            0          -1  31.24s          2024-08-01T11:57:14
================================================================================
[2024-08-01T11:58:35.085+0000] {manager.py:1203} ERROR - Processor for /opt/airflow/dags/my_dag.py with PID 309 started at 2024-08-01T11:57:44.834089+00:00 has timed out, killing it.
[2024-08-01T11:58:44.996+0000] {manager.py:878} INFO - 
================================================================================
DAG File Processing Stats

File Path                    PID    Runtime      # DAGs    # Errors  Last Runtime    Last Run
---------------------------  -----  ---------  --------  ----------  --------------  -------------------
/opt/airflow/dags/my_dag.py                           0           1  50.25s          2024-08-01T11:58:35
================================================================================
[2024-08-01T11:59:15.946+0000] {manager.py:878} INFO - 
================================================================================
DAG File Processing Stats

File Path                      PID  Runtime      # DAGs    # Errors  Last Runtime    Last Run
---------------------------  -----  ---------  --------  ----------  --------------  -------------------
/opt/airflow/dags/my_dag.py    323  10.11s            0           1  50.25s          2024-08-01T11:58:35
================================================================================
[2024-08-01T11:59:46.463+0000] {manager.py:878} INFO - 
================================================================================
DAG File Processing Stats

File Path                      PID  Runtime      # DAGs    # Errors  Last Runtime    Last Run
---------------------------  -----  ---------  --------  ----------  --------------  -------------------
/opt/airflow/dags/my_dag.py    323  40.49s            0           1  50.25s          2024-08-01T11:58:35
================================================================================
[2024-08-01T11:59:55.932+0000] {manager.py:1203} ERROR - Processor for /opt/airflow/dags/my_dag.py with PID 323 started at 2024-08-01T11:59:05.790401+00:00 has timed out, killing it.
[2024-08-01T12:00:17.603+0000] {manager.py:878} INFO - 
================================================================================
DAG File Processing Stats

File Path                    PID    Runtime      # DAGs    # Errors  Last Runtime    Last Run
---------------------------  -----  ---------  --------  ----------  --------------  -------------------
/opt/airflow/dags/my_dag.py                           0           1  50.14s          2024-08-01T11:59:55
================================================================================
[2024-08-01T12:00:47.729+0000] {manager.py:878} INFO - 
================================================================================
DAG File Processing Stats

File Path                    PID    Runtime      # DAGs    # Errors  Last Runtime    Last Run
---------------------------  -----  ---------  --------  ----------  --------------  -------------------
/opt/airflow/dags/my_dag.py                           1           0  12.88s          2024-08-01T12:00:40
================================================================================
[2024-08-01T12:00:55.897+0000] {manager.py:737} INFO - Searching for files in /opt/airflow/dags
[2024-08-01T12:00:57.143+0000] {manager.py:740} INFO - There are 1 files in /opt/airflow/dags
[2024-08-01T12:01:20.060+0000] {manager.py:878} INFO - 
================================================================================
DAG File Processing Stats

File Path                      PID  Runtime      # DAGs    # Errors  Last Runtime    Last Run
---------------------------  -----  ---------  --------  ----------  --------------  -------------------
/opt/airflow/dags/my_dag.py    357  7.21s             1           0  12.88s          2024-08-01T12:00:40
================================================================================
[2024-08-01T12:01:50.714+0000] {manager.py:878} INFO - 
================================================================================
DAG File Processing Stats

File Path                    PID    Runtime      # DAGs    # Errors  Last Runtime    Last Run
---------------------------  -----  ---------  --------  ----------  --------------  -------------------
/opt/airflow/dags/my_dag.py                           1           0  14.67s          2024-08-01T12:01:25
================================================================================
[2024-08-01T12:02:21.218+0000] {manager.py:878} INFO - 
================================================================================
DAG File Processing Stats

File Path                    PID    Runtime      # DAGs    # Errors  Last Runtime    Last Run
---------------------------  -----  ---------  --------  ----------  --------------  -------------------
/opt/airflow/dags/my_dag.py                           1           0  2.34s           2024-08-01T12:01:58
================================================================================
[2024-08-01T12:02:51.267+0000] {manager.py:878} INFO - 
================================================================================
DAG File Processing Stats

File Path                    PID    Runtime      # DAGs    # Errors  Last Runtime    Last Run
---------------------------  -----  ---------  --------  ----------  --------------  -------------------
/opt/airflow/dags/my_dag.py                           1           0  12.32s          2024-08-01T12:02:41
================================================================================
[2024-08-01T12:03:22.286+0000] {manager.py:878} INFO - 
================================================================================
DAG File Processing Stats

File Path                      PID  Runtime      # DAGs    # Errors  Last Runtime    Last Run
---------------------------  -----  ---------  --------  ----------  --------------  -------------------
/opt/airflow/dags/my_dag.py    387  9.91s             1           0  12.32s          2024-08-01T12:02:41
================================================================================
[2024-08-01T12:03:55.761+0000] {manager.py:878} INFO - 
================================================================================
DAG File Processing Stats

File Path                    PID    Runtime      # DAGs    # Errors  Last Runtime    Last Run
---------------------------  -----  ---------  --------  ----------  --------------  -------------------
/opt/airflow/dags/my_dag.py                           1           0  23.60s          2024-08-01T12:03:35
================================================================================
[2024-08-01T12:04:25.758+0000] {manager.py:878} INFO - 
================================================================================
DAG File Processing Stats

File Path                    PID    Runtime      # DAGs    # Errors  Last Runtime    Last Run
---------------------------  -----  ---------  --------  ----------  --------------  -------------------
/opt/airflow/dags/my_dag.py                           1           0  4.27s           2024-08-01T12:04:10
================================================================================
[2024-08-01T12:04:46.592+0000] {manager.py:452} INFO - Exiting gracefully upon receiving signal 15
[2024-08-01T12:11:34.051+0000] {manager.py:470} INFO - Processing files using up to 2 processes at a time 
[2024-08-01T12:11:34.055+0000] {manager.py:471} INFO - Process each file at most once every 30 seconds
[2024-08-01T12:11:34.057+0000] {manager.py:472} INFO - Checking for new files in /opt/airflow/dags every 300 seconds
[2024-08-01T12:11:34.058+0000] {manager.py:737} INFO - Searching for files in /opt/airflow/dags
[2024-08-01T12:11:34.799+0000] {manager.py:740} INFO - There are 1 files in /opt/airflow/dags
[2024-08-01T12:11:34.899+0000] {manager.py:878} INFO - 
================================================================================
DAG File Processing Stats

File Path                      PID  Runtime      # DAGs    # Errors  Last Runtime    Last Run
---------------------------  -----  ---------  --------  ----------  --------------  ----------
/opt/airflow/dags/my_dag.py     29  0.05s             0           0
================================================================================
[2024-08-01T12:12:04.953+0000] {manager.py:878} INFO - 
================================================================================
DAG File Processing Stats

File Path                    PID    Runtime      # DAGs    # Errors  Last Runtime    Last Run
---------------------------  -----  ---------  --------  ----------  --------------  -------------------
/opt/airflow/dags/my_dag.py                           1           0  2.42s           2024-08-01T12:11:37
================================================================================
[2024-08-01T12:12:35.884+0000] {manager.py:878} INFO - 
================================================================================
DAG File Processing Stats

File Path                    PID    Runtime      # DAGs    # Errors  Last Runtime    Last Run
---------------------------  -----  ---------  --------  ----------  --------------  -------------------
/opt/airflow/dags/my_dag.py                           1           0  3.61s           2024-08-01T12:12:11
================================================================================
[2024-08-01T12:13:06.005+0000] {manager.py:878} INFO - 
================================================================================
DAG File Processing Stats

File Path                    PID    Runtime      # DAGs    # Errors  Last Runtime    Last Run
---------------------------  -----  ---------  --------  ----------  --------------  -------------------
/opt/airflow/dags/my_dag.py                           1           0  3.17s           2024-08-01T12:12:45
================================================================================
[2024-08-01T12:13:36.385+0000] {manager.py:878} INFO - 
================================================================================
DAG File Processing Stats

File Path                    PID    Runtime      # DAGs    # Errors  Last Runtime    Last Run
---------------------------  -----  ---------  --------  ----------  --------------  -------------------
/opt/airflow/dags/my_dag.py                           1           0  9.85s           2024-08-01T12:13:25
================================================================================
[2024-08-01T12:14:07.181+0000] {manager.py:878} INFO - 
================================================================================
DAG File Processing Stats

File Path                    PID    Runtime      # DAGs    # Errors  Last Runtime    Last Run
---------------------------  -----  ---------  --------  ----------  --------------  -------------------
/opt/airflow/dags/my_dag.py                           1           0  9.46s           2024-08-01T12:14:05
================================================================================
[2024-08-01T12:14:37.867+0000] {manager.py:878} INFO - 
================================================================================
DAG File Processing Stats

File Path                      PID  Runtime      # DAGs    # Errors  Last Runtime    Last Run
---------------------------  -----  ---------  --------  ----------  --------------  -------------------
/opt/airflow/dags/my_dag.py     94  1.31s             1           0  9.46s           2024-08-01T12:14:05
================================================================================
[2024-08-01T12:15:08.146+0000] {manager.py:878} INFO - 
================================================================================
DAG File Processing Stats

File Path                    PID    Runtime      # DAGs    # Errors  Last Runtime    Last Run
---------------------------  -----  ---------  --------  ----------  --------------  -------------------
/opt/airflow/dags/my_dag.py                           1           0  22.20s          2024-08-01T12:14:58
================================================================================
[2024-08-01T12:15:38.374+0000] {manager.py:878} INFO - 
================================================================================
DAG File Processing Stats

File Path                      PID  Runtime      # DAGs    # Errors  Last Runtime    Last Run
---------------------------  -----  ---------  --------  ----------  --------------  -------------------
/opt/airflow/dags/my_dag.py    108  9.07s             1           0  22.20s          2024-08-01T12:14:58
================================================================================
[2024-08-01T12:16:09.129+0000] {manager.py:878} INFO - 
================================================================================
DAG File Processing Stats

File Path                    PID    Runtime      # DAGs    # Errors  Last Runtime    Last Run
---------------------------  -----  ---------  --------  ----------  --------------  -------------------
/opt/airflow/dags/my_dag.py                           1           0  21.12s          2024-08-01T12:15:50
================================================================================
[2024-08-01T12:16:34.424+0000] {manager.py:737} INFO - Searching for files in /opt/airflow/dags
[2024-08-01T12:16:38.758+0000] {manager.py:740} INFO - There are 1 files in /opt/airflow/dags
[2024-08-01T12:16:39.420+0000] {manager.py:878} INFO - 
================================================================================
DAG File Processing Stats

File Path                      PID  Runtime      # DAGs    # Errors  Last Runtime    Last Run
---------------------------  -----  ---------  --------  ----------  --------------  -------------------
/opt/airflow/dags/my_dag.py    125  18.83s            1           0  21.12s          2024-08-01T12:15:50
================================================================================
[2024-08-01T12:17:09.764+0000] {manager.py:878} INFO - 
================================================================================
DAG File Processing Stats

File Path                    PID    Runtime      # DAGs    # Errors  Last Runtime    Last Run
---------------------------  -----  ---------  --------  ----------  --------------  -------------------
/opt/airflow/dags/my_dag.py                           1           0  24.99s          2024-08-01T12:16:45
================================================================================
[2024-08-01T12:17:40.224+0000] {manager.py:878} INFO - 
================================================================================
DAG File Processing Stats

File Path                      PID  Runtime      # DAGs    # Errors  Last Runtime    Last Run
---------------------------  -----  ---------  --------  ----------  --------------  -------------------
/opt/airflow/dags/my_dag.py    139  23.69s            1           0  24.99s          2024-08-01T12:16:45
================================================================================
[2024-08-01T12:18:10.341+0000] {manager.py:878} INFO - 
================================================================================
DAG File Processing Stats

File Path                    PID    Runtime      # DAGs    # Errors  Last Runtime    Last Run
---------------------------  -----  ---------  --------  ----------  --------------  -------------------
/opt/airflow/dags/my_dag.py                           1           0  39.19s          2024-08-01T12:17:55
================================================================================
[2024-08-01T12:18:40.378+0000] {manager.py:878} INFO - 
================================================================================
DAG File Processing Stats

File Path                      PID  Runtime      # DAGs    # Errors  Last Runtime    Last Run
---------------------------  -----  ---------  --------  ----------  --------------  -------------------
/opt/airflow/dags/my_dag.py    153  13.84s            1           0  39.19s          2024-08-01T12:17:55
================================================================================
[2024-08-01T12:19:10.810+0000] {manager.py:878} INFO - 
================================================================================
DAG File Processing Stats

File Path                    PID    Runtime      # DAGs    # Errors  Last Runtime    Last Run
---------------------------  -----  ---------  --------  ----------  --------------  -------------------
/opt/airflow/dags/my_dag.py                           1           0  15.83s          2024-08-01T12:18:42
================================================================================
[2024-08-01T12:19:40.868+0000] {manager.py:878} INFO - 
================================================================================
DAG File Processing Stats

File Path                    PID    Runtime      # DAGs    # Errors  Last Runtime    Last Run
---------------------------  -----  ---------  --------  ----------  --------------  -------------------
/opt/airflow/dags/my_dag.py                           1           0  25.73s          2024-08-01T12:19:38
================================================================================
[2024-08-01T12:20:11.796+0000] {manager.py:878} INFO - 
================================================================================
DAG File Processing Stats

File Path                      PID  Runtime      # DAGs    # Errors  Last Runtime    Last Run
---------------------------  -----  ---------  --------  ----------  --------------  -------------------
/opt/airflow/dags/my_dag.py    182  2.04s             1           0  25.73s          2024-08-01T12:19:38
================================================================================
[2024-08-01T12:20:42.194+0000] {manager.py:878} INFO - 
================================================================================
DAG File Processing Stats

File Path                    PID    Runtime      # DAGs    # Errors  Last Runtime    Last Run
---------------------------  -----  ---------  --------  ----------  --------------  -------------------
/opt/airflow/dags/my_dag.py                           1           0  7.53s           2024-08-01T12:20:17
================================================================================
[2024-08-01T12:21:12.611+0000] {manager.py:878} INFO - 
================================================================================
DAG File Processing Stats

File Path                    PID    Runtime      # DAGs    # Errors  Last Runtime    Last Run
---------------------------  -----  ---------  --------  ----------  --------------  -------------------
/opt/airflow/dags/my_dag.py                           1           0  8.85s           2024-08-01T12:20:56
================================================================================
[2024-08-01T12:21:34.810+0000] {manager.py:737} INFO - Searching for files in /opt/airflow/dags
[2024-08-01T12:21:35.607+0000] {manager.py:740} INFO - There are 1 files in /opt/airflow/dags
[2024-08-01T12:21:42.782+0000] {manager.py:878} INFO - 
================================================================================
DAG File Processing Stats

File Path                    PID    Runtime      # DAGs    # Errors  Last Runtime    Last Run
---------------------------  -----  ---------  --------  ----------  --------------  -------------------
/opt/airflow/dags/my_dag.py                           1           0  5.98s           2024-08-01T12:21:32
================================================================================
[2024-08-01T12:22:12.894+0000] {manager.py:878} INFO - 
================================================================================
DAG File Processing Stats

File Path                    PID    Runtime      # DAGs    # Errors  Last Runtime    Last Run
---------------------------  -----  ---------  --------  ----------  --------------  -------------------
/opt/airflow/dags/my_dag.py                           1           0  2.40s           2024-08-01T12:22:06
================================================================================
[2024-08-01T12:22:43.620+0000] {manager.py:878} INFO - 
================================================================================
DAG File Processing Stats

File Path                    PID    Runtime      # DAGs    # Errors  Last Runtime    Last Run
---------------------------  -----  ---------  --------  ----------  --------------  -------------------
/opt/airflow/dags/my_dag.py                           1           0  2.23s           2024-08-01T12:22:38
================================================================================
[2024-08-01T12:23:14.328+0000] {manager.py:878} INFO - 
================================================================================
DAG File Processing Stats

File Path                    PID    Runtime      # DAGs    # Errors  Last Runtime    Last Run
---------------------------  -----  ---------  --------  ----------  --------------  -------------------
/opt/airflow/dags/my_dag.py                           1           0  1.96s           2024-08-01T12:23:11
================================================================================
[2024-08-01T12:23:44.516+0000] {manager.py:878} INFO - 
================================================================================
DAG File Processing Stats

File Path                    PID    Runtime      # DAGs    # Errors  Last Runtime    Last Run
---------------------------  -----  ---------  --------  ----------  --------------  -------------------
/opt/airflow/dags/my_dag.py                           1           0  1.68s           2024-08-01T12:23:43
================================================================================
[2024-08-01T12:23:50.402+0000] {manager.py:452} INFO - Exiting gracefully upon receiving signal 15
[2024-08-01T12:30:05.740+0000] {manager.py:470} INFO - Processing files using up to 2 processes at a time 
[2024-08-01T12:30:05.762+0000] {manager.py:471} INFO - Process each file at most once every 30 seconds
[2024-08-01T12:30:05.779+0000] {manager.py:472} INFO - Checking for new files in /opt/airflow/dags every 300 seconds
[2024-08-01T12:30:05.793+0000] {manager.py:737} INFO - Searching for files in /opt/airflow/dags
[2024-08-01T12:30:07.274+0000] {manager.py:740} INFO - There are 1 files in /opt/airflow/dags
[2024-08-01T12:30:11.412+0000] {manager.py:878} INFO - 
================================================================================
DAG File Processing Stats

File Path                      PID  Runtime      # DAGs    # Errors  Last Runtime    Last Run
---------------------------  -----  ---------  --------  ----------  --------------  ----------
/opt/airflow/dags/my_dag.py     53  1.37s             0           0
================================================================================
[2024-08-01T12:30:41.759+0000] {manager.py:878} INFO - 
================================================================================
DAG File Processing Stats

File Path                    PID    Runtime      # DAGs    # Errors  Last Runtime    Last Run
---------------------------  -----  ---------  --------  ----------  --------------  -------------------
/opt/airflow/dags/my_dag.py                           1           0  18.82s          2024-08-01T12:30:27
================================================================================
[2024-08-01T12:31:12.350+0000] {manager.py:878} INFO - 
================================================================================
DAG File Processing Stats

File Path                    PID    Runtime      # DAGs    # Errors  Last Runtime    Last Run
---------------------------  -----  ---------  --------  ----------  --------------  -------------------
/opt/airflow/dags/my_dag.py                           1           0  5.98s           2024-08-01T12:31:04
================================================================================
[2024-08-01T12:31:43.749+0000] {manager.py:878} INFO - 
================================================================================
DAG File Processing Stats

File Path                      PID  Runtime      # DAGs    # Errors  Last Runtime    Last Run
---------------------------  -----  ---------  --------  ----------  --------------  -------------------
/opt/airflow/dags/my_dag.py     76  8.00s             1           0  5.98s           2024-08-01T12:31:04
================================================================================
[2024-08-01T12:32:14.915+0000] {manager.py:878} INFO - 
================================================================================
DAG File Processing Stats

File Path                    PID    Runtime      # DAGs    # Errors  Last Runtime    Last Run
---------------------------  -----  ---------  --------  ----------  --------------  -------------------
/opt/airflow/dags/my_dag.py                           1           0  10.14s          2024-08-01T12:31:45
================================================================================
[2024-08-01T12:34:28.323+0000] {manager.py:470} INFO - Processing files using up to 2 processes at a time 
[2024-08-01T12:34:28.326+0000] {manager.py:471} INFO - Process each file at most once every 30 seconds
[2024-08-01T12:34:28.327+0000] {manager.py:472} INFO - Checking for new files in /opt/airflow/dags every 300 seconds
[2024-08-01T12:34:28.328+0000] {manager.py:737} INFO - Searching for files in /opt/airflow/dags
[2024-08-01T12:34:28.559+0000] {manager.py:740} INFO - There are 1 files in /opt/airflow/dags
[2024-08-01T12:34:28.827+0000] {manager.py:878} INFO - 
================================================================================
DAG File Processing Stats

File Path                      PID  Runtime      # DAGs    # Errors  Last Runtime    Last Run
---------------------------  -----  ---------  --------  ----------  --------------  ----------
/opt/airflow/dags/my_dag.py     30  0.16s             0           0
================================================================================
[2024-08-01T12:34:59.010+0000] {manager.py:878} INFO - 
================================================================================
DAG File Processing Stats

File Path                    PID    Runtime      # DAGs    # Errors  Last Runtime    Last Run
---------------------------  -----  ---------  --------  ----------  --------------  -------------------
/opt/airflow/dags/my_dag.py                           1           0  2.72s           2024-08-01T12:34:31
================================================================================
[2024-08-01T12:35:29.210+0000] {manager.py:878} INFO - 
================================================================================
DAG File Processing Stats

File Path                    PID    Runtime      # DAGs    # Errors  Last Runtime    Last Run
---------------------------  -----  ---------  --------  ----------  --------------  -------------------
/opt/airflow/dags/my_dag.py                           1           0  1.98s           2024-08-01T12:35:03
================================================================================
[2024-08-01T12:35:59.922+0000] {manager.py:878} INFO - 
================================================================================
DAG File Processing Stats

File Path                    PID    Runtime      # DAGs    # Errors  Last Runtime    Last Run
---------------------------  -----  ---------  --------  ----------  --------------  -------------------
/opt/airflow/dags/my_dag.py                           1           0  1.29s           2024-08-01T12:35:35
================================================================================
[2024-08-01T12:36:30.154+0000] {manager.py:878} INFO - 
================================================================================
DAG File Processing Stats

File Path                    PID    Runtime      # DAGs    # Errors  Last Runtime    Last Run
---------------------------  -----  ---------  --------  ----------  --------------  -------------------
/opt/airflow/dags/my_dag.py                           1           0  0.79s           2024-08-01T12:36:06
================================================================================
[2024-08-01T12:37:00.429+0000] {manager.py:878} INFO - 
================================================================================
DAG File Processing Stats

File Path                    PID    Runtime      # DAGs    # Errors  Last Runtime    Last Run
---------------------------  -----  ---------  --------  ----------  --------------  -------------------
/opt/airflow/dags/my_dag.py                           1           0  0.54s           2024-08-01T12:36:36
================================================================================
[2024-08-01T12:37:30.657+0000] {manager.py:878} INFO - 
================================================================================
DAG File Processing Stats

File Path                    PID    Runtime      # DAGs    # Errors  Last Runtime    Last Run
---------------------------  -----  ---------  --------  ----------  --------------  -------------------
/opt/airflow/dags/my_dag.py                           1           0  0.64s           2024-08-01T12:37:07
================================================================================
[2024-08-01T12:38:00.984+0000] {manager.py:878} INFO - 
================================================================================
DAG File Processing Stats

File Path                    PID    Runtime      # DAGs    # Errors  Last Runtime    Last Run
---------------------------  -----  ---------  --------  ----------  --------------  -------------------
/opt/airflow/dags/my_dag.py                           1           0  0.64s           2024-08-01T12:37:38
================================================================================
[2024-08-01T12:38:31.212+0000] {manager.py:878} INFO - 
================================================================================
DAG File Processing Stats

File Path                    PID    Runtime      # DAGs    # Errors  Last Runtime    Last Run
---------------------------  -----  ---------  --------  ----------  --------------  -------------------
/opt/airflow/dags/my_dag.py                           1           0  0.58s           2024-08-01T12:38:09
================================================================================
[2024-08-01T12:39:01.483+0000] {manager.py:878} INFO - 
================================================================================
DAG File Processing Stats

File Path                    PID    Runtime      # DAGs    # Errors  Last Runtime    Last Run
---------------------------  -----  ---------  --------  ----------  --------------  -------------------
/opt/airflow/dags/my_dag.py                           1           0  0.62s           2024-08-01T12:38:39
================================================================================
[2024-08-01T12:39:28.704+0000] {manager.py:737} INFO - Searching for files in /opt/airflow/dags
[2024-08-01T12:39:28.864+0000] {manager.py:740} INFO - There are 1 files in /opt/airflow/dags
[2024-08-01T12:39:31.905+0000] {manager.py:878} INFO - 
================================================================================
DAG File Processing Stats

File Path                    PID    Runtime      # DAGs    # Errors  Last Runtime    Last Run
---------------------------  -----  ---------  --------  ----------  --------------  -------------------
/opt/airflow/dags/my_dag.py                           1           0  0.62s           2024-08-01T12:39:10
================================================================================
[2024-08-01T12:40:02.207+0000] {manager.py:878} INFO - 
================================================================================
DAG File Processing Stats

File Path                    PID    Runtime      # DAGs    # Errors  Last Runtime    Last Run
---------------------------  -----  ---------  --------  ----------  --------------  -------------------
/opt/airflow/dags/my_dag.py                           1           0  0.53s           2024-08-01T12:39:41
================================================================================
[2024-08-01T12:40:32.398+0000] {manager.py:878} INFO - 
================================================================================
DAG File Processing Stats

File Path                    PID    Runtime      # DAGs    # Errors  Last Runtime    Last Run
---------------------------  -----  ---------  --------  ----------  --------------  -------------------
/opt/airflow/dags/my_dag.py                           1           0  0.60s           2024-08-01T12:40:12
================================================================================
[2024-08-01T12:41:02.721+0000] {manager.py:878} INFO - 
================================================================================
DAG File Processing Stats

File Path                    PID    Runtime      # DAGs    # Errors  Last Runtime    Last Run
---------------------------  -----  ---------  --------  ----------  --------------  -------------------
/opt/airflow/dags/my_dag.py                           1           0  0.59s           2024-08-01T12:40:43
================================================================================
[2024-08-01T12:41:32.948+0000] {manager.py:878} INFO - 
================================================================================
DAG File Processing Stats

File Path                    PID    Runtime      # DAGs    # Errors  Last Runtime    Last Run
---------------------------  -----  ---------  --------  ----------  --------------  -------------------
/opt/airflow/dags/my_dag.py                           1           0  0.61s           2024-08-01T12:41:13
================================================================================
[2024-08-01T12:42:03.201+0000] {manager.py:878} INFO - 
================================================================================
DAG File Processing Stats

File Path                    PID    Runtime      # DAGs    # Errors  Last Runtime    Last Run
---------------------------  -----  ---------  --------  ----------  --------------  -------------------
/opt/airflow/dags/my_dag.py                           1           0  0.57s           2024-08-01T12:41:44
================================================================================
[2024-08-01T12:42:33.430+0000] {manager.py:878} INFO - 
================================================================================
DAG File Processing Stats

File Path                    PID    Runtime      # DAGs    # Errors  Last Runtime    Last Run
---------------------------  -----  ---------  --------  ----------  --------------  -------------------
/opt/airflow/dags/my_dag.py                           1           0  0.57s           2024-08-01T12:42:15
================================================================================
[2024-08-01T12:43:03.706+0000] {manager.py:878} INFO - 
================================================================================
DAG File Processing Stats

File Path                    PID    Runtime      # DAGs    # Errors  Last Runtime    Last Run
---------------------------  -----  ---------  --------  ----------  --------------  -------------------
/opt/airflow/dags/my_dag.py                           1           0  0.65s           2024-08-01T12:42:46
================================================================================
[2024-08-01T12:43:33.934+0000] {manager.py:878} INFO - 
================================================================================
DAG File Processing Stats

File Path                    PID    Runtime      # DAGs    # Errors  Last Runtime    Last Run
---------------------------  -----  ---------  --------  ----------  --------------  -------------------
/opt/airflow/dags/my_dag.py                           1           0  0.61s           2024-08-01T12:43:17
================================================================================
[2024-08-01T12:44:04.322+0000] {manager.py:878} INFO - 
================================================================================
DAG File Processing Stats

File Path                    PID    Runtime      # DAGs    # Errors  Last Runtime    Last Run
---------------------------  -----  ---------  --------  ----------  --------------  -------------------
/opt/airflow/dags/my_dag.py                           1           0  0.60s           2024-08-01T12:43:47
================================================================================
[2024-08-01T12:44:29.471+0000] {manager.py:737} INFO - Searching for files in /opt/airflow/dags
[2024-08-01T12:44:29.576+0000] {manager.py:740} INFO - There are 1 files in /opt/airflow/dags
[2024-08-01T12:44:34.626+0000] {manager.py:878} INFO - 
================================================================================
DAG File Processing Stats

File Path                    PID    Runtime      # DAGs    # Errors  Last Runtime    Last Run
---------------------------  -----  ---------  --------  ----------  --------------  -------------------
/opt/airflow/dags/my_dag.py                           1           0  0.58s           2024-08-01T12:44:18
================================================================================
[2024-08-01T12:45:04.877+0000] {manager.py:878} INFO - 
================================================================================
DAG File Processing Stats

File Path                    PID    Runtime      # DAGs    # Errors  Last Runtime    Last Run
---------------------------  -----  ---------  --------  ----------  --------------  -------------------
/opt/airflow/dags/my_dag.py                           1           0  0.54s           2024-08-01T12:44:49
================================================================================
[2024-08-01T12:45:35.075+0000] {manager.py:878} INFO - 
================================================================================
DAG File Processing Stats

File Path                    PID    Runtime      # DAGs    # Errors  Last Runtime    Last Run
---------------------------  -----  ---------  --------  ----------  --------------  -------------------
/opt/airflow/dags/my_dag.py                           1           0  0.56s           2024-08-01T12:45:20
================================================================================
[2024-08-01T12:46:05.356+0000] {manager.py:878} INFO - 
================================================================================
DAG File Processing Stats

File Path                    PID    Runtime      # DAGs    # Errors  Last Runtime    Last Run
---------------------------  -----  ---------  --------  ----------  --------------  -------------------
/opt/airflow/dags/my_dag.py                           1           0  0.60s           2024-08-01T12:45:50
================================================================================
[2024-08-01T12:46:35.568+0000] {manager.py:878} INFO - 
================================================================================
DAG File Processing Stats

File Path                    PID    Runtime      # DAGs    # Errors  Last Runtime    Last Run
---------------------------  -----  ---------  --------  ----------  --------------  -------------------
/opt/airflow/dags/my_dag.py                           1           0  0.57s           2024-08-01T12:46:21
================================================================================
[2024-08-01T12:47:05.893+0000] {manager.py:878} INFO - 
================================================================================
DAG File Processing Stats

File Path                    PID    Runtime      # DAGs    # Errors  Last Runtime    Last Run
---------------------------  -----  ---------  --------  ----------  --------------  -------------------
/opt/airflow/dags/my_dag.py                           1           0  0.55s           2024-08-01T12:46:52
================================================================================
[2024-08-01T12:47:36.137+0000] {manager.py:878} INFO - 
================================================================================
DAG File Processing Stats

File Path                    PID    Runtime      # DAGs    # Errors  Last Runtime    Last Run
---------------------------  -----  ---------  --------  ----------  --------------  -------------------
/opt/airflow/dags/my_dag.py                           1           0  0.55s           2024-08-01T12:47:23
================================================================================
[2024-08-01T12:48:06.384+0000] {manager.py:878} INFO - 
================================================================================
DAG File Processing Stats

File Path                    PID    Runtime      # DAGs    # Errors  Last Runtime    Last Run
---------------------------  -----  ---------  --------  ----------  --------------  -------------------
/opt/airflow/dags/my_dag.py                           1           0  0.60s           2024-08-01T12:47:53
================================================================================
[2024-08-01T12:48:18.244+0000] {manager.py:452} INFO - Exiting gracefully upon receiving signal 15
[2024-08-01T12:50:37.201+0000] {manager.py:470} INFO - Processing files using up to 2 processes at a time 
[2024-08-01T12:50:37.203+0000] {manager.py:471} INFO - Process each file at most once every 30 seconds
[2024-08-01T12:50:37.203+0000] {manager.py:472} INFO - Checking for new files in /opt/airflow/dags every 300 seconds
[2024-08-01T12:50:37.204+0000] {manager.py:737} INFO - Searching for files in /opt/airflow/dags
[2024-08-01T12:50:37.436+0000] {manager.py:740} INFO - There are 1 files in /opt/airflow/dags
[2024-08-01T12:50:37.503+0000] {manager.py:878} INFO - 
================================================================================
DAG File Processing Stats

File Path                      PID  Runtime      # DAGs    # Errors  Last Runtime    Last Run
---------------------------  -----  ---------  --------  ----------  --------------  ----------
/opt/airflow/dags/my_dag.py     30  0.03s             0           0
================================================================================
[2024-08-01T12:51:07.711+0000] {manager.py:878} INFO - 
================================================================================
DAG File Processing Stats

File Path                    PID    Runtime      # DAGs    # Errors  Last Runtime    Last Run
---------------------------  -----  ---------  --------  ----------  --------------  -------------------
/opt/airflow/dags/my_dag.py                           1           0  0.75s           2024-08-01T12:50:38
================================================================================
[2024-08-01T12:51:37.921+0000] {manager.py:878} INFO - 
================================================================================
DAG File Processing Stats

File Path                    PID    Runtime      # DAGs    # Errors  Last Runtime    Last Run
---------------------------  -----  ---------  --------  ----------  --------------  -------------------
/opt/airflow/dags/my_dag.py                           1           0  0.65s           2024-08-01T12:51:09
================================================================================
[2024-08-01T12:52:08.071+0000] {manager.py:878} INFO - 
================================================================================
DAG File Processing Stats

File Path                    PID    Runtime      # DAGs    # Errors  Last Runtime    Last Run
---------------------------  -----  ---------  --------  ----------  --------------  -------------------
/opt/airflow/dags/my_dag.py                           1           0  0.61s           2024-08-01T12:51:39
================================================================================
[2024-08-01T12:52:38.672+0000] {manager.py:878} INFO - 
================================================================================
DAG File Processing Stats

File Path                    PID    Runtime      # DAGs    # Errors  Last Runtime    Last Run
---------------------------  -----  ---------  --------  ----------  --------------  -------------------
/opt/airflow/dags/my_dag.py                           1           0  0.73s           2024-08-01T12:52:10
================================================================================
[2024-08-01T12:53:08.759+0000] {manager.py:878} INFO - 
================================================================================
DAG File Processing Stats

File Path                    PID    Runtime      # DAGs    # Errors  Last Runtime    Last Run
---------------------------  -----  ---------  --------  ----------  --------------  -------------------
/opt/airflow/dags/my_dag.py                           1           0  0.56s           2024-08-01T12:52:41
================================================================================
[2024-08-01T12:53:38.787+0000] {manager.py:878} INFO - 
================================================================================
DAG File Processing Stats

File Path                    PID    Runtime      # DAGs    # Errors  Last Runtime    Last Run
---------------------------  -----  ---------  --------  ----------  --------------  -------------------
/opt/airflow/dags/my_dag.py                           1           0  0.83s           2024-08-01T12:53:12
================================================================================
[2024-08-01T12:54:08.998+0000] {manager.py:878} INFO - 
================================================================================
DAG File Processing Stats

File Path                    PID    Runtime      # DAGs    # Errors  Last Runtime    Last Run
---------------------------  -----  ---------  --------  ----------  --------------  -------------------
/opt/airflow/dags/my_dag.py                           1           0  0.60s           2024-08-01T12:53:43
================================================================================
[2024-08-01T12:54:39.200+0000] {manager.py:878} INFO - 
================================================================================
DAG File Processing Stats

File Path                    PID    Runtime      # DAGs    # Errors  Last Runtime    Last Run
---------------------------  -----  ---------  --------  ----------  --------------  -------------------
/opt/airflow/dags/my_dag.py                           1           0  0.93s           2024-08-01T12:54:14
================================================================================
[2024-08-01T12:55:09.416+0000] {manager.py:878} INFO - 
================================================================================
DAG File Processing Stats

File Path                    PID    Runtime      # DAGs    # Errors  Last Runtime    Last Run
---------------------------  -----  ---------  --------  ----------  --------------  -------------------
/opt/airflow/dags/my_dag.py                           1           0  0.53s           2024-08-01T12:54:45
================================================================================
[2024-08-01T12:55:37.671+0000] {manager.py:737} INFO - Searching for files in /opt/airflow/dags
[2024-08-01T12:55:37.772+0000] {manager.py:740} INFO - There are 1 files in /opt/airflow/dags
[2024-08-01T12:55:39.796+0000] {manager.py:878} INFO - 
================================================================================
DAG File Processing Stats

File Path                    PID    Runtime      # DAGs    # Errors  Last Runtime    Last Run
---------------------------  -----  ---------  --------  ----------  --------------  -------------------
/opt/airflow/dags/my_dag.py                           1           0  0.55s           2024-08-01T12:55:16
================================================================================
[2024-08-01T12:56:09.944+0000] {manager.py:878} INFO - 
================================================================================
DAG File Processing Stats

File Path                    PID    Runtime      # DAGs    # Errors  Last Runtime    Last Run
---------------------------  -----  ---------  --------  ----------  --------------  -------------------
/opt/airflow/dags/my_dag.py                           1           0  0.59s           2024-08-01T12:55:46
================================================================================
[2024-08-01T12:56:40.598+0000] {manager.py:878} INFO - 
================================================================================
DAG File Processing Stats

File Path                    PID    Runtime      # DAGs    # Errors  Last Runtime    Last Run
---------------------------  -----  ---------  --------  ----------  --------------  -------------------
/opt/airflow/dags/my_dag.py                           1           0  0.75s           2024-08-01T12:56:17
================================================================================
[2024-08-01T12:57:10.691+0000] {manager.py:878} INFO - 
================================================================================
DAG File Processing Stats

File Path                    PID    Runtime      # DAGs    # Errors  Last Runtime    Last Run
---------------------------  -----  ---------  --------  ----------  --------------  -------------------
/opt/airflow/dags/my_dag.py                           1           0  0.55s           2024-08-01T12:56:48
================================================================================
[2024-08-01T12:57:41.311+0000] {manager.py:878} INFO - 
================================================================================
DAG File Processing Stats

File Path                    PID    Runtime      # DAGs    # Errors  Last Runtime    Last Run
---------------------------  -----  ---------  --------  ----------  --------------  -------------------
/opt/airflow/dags/my_dag.py                           1           0  0.59s           2024-08-01T12:57:19
================================================================================
[2024-08-01T12:58:11.724+0000] {manager.py:878} INFO - 
================================================================================
DAG File Processing Stats

File Path                    PID    Runtime      # DAGs    # Errors  Last Runtime    Last Run
---------------------------  -----  ---------  --------  ----------  --------------  -------------------
/opt/airflow/dags/my_dag.py                           1           0  0.56s           2024-08-01T12:57:49
================================================================================
[2024-08-01T13:08:50.945+0000] {manager.py:470} INFO - Processing files using up to 2 processes at a time 
[2024-08-01T13:08:50.947+0000] {manager.py:471} INFO - Process each file at most once every 30 seconds
[2024-08-01T13:08:50.948+0000] {manager.py:472} INFO - Checking for new files in /opt/airflow/dags every 300 seconds
[2024-08-01T13:08:50.948+0000] {manager.py:737} INFO - Searching for files in /opt/airflow/dags
[2024-08-01T13:08:51.067+0000] {manager.py:740} INFO - There are 1 files in /opt/airflow/dags
[2024-08-01T13:08:51.141+0000] {manager.py:878} INFO - 
================================================================================
DAG File Processing Stats

File Path                      PID  Runtime      # DAGs    # Errors  Last Runtime    Last Run
---------------------------  -----  ---------  --------  ----------  --------------  ----------
/opt/airflow/dags/my_dag.py     30  0.04s             0           0
================================================================================
[2024-08-01T13:09:21.329+0000] {manager.py:878} INFO - 
================================================================================
DAG File Processing Stats

File Path                    PID    Runtime      # DAGs    # Errors  Last Runtime    Last Run
---------------------------  -----  ---------  --------  ----------  --------------  -------------------
/opt/airflow/dags/my_dag.py                           1           0  2.17s           2024-08-01T13:08:53
================================================================================
[2024-08-01T13:09:51.612+0000] {manager.py:878} INFO - 
================================================================================
DAG File Processing Stats

File Path                    PID    Runtime      # DAGs    # Errors  Last Runtime    Last Run
---------------------------  -----  ---------  --------  ----------  --------------  -------------------
/opt/airflow/dags/my_dag.py                           1           0  0.66s           2024-08-01T13:09:24
================================================================================
[2024-08-01T13:10:21.814+0000] {manager.py:878} INFO - 
================================================================================
DAG File Processing Stats

File Path                    PID    Runtime      # DAGs    # Errors  Last Runtime    Last Run
---------------------------  -----  ---------  --------  ----------  --------------  -------------------
/opt/airflow/dags/my_dag.py                           1           0  0.61s           2024-08-01T13:09:54
================================================================================
[2024-08-01T13:10:52.236+0000] {manager.py:878} INFO - 
================================================================================
DAG File Processing Stats

File Path                    PID    Runtime      # DAGs    # Errors  Last Runtime    Last Run
---------------------------  -----  ---------  --------  ----------  --------------  -------------------
/opt/airflow/dags/my_dag.py                           1           0  0.53s           2024-08-01T13:10:25
================================================================================
[2024-08-01T13:11:22.458+0000] {manager.py:878} INFO - 
================================================================================
DAG File Processing Stats

File Path                    PID    Runtime      # DAGs    # Errors  Last Runtime    Last Run
---------------------------  -----  ---------  --------  ----------  --------------  -------------------
/opt/airflow/dags/my_dag.py                           1           0  0.60s           2024-08-01T13:10:56
================================================================================
[2024-08-01T13:11:52.746+0000] {manager.py:878} INFO - 
================================================================================
DAG File Processing Stats

File Path                    PID    Runtime      # DAGs    # Errors  Last Runtime    Last Run
---------------------------  -----  ---------  --------  ----------  --------------  -------------------
/opt/airflow/dags/my_dag.py                           1           0  0.57s           2024-08-01T13:11:27
================================================================================
[2024-08-01T13:12:22.959+0000] {manager.py:878} INFO - 
================================================================================
DAG File Processing Stats

File Path                    PID    Runtime      # DAGs    # Errors  Last Runtime    Last Run
---------------------------  -----  ---------  --------  ----------  --------------  -------------------
/opt/airflow/dags/my_dag.py                           1           0  0.58s           2024-08-01T13:11:57
================================================================================
[2024-08-01T13:12:53.262+0000] {manager.py:878} INFO - 
================================================================================
DAG File Processing Stats

File Path                    PID    Runtime      # DAGs    # Errors  Last Runtime    Last Run
---------------------------  -----  ---------  --------  ----------  --------------  -------------------
/opt/airflow/dags/my_dag.py                           1           0  0.57s           2024-08-01T13:12:28
================================================================================
[2024-08-01T13:13:23.472+0000] {manager.py:878} INFO - 
================================================================================
DAG File Processing Stats

File Path                    PID    Runtime      # DAGs    # Errors  Last Runtime    Last Run
---------------------------  -----  ---------  --------  ----------  --------------  -------------------
/opt/airflow/dags/my_dag.py                           1           0  0.63s           2024-08-01T13:12:59
================================================================================
[2024-08-01T13:13:51.242+0000] {manager.py:737} INFO - Searching for files in /opt/airflow/dags
[2024-08-01T13:13:51.413+0000] {manager.py:740} INFO - There are 1 files in /opt/airflow/dags
[2024-08-01T13:13:53.879+0000] {manager.py:878} INFO - 
================================================================================
DAG File Processing Stats

File Path                    PID    Runtime      # DAGs    # Errors  Last Runtime    Last Run
---------------------------  -----  ---------  --------  ----------  --------------  -------------------
/opt/airflow/dags/my_dag.py                           1           0  0.55s           2024-08-01T13:13:30
================================================================================
[2024-08-01T13:14:24.101+0000] {manager.py:878} INFO - 
================================================================================
DAG File Processing Stats

File Path                    PID    Runtime      # DAGs    # Errors  Last Runtime    Last Run
---------------------------  -----  ---------  --------  ----------  --------------  -------------------
/opt/airflow/dags/my_dag.py                           1           0  0.53s           2024-08-01T13:14:01
================================================================================
[2024-08-01T13:14:54.430+0000] {manager.py:878} INFO - 
================================================================================
DAG File Processing Stats

File Path                    PID    Runtime      # DAGs    # Errors  Last Runtime    Last Run
---------------------------  -----  ---------  --------  ----------  --------------  -------------------
/opt/airflow/dags/my_dag.py                           1           0  0.59s           2024-08-01T13:14:31
================================================================================
[2024-08-01T13:15:24.648+0000] {manager.py:878} INFO - 
================================================================================
DAG File Processing Stats

File Path                    PID    Runtime      # DAGs    # Errors  Last Runtime    Last Run
---------------------------  -----  ---------  --------  ----------  --------------  -------------------
/opt/airflow/dags/my_dag.py                           1           0  0.64s           2024-08-01T13:15:02
================================================================================
[2024-08-01T13:15:54.968+0000] {manager.py:878} INFO - 
================================================================================
DAG File Processing Stats

File Path                    PID    Runtime      # DAGs    # Errors  Last Runtime    Last Run
---------------------------  -----  ---------  --------  ----------  --------------  -------------------
/opt/airflow/dags/my_dag.py                           1           0  0.54s           2024-08-01T13:15:33
================================================================================
[2024-08-01T13:16:25.149+0000] {manager.py:878} INFO - 
================================================================================
DAG File Processing Stats

File Path                    PID    Runtime      # DAGs    # Errors  Last Runtime    Last Run
---------------------------  -----  ---------  --------  ----------  --------------  -------------------
/opt/airflow/dags/my_dag.py                           1           0  0.55s           2024-08-01T13:16:04
================================================================================
[2024-08-01T13:16:55.830+0000] {manager.py:878} INFO - 
================================================================================
DAG File Processing Stats

File Path                    PID    Runtime      # DAGs    # Errors  Last Runtime    Last Run
---------------------------  -----  ---------  --------  ----------  --------------  -------------------
/opt/airflow/dags/my_dag.py                           1           0  0.61s           2024-08-01T13:16:34
================================================================================
[2024-08-01T13:17:26.185+0000] {manager.py:878} INFO - 
================================================================================
DAG File Processing Stats

File Path                    PID    Runtime      # DAGs    # Errors  Last Runtime    Last Run
---------------------------  -----  ---------  --------  ----------  --------------  -------------------
/opt/airflow/dags/my_dag.py                           1           0  0.57s           2024-08-01T13:17:05
================================================================================
[2024-08-01T13:17:43.437+0000] {manager.py:452} INFO - Exiting gracefully upon receiving signal 15
[2024-08-01T13:18:40.727+0000] {manager.py:470} INFO - Processing files using up to 2 processes at a time 
[2024-08-01T13:18:40.728+0000] {manager.py:471} INFO - Process each file at most once every 30 seconds
[2024-08-01T13:18:40.729+0000] {manager.py:472} INFO - Checking for new files in /opt/airflow/dags every 300 seconds
[2024-08-01T13:18:40.730+0000] {manager.py:737} INFO - Searching for files in /opt/airflow/dags
[2024-08-01T13:18:40.858+0000] {manager.py:740} INFO - There are 1 files in /opt/airflow/dags
[2024-08-01T13:18:40.938+0000] {manager.py:878} INFO - 
================================================================================
DAG File Processing Stats

File Path                      PID  Runtime      # DAGs    # Errors  Last Runtime    Last Run
---------------------------  -----  ---------  --------  ----------  --------------  ----------
/opt/airflow/dags/my_dag.py     30  0.04s             0           0
================================================================================
[2024-08-01T13:19:11.288+0000] {manager.py:878} INFO - 
================================================================================
DAG File Processing Stats

File Path                    PID    Runtime      # DAGs    # Errors  Last Runtime    Last Run
---------------------------  -----  ---------  --------  ----------  --------------  -------------------
/opt/airflow/dags/my_dag.py                           1           0  2.09s           2024-08-01T13:18:42
================================================================================
[2024-08-01T13:19:41.539+0000] {manager.py:878} INFO - 
================================================================================
DAG File Processing Stats

File Path                    PID    Runtime      # DAGs    # Errors  Last Runtime    Last Run
---------------------------  -----  ---------  --------  ----------  --------------  -------------------
/opt/airflow/dags/my_dag.py                           1           0  1.07s           2024-08-01T13:19:14
================================================================================
[2024-08-01T13:20:11.793+0000] {manager.py:878} INFO - 
================================================================================
DAG File Processing Stats

File Path                    PID    Runtime      # DAGs    # Errors  Last Runtime    Last Run
---------------------------  -----  ---------  --------  ----------  --------------  -------------------
/opt/airflow/dags/my_dag.py                           1           0  0.63s           2024-08-01T13:19:45
================================================================================
[2024-08-01T13:20:42.014+0000] {manager.py:878} INFO - 
================================================================================
DAG File Processing Stats

File Path                    PID    Runtime      # DAGs    # Errors  Last Runtime    Last Run
---------------------------  -----  ---------  --------  ----------  --------------  -------------------
/opt/airflow/dags/my_dag.py                           1           0  0.57s           2024-08-01T13:20:16
================================================================================
[2024-08-01T13:21:12.368+0000] {manager.py:878} INFO - 
================================================================================
DAG File Processing Stats

File Path                    PID    Runtime      # DAGs    # Errors  Last Runtime    Last Run
---------------------------  -----  ---------  --------  ----------  --------------  -------------------
/opt/airflow/dags/my_dag.py                           1           0  0.57s           2024-08-01T13:20:46
================================================================================
[2024-08-01T13:21:42.583+0000] {manager.py:878} INFO - 
================================================================================
DAG File Processing Stats

File Path                    PID    Runtime      # DAGs    # Errors  Last Runtime    Last Run
---------------------------  -----  ---------  --------  ----------  --------------  -------------------
/opt/airflow/dags/my_dag.py                           1           0  0.57s           2024-08-01T13:21:17
================================================================================
[2024-08-01T13:22:12.810+0000] {manager.py:878} INFO - 
================================================================================
DAG File Processing Stats

File Path                    PID    Runtime      # DAGs    # Errors  Last Runtime    Last Run
---------------------------  -----  ---------  --------  ----------  --------------  -------------------
/opt/airflow/dags/my_dag.py                           1           0  0.56s           2024-08-01T13:21:48
================================================================================
[2024-08-01T13:22:43.048+0000] {manager.py:878} INFO - 
================================================================================
DAG File Processing Stats

File Path                    PID    Runtime      # DAGs    # Errors  Last Runtime    Last Run
---------------------------  -----  ---------  --------  ----------  --------------  -------------------
/opt/airflow/dags/my_dag.py                           1           0  0.61s           2024-08-01T13:22:19
================================================================================
[2024-08-01T13:23:13.397+0000] {manager.py:878} INFO - 
================================================================================
DAG File Processing Stats

File Path                    PID    Runtime      # DAGs    # Errors  Last Runtime    Last Run
---------------------------  -----  ---------  --------  ----------  --------------  -------------------
/opt/airflow/dags/my_dag.py                           1           0  0.54s           2024-08-01T13:22:49
================================================================================
[2024-08-01T13:23:41.030+0000] {manager.py:737} INFO - Searching for files in /opt/airflow/dags
[2024-08-01T13:23:41.178+0000] {manager.py:740} INFO - There are 1 files in /opt/airflow/dags
[2024-08-01T13:23:43.563+0000] {manager.py:878} INFO - 
================================================================================
DAG File Processing Stats

File Path                    PID    Runtime      # DAGs    # Errors  Last Runtime    Last Run
---------------------------  -----  ---------  --------  ----------  --------------  -------------------
/opt/airflow/dags/my_dag.py                           1           0  0.52s           2024-08-01T13:23:20
================================================================================
[2024-08-01T13:24:02.273+0000] {manager.py:452} INFO - Exiting gracefully upon receiving signal 15
[2024-08-01T13:26:02.408+0000] {manager.py:470} INFO - Processing files using up to 2 processes at a time 
[2024-08-01T13:26:02.409+0000] {manager.py:471} INFO - Process each file at most once every 30 seconds
[2024-08-01T13:26:02.410+0000] {manager.py:472} INFO - Checking for new files in /opt/airflow/dags every 300 seconds
[2024-08-01T13:26:02.411+0000] {manager.py:737} INFO - Searching for files in /opt/airflow/dags
[2024-08-01T13:26:02.585+0000] {manager.py:740} INFO - There are 1 files in /opt/airflow/dags
[2024-08-01T13:26:02.660+0000] {manager.py:878} INFO - 
================================================================================
DAG File Processing Stats

File Path                      PID  Runtime      # DAGs    # Errors  Last Runtime    Last Run
---------------------------  -----  ---------  --------  ----------  --------------  ----------
/opt/airflow/dags/my_dag.py     31  0.04s             0           0
================================================================================
[2024-08-01T13:26:32.801+0000] {manager.py:878} INFO - 
================================================================================
DAG File Processing Stats

File Path                    PID    Runtime      # DAGs    # Errors  Last Runtime    Last Run
---------------------------  -----  ---------  --------  ----------  --------------  -------------------
/opt/airflow/dags/my_dag.py                           1           0  1.94s           2024-08-01T13:26:04
================================================================================
[2024-08-01T13:27:03.049+0000] {manager.py:878} INFO - 
================================================================================
DAG File Processing Stats

File Path                    PID    Runtime      # DAGs    # Errors  Last Runtime    Last Run
---------------------------  -----  ---------  --------  ----------  --------------  -------------------
/opt/airflow/dags/my_dag.py                           1           0  0.73s           2024-08-01T13:26:35
================================================================================
[2024-08-01T13:27:33.270+0000] {manager.py:878} INFO - 
================================================================================
DAG File Processing Stats

File Path                    PID    Runtime      # DAGs    # Errors  Last Runtime    Last Run
---------------------------  -----  ---------  --------  ----------  --------------  -------------------
/opt/airflow/dags/my_dag.py                           1           0  0.66s           2024-08-01T13:27:06
================================================================================
[2024-08-01T13:28:03.361+0000] {manager.py:878} INFO - 
================================================================================
DAG File Processing Stats

File Path                    PID    Runtime      # DAGs    # Errors  Last Runtime    Last Run
---------------------------  -----  ---------  --------  ----------  --------------  -------------------
/opt/airflow/dags/my_dag.py                           1           0  0.55s           2024-08-01T13:27:37
================================================================================
[2024-08-01T13:28:34.055+0000] {manager.py:878} INFO - 
================================================================================
DAG File Processing Stats

File Path                    PID    Runtime      # DAGs    # Errors  Last Runtime    Last Run
---------------------------  -----  ---------  --------  ----------  --------------  -------------------
/opt/airflow/dags/my_dag.py                           1           0  0.55s           2024-08-01T13:28:07
================================================================================
[2024-08-01T13:28:48.265+0000] {manager.py:452} INFO - Exiting gracefully upon receiving signal 15
[2024-08-01T13:30:14.476+0000] {manager.py:470} INFO - Processing files using up to 2 processes at a time 
[2024-08-01T13:30:14.477+0000] {manager.py:471} INFO - Process each file at most once every 30 seconds
[2024-08-01T13:30:14.478+0000] {manager.py:472} INFO - Checking for new files in /opt/airflow/dags every 300 seconds
[2024-08-01T13:30:14.478+0000] {manager.py:737} INFO - Searching for files in /opt/airflow/dags
[2024-08-01T13:30:14.636+0000] {manager.py:740} INFO - There are 1 files in /opt/airflow/dags
[2024-08-01T13:30:14.696+0000] {manager.py:878} INFO - 
================================================================================
DAG File Processing Stats

File Path                      PID  Runtime      # DAGs    # Errors  Last Runtime    Last Run
---------------------------  -----  ---------  --------  ----------  --------------  ----------
/opt/airflow/dags/my_dag.py     30  0.03s             0           0
================================================================================
[2024-08-01T13:30:44.883+0000] {manager.py:878} INFO - 
================================================================================
DAG File Processing Stats

File Path                    PID    Runtime      # DAGs    # Errors  Last Runtime    Last Run
---------------------------  -----  ---------  --------  ----------  --------------  -------------------
/opt/airflow/dags/my_dag.py                           1           0  0.77s           2024-08-01T13:30:15
================================================================================
[2024-08-01T13:31:15.112+0000] {manager.py:878} INFO - 
================================================================================
DAG File Processing Stats

File Path                    PID    Runtime      # DAGs    # Errors  Last Runtime    Last Run
---------------------------  -----  ---------  --------  ----------  --------------  -------------------
/opt/airflow/dags/my_dag.py                           1           0  0.62s           2024-08-01T13:30:46
================================================================================
[2024-08-01T13:31:45.255+0000] {manager.py:878} INFO - 
================================================================================
DAG File Processing Stats

File Path                    PID    Runtime      # DAGs    # Errors  Last Runtime    Last Run
---------------------------  -----  ---------  --------  ----------  --------------  -------------------
/opt/airflow/dags/my_dag.py                           1           0  0.55s           2024-08-01T13:31:17
================================================================================
[2024-08-01T13:32:15.931+0000] {manager.py:878} INFO - 
================================================================================
DAG File Processing Stats

File Path                    PID    Runtime      # DAGs    # Errors  Last Runtime    Last Run
---------------------------  -----  ---------  --------  ----------  --------------  -------------------
/opt/airflow/dags/my_dag.py                           1           0  0.52s           2024-08-01T13:31:47
================================================================================
[2024-08-01T13:32:46.170+0000] {manager.py:878} INFO - 
================================================================================
DAG File Processing Stats

File Path                    PID    Runtime      # DAGs    # Errors  Last Runtime    Last Run
---------------------------  -----  ---------  --------  ----------  --------------  -------------------
/opt/airflow/dags/my_dag.py                           1           0  0.52s           2024-08-01T13:32:18
================================================================================
[2024-08-01T13:33:16.405+0000] {manager.py:878} INFO - 
================================================================================
DAG File Processing Stats

File Path                    PID    Runtime      # DAGs    # Errors  Last Runtime    Last Run
---------------------------  -----  ---------  --------  ----------  --------------  -------------------
/opt/airflow/dags/my_dag.py                           1           0  0.59s           2024-08-01T13:32:49
================================================================================
[2024-08-01T13:33:46.618+0000] {manager.py:878} INFO - 
================================================================================
DAG File Processing Stats

File Path                    PID    Runtime      # DAGs    # Errors  Last Runtime    Last Run
---------------------------  -----  ---------  --------  ----------  --------------  -------------------
/opt/airflow/dags/my_dag.py                           1           0  0.65s           2024-08-01T13:33:20
================================================================================
[2024-08-01T13:34:16.827+0000] {manager.py:878} INFO - 
================================================================================
DAG File Processing Stats

File Path                    PID    Runtime      # DAGs    # Errors  Last Runtime    Last Run
---------------------------  -----  ---------  --------  ----------  --------------  -------------------
/opt/airflow/dags/my_dag.py                           1           0  0.72s           2024-08-01T13:33:51
================================================================================
[2024-08-01T13:34:46.951+0000] {manager.py:878} INFO - 
================================================================================
DAG File Processing Stats

File Path                    PID    Runtime      # DAGs    # Errors  Last Runtime    Last Run
---------------------------  -----  ---------  --------  ----------  --------------  -------------------
/opt/airflow/dags/my_dag.py                           1           0  0.57s           2024-08-01T13:34:21
================================================================================
[2024-08-01T13:35:11.351+0000] {manager.py:452} INFO - Exiting gracefully upon receiving signal 15
[2024-08-01T13:36:06.157+0000] {manager.py:470} INFO - Processing files using up to 2 processes at a time 
[2024-08-01T13:36:06.158+0000] {manager.py:471} INFO - Process each file at most once every 30 seconds
[2024-08-01T13:36:06.159+0000] {manager.py:472} INFO - Checking for new files in /opt/airflow/dags every 300 seconds
[2024-08-01T13:36:06.160+0000] {manager.py:737} INFO - Searching for files in /opt/airflow/dags
[2024-08-01T13:36:06.394+0000] {manager.py:740} INFO - There are 1 files in /opt/airflow/dags
[2024-08-01T13:36:06.490+0000] {manager.py:878} INFO - 
================================================================================
DAG File Processing Stats

File Path                      PID  Runtime      # DAGs    # Errors  Last Runtime    Last Run
---------------------------  -----  ---------  --------  ----------  --------------  ----------
/opt/airflow/dags/my_dag.py     30  0.04s             0           0
================================================================================
[2024-08-01T13:36:36.525+0000] {manager.py:878} INFO - 
================================================================================
DAG File Processing Stats

File Path                    PID    Runtime      # DAGs    # Errors  Last Runtime    Last Run
---------------------------  -----  ---------  --------  ----------  --------------  -------------------
/opt/airflow/dags/my_dag.py                           1           0  0.85s           2024-08-01T13:36:07
================================================================================
[2024-08-01T13:37:06.904+0000] {manager.py:878} INFO - 
================================================================================
DAG File Processing Stats

File Path                    PID    Runtime      # DAGs    # Errors  Last Runtime    Last Run
---------------------------  -----  ---------  --------  ----------  --------------  -------------------
/opt/airflow/dags/my_dag.py                           1           0  0.60s           2024-08-01T13:36:38
================================================================================
[2024-08-01T13:37:37.127+0000] {manager.py:878} INFO - 
================================================================================
DAG File Processing Stats

File Path                    PID    Runtime      # DAGs    # Errors  Last Runtime    Last Run
---------------------------  -----  ---------  --------  ----------  --------------  -------------------
/opt/airflow/dags/my_dag.py                           1           0  0.57s           2024-08-01T13:37:08
================================================================================
[2024-08-01T13:38:07.338+0000] {manager.py:878} INFO - 
================================================================================
DAG File Processing Stats

File Path                    PID    Runtime      # DAGs    # Errors  Last Runtime    Last Run
---------------------------  -----  ---------  --------  ----------  --------------  -------------------
/opt/airflow/dags/my_dag.py                           1           0  0.61s           2024-08-01T13:37:39
================================================================================
[2024-08-01T13:38:37.549+0000] {manager.py:878} INFO - 
================================================================================
DAG File Processing Stats

File Path                    PID    Runtime      # DAGs    # Errors  Last Runtime    Last Run
---------------------------  -----  ---------  --------  ----------  --------------  -------------------
/opt/airflow/dags/my_dag.py                           1           0  0.62s           2024-08-01T13:38:10
================================================================================
[2024-08-01T13:39:07.951+0000] {manager.py:878} INFO - 
================================================================================
DAG File Processing Stats

File Path                    PID    Runtime      # DAGs    # Errors  Last Runtime    Last Run
---------------------------  -----  ---------  --------  ----------  --------------  -------------------
/opt/airflow/dags/my_dag.py                           1           0  0.54s           2024-08-01T13:38:41
================================================================================
[2024-08-01T13:39:38.150+0000] {manager.py:878} INFO - 
================================================================================
DAG File Processing Stats

File Path                    PID    Runtime      # DAGs    # Errors  Last Runtime    Last Run
---------------------------  -----  ---------  --------  ----------  --------------  -------------------
/opt/airflow/dags/my_dag.py                           1           0  0.53s           2024-08-01T13:39:12
================================================================================
[2024-08-01T13:39:49.531+0000] {manager.py:452} INFO - Exiting gracefully upon receiving signal 15
[2024-08-01T13:40:38.040+0000] {manager.py:470} INFO - Processing files using up to 2 processes at a time 
[2024-08-01T13:40:38.041+0000] {manager.py:471} INFO - Process each file at most once every 30 seconds
[2024-08-01T13:40:38.042+0000] {manager.py:472} INFO - Checking for new files in /opt/airflow/dags every 300 seconds
[2024-08-01T13:40:38.043+0000] {manager.py:737} INFO - Searching for files in /opt/airflow/dags
[2024-08-01T13:40:38.194+0000] {manager.py:740} INFO - There are 1 files in /opt/airflow/dags
[2024-08-01T13:40:38.271+0000] {manager.py:878} INFO - 
================================================================================
DAG File Processing Stats

File Path                      PID  Runtime      # DAGs    # Errors  Last Runtime    Last Run
---------------------------  -----  ---------  --------  ----------  --------------  ----------
/opt/airflow/dags/my_dag.py     30  0.03s             0           0
================================================================================
[2024-08-01T13:41:08.490+0000] {manager.py:878} INFO - 
================================================================================
DAG File Processing Stats

File Path                    PID    Runtime      # DAGs    # Errors  Last Runtime    Last Run
---------------------------  -----  ---------  --------  ----------  --------------  -------------------
/opt/airflow/dags/my_dag.py                           1           0  0.73s           2024-08-01T13:40:38
================================================================================
[2024-08-01T13:41:38.666+0000] {manager.py:878} INFO - 
================================================================================
DAG File Processing Stats

File Path                    PID    Runtime      # DAGs    # Errors  Last Runtime    Last Run
---------------------------  -----  ---------  --------  ----------  --------------  -------------------
/opt/airflow/dags/my_dag.py                           1           0  0.63s           2024-08-01T13:41:09
================================================================================
[2024-08-01T13:42:08.818+0000] {manager.py:878} INFO - 
================================================================================
DAG File Processing Stats

File Path                    PID    Runtime      # DAGs    # Errors  Last Runtime    Last Run
---------------------------  -----  ---------  --------  ----------  --------------  -------------------
/opt/airflow/dags/my_dag.py                           1           0  0.61s           2024-08-01T13:41:40
================================================================================
[2024-08-01T13:42:39.416+0000] {manager.py:878} INFO - 
================================================================================
DAG File Processing Stats

File Path                    PID    Runtime      # DAGs    # Errors  Last Runtime    Last Run
---------------------------  -----  ---------  --------  ----------  --------------  -------------------
/opt/airflow/dags/my_dag.py                           1           0  0.63s           2024-08-01T13:42:11
================================================================================
[2024-08-01T13:43:09.426+0000] {manager.py:878} INFO - 
================================================================================
DAG File Processing Stats

File Path                    PID    Runtime      # DAGs    # Errors  Last Runtime    Last Run
---------------------------  -----  ---------  --------  ----------  --------------  -------------------
/opt/airflow/dags/my_dag.py                           1           0  0.57s           2024-08-01T13:42:42
================================================================================
[2024-08-01T13:43:40.087+0000] {manager.py:878} INFO - 
================================================================================
DAG File Processing Stats

File Path                    PID    Runtime      # DAGs    # Errors  Last Runtime    Last Run
---------------------------  -----  ---------  --------  ----------  --------------  -------------------
/opt/airflow/dags/my_dag.py                           1           0  0.55s           2024-08-01T13:43:13
================================================================================
[2024-08-01T13:44:03.753+0000] {manager.py:452} INFO - Exiting gracefully upon receiving signal 15
[2024-08-01T13:49:24.915+0000] {manager.py:470} INFO - Processing files using up to 2 processes at a time 
[2024-08-01T13:49:24.916+0000] {manager.py:471} INFO - Process each file at most once every 30 seconds
[2024-08-01T13:49:24.916+0000] {manager.py:472} INFO - Checking for new files in /opt/airflow/dags every 300 seconds
[2024-08-01T13:49:24.917+0000] {manager.py:737} INFO - Searching for files in /opt/airflow/dags
[2024-08-01T13:49:25.069+0000] {manager.py:740} INFO - There are 1 files in /opt/airflow/dags
[2024-08-01T13:49:25.135+0000] {manager.py:878} INFO - 
================================================================================
DAG File Processing Stats

File Path                      PID  Runtime      # DAGs    # Errors  Last Runtime    Last Run
---------------------------  -----  ---------  --------  ----------  --------------  ----------
/opt/airflow/dags/my_dag.py     30  0.03s             0           0
================================================================================
[2024-08-01T13:49:55.174+0000] {manager.py:878} INFO - 
================================================================================
DAG File Processing Stats

File Path                    PID    Runtime      # DAGs    # Errors  Last Runtime    Last Run
---------------------------  -----  ---------  --------  ----------  --------------  -------------------
/opt/airflow/dags/my_dag.py                           1           0  0.87s           2024-08-01T13:49:25
================================================================================
[2024-08-01T13:50:25.516+0000] {manager.py:878} INFO - 
================================================================================
DAG File Processing Stats

File Path                    PID    Runtime      # DAGs    # Errors  Last Runtime    Last Run
---------------------------  -----  ---------  --------  ----------  --------------  -------------------
/opt/airflow/dags/my_dag.py                           1           0  0.57s           2024-08-01T13:49:56
================================================================================
[2024-08-01T13:50:55.756+0000] {manager.py:878} INFO - 
================================================================================
DAG File Processing Stats

File Path                    PID    Runtime      # DAGs    # Errors  Last Runtime    Last Run
---------------------------  -----  ---------  --------  ----------  --------------  -------------------
/opt/airflow/dags/my_dag.py                           1           0  0.58s           2024-08-01T13:50:27
================================================================================
[2024-08-01T13:51:26.024+0000] {manager.py:878} INFO - 
================================================================================
DAG File Processing Stats

File Path                    PID    Runtime      # DAGs    # Errors  Last Runtime    Last Run
---------------------------  -----  ---------  --------  ----------  --------------  -------------------
/opt/airflow/dags/my_dag.py                           1           0  0.62s           2024-08-01T13:50:58
================================================================================
[2024-08-01T13:51:56.225+0000] {manager.py:878} INFO - 
================================================================================
DAG File Processing Stats

File Path                    PID    Runtime      # DAGs    # Errors  Last Runtime    Last Run
---------------------------  -----  ---------  --------  ----------  --------------  -------------------
/opt/airflow/dags/my_dag.py                           1           0  0.61s           2024-08-01T13:51:29
================================================================================
[2024-08-01T13:52:26.628+0000] {manager.py:878} INFO - 
================================================================================
DAG File Processing Stats

File Path                    PID    Runtime      # DAGs    # Errors  Last Runtime    Last Run
---------------------------  -----  ---------  --------  ----------  --------------  -------------------
/opt/airflow/dags/my_dag.py                           1           0  0.69s           2024-08-01T13:51:59
================================================================================
[2024-08-01T13:52:56.843+0000] {manager.py:878} INFO - 
================================================================================
DAG File Processing Stats

File Path                    PID    Runtime      # DAGs    # Errors  Last Runtime    Last Run
---------------------------  -----  ---------  --------  ----------  --------------  -------------------
/opt/airflow/dags/my_dag.py                           1           0  0.56s           2024-08-01T13:52:30
================================================================================
[2024-08-01T13:53:24.989+0000] {manager.py:452} INFO - Exiting gracefully upon receiving signal 15
[2024-08-01T13:58:25.496+0000] {manager.py:470} INFO - Processing files using up to 2 processes at a time 
[2024-08-01T13:58:25.498+0000] {manager.py:471} INFO - Process each file at most once every 30 seconds
[2024-08-01T13:58:25.499+0000] {manager.py:472} INFO - Checking for new files in /opt/airflow/dags every 300 seconds
[2024-08-01T13:58:25.500+0000] {manager.py:737} INFO - Searching for files in /opt/airflow/dags
[2024-08-01T13:58:25.654+0000] {manager.py:740} INFO - There are 1 files in /opt/airflow/dags
[2024-08-01T13:58:25.723+0000] {manager.py:878} INFO - 
================================================================================
DAG File Processing Stats

File Path                      PID  Runtime      # DAGs    # Errors  Last Runtime    Last Run
---------------------------  -----  ---------  --------  ----------  --------------  ----------
/opt/airflow/dags/my_dag.py     30  0.04s             0           0
================================================================================
[2024-08-01T13:58:55.883+0000] {manager.py:878} INFO - 
================================================================================
DAG File Processing Stats

File Path                    PID    Runtime      # DAGs    # Errors  Last Runtime    Last Run
---------------------------  -----  ---------  --------  ----------  --------------  -------------------
/opt/airflow/dags/my_dag.py                           1           0  0.78s           2024-08-01T13:58:26
================================================================================
[2024-08-01T13:59:26.090+0000] {manager.py:878} INFO - 
================================================================================
DAG File Processing Stats

File Path                    PID    Runtime      # DAGs    # Errors  Last Runtime    Last Run
---------------------------  -----  ---------  --------  ----------  --------------  -------------------
/opt/airflow/dags/my_dag.py                           1           0  0.56s           2024-08-01T13:58:57
================================================================================
[2024-08-01T13:59:56.220+0000] {manager.py:878} INFO - 
================================================================================
DAG File Processing Stats

File Path                    PID    Runtime      # DAGs    # Errors  Last Runtime    Last Run
---------------------------  -----  ---------  --------  ----------  --------------  -------------------
/opt/airflow/dags/my_dag.py                           1           0  0.57s           2024-08-01T13:59:28
================================================================================
[2024-08-01T14:00:26.851+0000] {manager.py:878} INFO - 
================================================================================
DAG File Processing Stats

File Path                    PID    Runtime      # DAGs    # Errors  Last Runtime    Last Run
---------------------------  -----  ---------  --------  ----------  --------------  -------------------
/opt/airflow/dags/my_dag.py                           1           0  0.59s           2024-08-01T13:59:58
================================================================================
[2024-08-01T14:00:57.174+0000] {manager.py:878} INFO - 
================================================================================
DAG File Processing Stats

File Path                    PID    Runtime      # DAGs    # Errors  Last Runtime    Last Run
---------------------------  -----  ---------  --------  ----------  --------------  -------------------
/opt/airflow/dags/my_dag.py                           1           0  0.60s           2024-08-01T14:00:29
================================================================================
[2024-08-01T14:01:27.370+0000] {manager.py:878} INFO - 
================================================================================
DAG File Processing Stats

File Path                    PID    Runtime      # DAGs    # Errors  Last Runtime    Last Run
---------------------------  -----  ---------  --------  ----------  --------------  -------------------
/opt/airflow/dags/my_dag.py                           1           0  0.57s           2024-08-01T14:01:00
================================================================================
[2024-08-01T14:01:57.637+0000] {manager.py:878} INFO - 
================================================================================
DAG File Processing Stats

File Path                    PID    Runtime      # DAGs    # Errors  Last Runtime    Last Run
---------------------------  -----  ---------  --------  ----------  --------------  -------------------
/opt/airflow/dags/my_dag.py                           1           0  0.62s           2024-08-01T14:01:31
================================================================================
[2024-08-01T14:02:27.844+0000] {manager.py:878} INFO - 
================================================================================
DAG File Processing Stats

File Path                    PID    Runtime      # DAGs    # Errors  Last Runtime    Last Run
---------------------------  -----  ---------  --------  ----------  --------------  -------------------
/opt/airflow/dags/my_dag.py                           1           0  0.68s           2024-08-01T14:02:01
================================================================================
[2024-08-01T14:02:57.975+0000] {manager.py:878} INFO - 
================================================================================
DAG File Processing Stats

File Path                    PID    Runtime      # DAGs    # Errors  Last Runtime    Last Run
---------------------------  -----  ---------  --------  ----------  --------------  -------------------
/opt/airflow/dags/my_dag.py                           1           0  0.71s           2024-08-01T14:02:32
================================================================================
[2024-08-01T14:03:25.736+0000] {manager.py:737} INFO - Searching for files in /opt/airflow/dags
[2024-08-01T14:03:25.877+0000] {manager.py:740} INFO - There are 1 files in /opt/airflow/dags
[2024-08-01T14:03:28.477+0000] {manager.py:878} INFO - 
================================================================================
DAG File Processing Stats

File Path                    PID    Runtime      # DAGs    # Errors  Last Runtime    Last Run
---------------------------  -----  ---------  --------  ----------  --------------  -------------------
/opt/airflow/dags/my_dag.py                           1           0  0.56s           2024-08-01T14:03:03
================================================================================
[2024-08-01T14:03:46.806+0000] {manager.py:452} INFO - Exiting gracefully upon receiving signal 15
[2024-08-01T14:04:38.410+0000] {manager.py:470} INFO - Processing files using up to 2 processes at a time 
[2024-08-01T14:04:38.412+0000] {manager.py:471} INFO - Process each file at most once every 30 seconds
[2024-08-01T14:04:38.412+0000] {manager.py:472} INFO - Checking for new files in /opt/airflow/dags every 300 seconds
[2024-08-01T14:04:38.413+0000] {manager.py:737} INFO - Searching for files in /opt/airflow/dags
[2024-08-01T14:04:38.573+0000] {manager.py:740} INFO - There are 1 files in /opt/airflow/dags
[2024-08-01T14:04:38.647+0000] {manager.py:878} INFO - 
================================================================================
DAG File Processing Stats

File Path                      PID  Runtime      # DAGs    # Errors  Last Runtime    Last Run
---------------------------  -----  ---------  --------  ----------  --------------  ----------
/opt/airflow/dags/my_dag.py     30  0.03s             0           0
================================================================================
[2024-08-01T14:05:08.841+0000] {manager.py:878} INFO - 
================================================================================
DAG File Processing Stats

File Path                    PID    Runtime      # DAGs    # Errors  Last Runtime    Last Run
---------------------------  -----  ---------  --------  ----------  --------------  -------------------
/opt/airflow/dags/my_dag.py                           1           0  0.70s           2024-08-01T14:04:39
================================================================================
[2024-08-01T14:05:39.034+0000] {manager.py:878} INFO - 
================================================================================
DAG File Processing Stats

File Path                    PID    Runtime      # DAGs    # Errors  Last Runtime    Last Run
---------------------------  -----  ---------  --------  ----------  --------------  -------------------
/opt/airflow/dags/my_dag.py                           1           0  0.65s           2024-08-01T14:05:10
================================================================================
[2024-08-01T14:06:09.207+0000] {manager.py:878} INFO - 
================================================================================
DAG File Processing Stats

File Path                    PID    Runtime      # DAGs    # Errors  Last Runtime    Last Run
---------------------------  -----  ---------  --------  ----------  --------------  -------------------
/opt/airflow/dags/my_dag.py                           1           0  0.61s           2024-08-01T14:05:41
================================================================================
[2024-08-01T14:06:39.828+0000] {manager.py:878} INFO - 
================================================================================
DAG File Processing Stats

File Path                    PID    Runtime      # DAGs    # Errors  Last Runtime    Last Run
---------------------------  -----  ---------  --------  ----------  --------------  -------------------
/opt/airflow/dags/my_dag.py                           1           0  0.57s           2024-08-01T14:06:11
================================================================================
[2024-08-01T14:24:33.286+0000] {manager.py:470} INFO - Processing files using up to 2 processes at a time 
[2024-08-01T14:24:33.290+0000] {manager.py:471} INFO - Process each file at most once every 30 seconds
[2024-08-01T14:24:33.292+0000] {manager.py:472} INFO - Checking for new files in /opt/airflow/dags every 300 seconds
[2024-08-01T14:24:33.294+0000] {manager.py:737} INFO - Searching for files in /opt/airflow/dags
[2024-08-01T14:24:33.924+0000] {manager.py:740} INFO - There are 1 files in /opt/airflow/dags
[2024-08-01T14:24:34.036+0000] {manager.py:878} INFO - 
================================================================================
DAG File Processing Stats

File Path                      PID  Runtime      # DAGs    # Errors  Last Runtime    Last Run
---------------------------  -----  ---------  --------  ----------  --------------  ----------
/opt/airflow/dags/my_dag.py     30  0.06s             0           0
================================================================================
[2024-08-01T14:25:04.206+0000] {manager.py:878} INFO - 
================================================================================
DAG File Processing Stats

File Path                    PID    Runtime      # DAGs    # Errors  Last Runtime    Last Run
---------------------------  -----  ---------  --------  ----------  --------------  -------------------
/opt/airflow/dags/my_dag.py                           1           0  1.03s           2024-08-01T14:24:35
================================================================================
[2024-08-01T14:25:34.482+0000] {manager.py:878} INFO - 
================================================================================
DAG File Processing Stats

File Path                    PID    Runtime      # DAGs    # Errors  Last Runtime    Last Run
---------------------------  -----  ---------  --------  ----------  --------------  -------------------
/opt/airflow/dags/my_dag.py                           1           0  1.08s           2024-08-01T14:25:06
================================================================================
[2024-08-01T14:26:04.739+0000] {manager.py:878} INFO - 
================================================================================
DAG File Processing Stats

File Path                    PID    Runtime      # DAGs    # Errors  Last Runtime    Last Run
---------------------------  -----  ---------  --------  ----------  --------------  -------------------
/opt/airflow/dags/my_dag.py                           1           0  1.15s           2024-08-01T14:25:37
================================================================================
[2024-08-01T14:26:34.875+0000] {manager.py:878} INFO - 
================================================================================
DAG File Processing Stats

File Path                    PID    Runtime      # DAGs    # Errors  Last Runtime    Last Run
---------------------------  -----  ---------  --------  ----------  --------------  -------------------
/opt/airflow/dags/my_dag.py                           1           0  0.87s           2024-08-01T14:26:08
================================================================================
[2024-08-01T14:27:04.952+0000] {manager.py:878} INFO - 
================================================================================
DAG File Processing Stats

File Path                    PID    Runtime      # DAGs    # Errors  Last Runtime    Last Run
---------------------------  -----  ---------  --------  ----------  --------------  -------------------
/opt/airflow/dags/my_dag.py                           1           0  0.81s           2024-08-01T14:26:39
================================================================================
[2024-08-01T14:27:35.091+0000] {manager.py:878} INFO - 
================================================================================
DAG File Processing Stats

File Path                    PID    Runtime      # DAGs    # Errors  Last Runtime    Last Run
---------------------------  -----  ---------  --------  ----------  --------------  -------------------
/opt/airflow/dags/my_dag.py                           1           0  0.84s           2024-08-01T14:27:10
================================================================================
[2024-08-05T14:14:12.472+0000] {manager.py:470} INFO - Processing files using up to 2 processes at a time 
[2024-08-05T14:14:12.474+0000] {manager.py:471} INFO - Process each file at most once every 30 seconds
[2024-08-05T14:14:12.474+0000] {manager.py:472} INFO - Checking for new files in /opt/airflow/dags every 300 seconds
[2024-08-05T14:14:12.475+0000] {manager.py:737} INFO - Searching for files in /opt/airflow/dags
[2024-08-05T14:14:12.787+0000] {manager.py:740} INFO - There are 1 files in /opt/airflow/dags
[2024-08-05T14:14:12.867+0000] {manager.py:878} INFO - 
================================================================================
DAG File Processing Stats

File Path                      PID  Runtime      # DAGs    # Errors  Last Runtime    Last Run
---------------------------  -----  ---------  --------  ----------  --------------  ----------
/opt/airflow/dags/my_dag.py     35  0.04s             0           0
================================================================================
[2024-08-05T14:14:35.384+0000] {manager.py:452} INFO - Exiting gracefully upon receiving signal 15
[2024-08-05T14:15:22.323+0000] {manager.py:470} INFO - Processing files using up to 2 processes at a time 
[2024-08-05T14:15:22.324+0000] {manager.py:471} INFO - Process each file at most once every 30 seconds
[2024-08-05T14:15:22.325+0000] {manager.py:472} INFO - Checking for new files in /opt/airflow/dags every 300 seconds
[2024-08-05T14:15:22.326+0000] {manager.py:737} INFO - Searching for files in /opt/airflow/dags
[2024-08-05T14:15:22.506+0000] {manager.py:740} INFO - There are 1 files in /opt/airflow/dags
[2024-08-05T14:15:22.590+0000] {manager.py:878} INFO - 
================================================================================
DAG File Processing Stats

File Path                      PID  Runtime      # DAGs    # Errors  Last Runtime    Last Run
---------------------------  -----  ---------  --------  ----------  --------------  ----------
/opt/airflow/dags/my_dag.py     30  0.04s             0           0
================================================================================
[2024-08-05T14:15:52.754+0000] {manager.py:878} INFO - 
================================================================================
DAG File Processing Stats

File Path                    PID    Runtime      # DAGs    # Errors  Last Runtime    Last Run
---------------------------  -----  ---------  --------  ----------  --------------  -------------------
/opt/airflow/dags/my_dag.py                           0           1  1.67s           2024-08-05T14:15:24
================================================================================
[2024-08-05T14:16:22.941+0000] {manager.py:878} INFO - 
================================================================================
DAG File Processing Stats

File Path                    PID    Runtime      # DAGs    # Errors  Last Runtime    Last Run
---------------------------  -----  ---------  --------  ----------  --------------  -------------------
/opt/airflow/dags/my_dag.py                           0           1  0.79s           2024-08-05T14:15:55
================================================================================
[2024-08-05T14:18:03.779+0000] {manager.py:470} INFO - Processing files using up to 2 processes at a time 
[2024-08-05T14:18:03.781+0000] {manager.py:471} INFO - Process each file at most once every 30 seconds
[2024-08-05T14:18:03.782+0000] {manager.py:472} INFO - Checking for new files in /opt/airflow/dags every 300 seconds
[2024-08-05T14:18:03.784+0000] {manager.py:737} INFO - Searching for files in /opt/airflow/dags
[2024-08-05T14:18:04.045+0000] {manager.py:740} INFO - There are 1 files in /opt/airflow/dags
[2024-08-05T14:18:04.176+0000] {manager.py:878} INFO - 
================================================================================
DAG File Processing Stats

File Path                      PID  Runtime      # DAGs    # Errors  Last Runtime    Last Run
---------------------------  -----  ---------  --------  ----------  --------------  ----------
/opt/airflow/dags/my_dag.py     30  0.07s             0           0
================================================================================
[2024-08-05T14:18:34.380+0000] {manager.py:878} INFO - 
================================================================================
DAG File Processing Stats

File Path                    PID    Runtime      # DAGs    # Errors  Last Runtime    Last Run
---------------------------  -----  ---------  --------  ----------  --------------  -------------------
/opt/airflow/dags/my_dag.py                           1           0  1.61s           2024-08-05T14:18:05
================================================================================
[2024-08-05T14:19:04.582+0000] {manager.py:878} INFO - 
================================================================================
DAG File Processing Stats

File Path                    PID    Runtime      # DAGs    # Errors  Last Runtime    Last Run
---------------------------  -----  ---------  --------  ----------  --------------  -------------------
/opt/airflow/dags/my_dag.py                           1           0  0.48s           2024-08-05T14:18:36
================================================================================
[2024-08-05T14:19:34.789+0000] {manager.py:878} INFO - 
================================================================================
DAG File Processing Stats

File Path                    PID    Runtime      # DAGs    # Errors  Last Runtime    Last Run
---------------------------  -----  ---------  --------  ----------  --------------  -------------------
/opt/airflow/dags/my_dag.py                           1           0  0.51s           2024-08-05T14:19:07
================================================================================
[2024-08-05T14:20:04.961+0000] {manager.py:878} INFO - 
================================================================================
DAG File Processing Stats

File Path                    PID    Runtime      # DAGs    # Errors  Last Runtime    Last Run
---------------------------  -----  ---------  --------  ----------  --------------  -------------------
/opt/airflow/dags/my_dag.py                           1           0  0.53s           2024-08-05T14:19:37
================================================================================
[2024-08-05T14:20:35.136+0000] {manager.py:878} INFO - 
================================================================================
DAG File Processing Stats

File Path                    PID    Runtime      # DAGs    # Errors  Last Runtime    Last Run
---------------------------  -----  ---------  --------  ----------  --------------  -------------------
/opt/airflow/dags/my_dag.py                           1           0  0.67s           2024-08-05T14:20:08
================================================================================
[2024-08-05T14:21:05.304+0000] {manager.py:878} INFO - 
================================================================================
DAG File Processing Stats

File Path                    PID    Runtime      # DAGs    # Errors  Last Runtime    Last Run
---------------------------  -----  ---------  --------  ----------  --------------  -------------------
/opt/airflow/dags/my_dag.py                           1           0  0.64s           2024-08-05T14:20:39
================================================================================
[2024-08-05T14:21:35.816+0000] {manager.py:878} INFO - 
================================================================================
DAG File Processing Stats

File Path                    PID    Runtime      # DAGs    # Errors  Last Runtime    Last Run
---------------------------  -----  ---------  --------  ----------  --------------  -------------------
/opt/airflow/dags/my_dag.py                           1           0  0.48s           2024-08-05T14:21:10
================================================================================
[2024-08-05T14:22:05.973+0000] {manager.py:878} INFO - 
================================================================================
DAG File Processing Stats

File Path                    PID    Runtime      # DAGs    # Errors  Last Runtime    Last Run
---------------------------  -----  ---------  --------  ----------  --------------  -------------------
/opt/airflow/dags/my_dag.py                           1           0  0.49s           2024-08-05T14:21:40
================================================================================
[2024-08-05T14:22:36.651+0000] {manager.py:878} INFO - 
================================================================================
DAG File Processing Stats

File Path                    PID    Runtime      # DAGs    # Errors  Last Runtime    Last Run
---------------------------  -----  ---------  --------  ----------  --------------  -------------------
/opt/airflow/dags/my_dag.py                           1           0  0.53s           2024-08-05T14:22:11
================================================================================
[2024-08-05T14:23:03.838+0000] {manager.py:737} INFO - Searching for files in /opt/airflow/dags
[2024-08-05T14:23:03.964+0000] {manager.py:740} INFO - There are 1 files in /opt/airflow/dags
[2024-08-05T14:23:06.988+0000] {manager.py:878} INFO - 
================================================================================
DAG File Processing Stats

File Path                    PID    Runtime      # DAGs    # Errors  Last Runtime    Last Run
---------------------------  -----  ---------  --------  ----------  --------------  -------------------
/opt/airflow/dags/my_dag.py                           1           0  0.50s           2024-08-05T14:22:42
================================================================================
[2024-08-05T14:23:37.001+0000] {manager.py:878} INFO - 
================================================================================
DAG File Processing Stats

File Path                    PID    Runtime      # DAGs    # Errors  Last Runtime    Last Run
---------------------------  -----  ---------  --------  ----------  --------------  -------------------
/opt/airflow/dags/my_dag.py                           1           0  0.51s           2024-08-05T14:23:12
================================================================================
[2024-08-05T14:24:07.709+0000] {manager.py:878} INFO - 
================================================================================
DAG File Processing Stats

File Path                    PID    Runtime      # DAGs    # Errors  Last Runtime    Last Run
---------------------------  -----  ---------  --------  ----------  --------------  -------------------
/opt/airflow/dags/my_dag.py                           1           0  0.53s           2024-08-05T14:23:43
================================================================================
[2024-08-05T14:24:37.913+0000] {manager.py:878} INFO - 
================================================================================
DAG File Processing Stats

File Path                    PID    Runtime      # DAGs    # Errors  Last Runtime    Last Run
---------------------------  -----  ---------  --------  ----------  --------------  -------------------
/opt/airflow/dags/my_dag.py                           1           0  0.51s           2024-08-05T14:24:14
================================================================================
[2024-08-05T14:25:08.081+0000] {manager.py:878} INFO - 
================================================================================
DAG File Processing Stats

File Path                    PID    Runtime      # DAGs    # Errors  Last Runtime    Last Run
---------------------------  -----  ---------  --------  ----------  --------------  -------------------
/opt/airflow/dags/my_dag.py                           1           0  0.49s           2024-08-05T14:24:44
================================================================================
[2024-08-05T14:25:38.345+0000] {manager.py:878} INFO - 
================================================================================
DAG File Processing Stats

File Path                    PID    Runtime      # DAGs    # Errors  Last Runtime    Last Run
---------------------------  -----  ---------  --------  ----------  --------------  -------------------
/opt/airflow/dags/my_dag.py                           1           0  0.48s           2024-08-05T14:25:15
================================================================================
[2024-08-05T14:26:08.440+0000] {manager.py:878} INFO - 
================================================================================
DAG File Processing Stats

File Path                    PID    Runtime      # DAGs    # Errors  Last Runtime    Last Run
---------------------------  -----  ---------  --------  ----------  --------------  -------------------
/opt/airflow/dags/my_dag.py                           1           0  0.46s           2024-08-05T14:25:46
================================================================================
[2024-08-05T14:30:27.923+0000] {manager.py:470} INFO - Processing files using up to 2 processes at a time 
[2024-08-05T14:30:27.925+0000] {manager.py:471} INFO - Process each file at most once every 30 seconds
[2024-08-05T14:30:27.926+0000] {manager.py:472} INFO - Checking for new files in /opt/airflow/dags every 300 seconds
[2024-08-05T14:30:27.928+0000] {manager.py:737} INFO - Searching for files in /opt/airflow/dags
[2024-08-05T14:30:28.227+0000] {manager.py:740} INFO - There are 1 files in /opt/airflow/dags
[2024-08-05T14:30:28.345+0000] {manager.py:878} INFO - 
================================================================================
DAG File Processing Stats

File Path                      PID  Runtime      # DAGs    # Errors  Last Runtime    Last Run
---------------------------  -----  ---------  --------  ----------  --------------  ----------
/opt/airflow/dags/my_dag.py     37  0.06s             0           0
================================================================================
[2024-08-05T14:30:58.509+0000] {manager.py:878} INFO - 
================================================================================
DAG File Processing Stats

File Path                    PID    Runtime      # DAGs    # Errors  Last Runtime    Last Run
---------------------------  -----  ---------  --------  ----------  --------------  -------------------
/opt/airflow/dags/my_dag.py                           1           0  3.67s           2024-08-05T14:30:31
================================================================================
[2024-08-05T14:31:28.682+0000] {manager.py:878} INFO - 
================================================================================
DAG File Processing Stats

File Path                    PID    Runtime      # DAGs    # Errors  Last Runtime    Last Run
---------------------------  -----  ---------  --------  ----------  --------------  -------------------
/opt/airflow/dags/my_dag.py                           1           0  0.69s           2024-08-05T14:31:02
================================================================================
[2024-08-05T14:31:59.123+0000] {manager.py:878} INFO - 
================================================================================
DAG File Processing Stats

File Path                    PID    Runtime      # DAGs    # Errors  Last Runtime    Last Run
---------------------------  -----  ---------  --------  ----------  --------------  -------------------
/opt/airflow/dags/my_dag.py                           1           0  0.55s           2024-08-05T14:31:33
================================================================================
[2024-08-05T14:32:29.321+0000] {manager.py:878} INFO - 
================================================================================
DAG File Processing Stats

File Path                    PID    Runtime      # DAGs    # Errors  Last Runtime    Last Run
---------------------------  -----  ---------  --------  ----------  --------------  -------------------
/opt/airflow/dags/my_dag.py                           1           0  0.54s           2024-08-05T14:32:04
================================================================================
[2024-08-05T14:32:59.549+0000] {manager.py:878} INFO - 
================================================================================
DAG File Processing Stats

File Path                    PID    Runtime      # DAGs    # Errors  Last Runtime    Last Run
---------------------------  -----  ---------  --------  ----------  --------------  -------------------
/opt/airflow/dags/my_dag.py                           1           0  0.54s           2024-08-05T14:32:34
================================================================================
[2024-08-05T14:33:29.726+0000] {manager.py:878} INFO - 
================================================================================
DAG File Processing Stats

File Path                    PID    Runtime      # DAGs    # Errors  Last Runtime    Last Run
---------------------------  -----  ---------  --------  ----------  --------------  -------------------
/opt/airflow/dags/my_dag.py                           1           0  0.77s           2024-08-05T14:33:05
================================================================================
[2024-08-05T14:34:00.153+0000] {manager.py:878} INFO - 
================================================================================
DAG File Processing Stats

File Path                    PID    Runtime      # DAGs    # Errors  Last Runtime    Last Run
---------------------------  -----  ---------  --------  ----------  --------------  -------------------
/opt/airflow/dags/my_dag.py                           1           0  0.46s           2024-08-05T14:33:36
================================================================================
[2024-08-05T14:34:30.286+0000] {manager.py:878} INFO - 
================================================================================
DAG File Processing Stats

File Path                    PID    Runtime      # DAGs    # Errors  Last Runtime    Last Run
---------------------------  -----  ---------  --------  ----------  --------------  -------------------
/opt/airflow/dags/my_dag.py                           1           0  0.49s           2024-08-05T14:34:07
================================================================================
[2024-08-05T14:35:00.473+0000] {manager.py:878} INFO - 
================================================================================
DAG File Processing Stats

File Path                    PID    Runtime      # DAGs    # Errors  Last Runtime    Last Run
---------------------------  -----  ---------  --------  ----------  --------------  -------------------
/opt/airflow/dags/my_dag.py                           1           0  0.49s           2024-08-05T14:34:37
================================================================================
[2024-08-05T14:35:28.655+0000] {manager.py:737} INFO - Searching for files in /opt/airflow/dags
[2024-08-05T14:35:28.827+0000] {manager.py:740} INFO - There are 1 files in /opt/airflow/dags
[2024-08-05T14:35:30.852+0000] {manager.py:878} INFO - 
================================================================================
DAG File Processing Stats

File Path                    PID    Runtime      # DAGs    # Errors  Last Runtime    Last Run
---------------------------  -----  ---------  --------  ----------  --------------  -------------------
/opt/airflow/dags/my_dag.py                           1           0  0.51s           2024-08-05T14:35:08
================================================================================
[2024-08-05T14:36:01.077+0000] {manager.py:878} INFO - 
================================================================================
DAG File Processing Stats

File Path                    PID    Runtime      # DAGs    # Errors  Last Runtime    Last Run
---------------------------  -----  ---------  --------  ----------  --------------  -------------------
/opt/airflow/dags/my_dag.py                           1           0  0.48s           2024-08-05T14:35:39
================================================================================
[2024-08-05T14:36:31.250+0000] {manager.py:878} INFO - 
================================================================================
DAG File Processing Stats

File Path                    PID    Runtime      # DAGs    # Errors  Last Runtime    Last Run
---------------------------  -----  ---------  --------  ----------  --------------  -------------------
/opt/airflow/dags/my_dag.py                           1           0  0.52s           2024-08-05T14:36:10
================================================================================
[2024-08-05T14:37:01.496+0000] {manager.py:878} INFO - 
================================================================================
DAG File Processing Stats

File Path                    PID    Runtime      # DAGs    # Errors  Last Runtime    Last Run
---------------------------  -----  ---------  --------  ----------  --------------  -------------------
/opt/airflow/dags/my_dag.py                           1           0  0.53s           2024-08-05T14:36:40
================================================================================
[2024-08-05T14:37:31.684+0000] {manager.py:878} INFO - 
================================================================================
DAG File Processing Stats

File Path                    PID    Runtime      # DAGs    # Errors  Last Runtime    Last Run
---------------------------  -----  ---------  --------  ----------  --------------  -------------------
/opt/airflow/dags/my_dag.py                           1           0  0.54s           2024-08-05T14:37:11
================================================================================
[2024-08-05T14:38:01.911+0000] {manager.py:878} INFO - 
================================================================================
DAG File Processing Stats

File Path                    PID    Runtime      # DAGs    # Errors  Last Runtime    Last Run
---------------------------  -----  ---------  --------  ----------  --------------  -------------------
/opt/airflow/dags/my_dag.py                           1           0  0.49s           2024-08-05T14:37:42
================================================================================
[2024-08-05T14:38:32.136+0000] {manager.py:878} INFO - 
================================================================================
DAG File Processing Stats

File Path                    PID    Runtime      # DAGs    # Errors  Last Runtime    Last Run
---------------------------  -----  ---------  --------  ----------  --------------  -------------------
/opt/airflow/dags/my_dag.py                           1           0  0.53s           2024-08-05T14:38:13
================================================================================
[2024-08-05T14:39:02.414+0000] {manager.py:878} INFO - 
================================================================================
DAG File Processing Stats

File Path                    PID    Runtime      # DAGs    # Errors  Last Runtime    Last Run
---------------------------  -----  ---------  --------  ----------  --------------  -------------------
/opt/airflow/dags/my_dag.py                           1           0  0.47s           2024-08-05T14:38:43
================================================================================
[2024-08-05T14:39:32.623+0000] {manager.py:878} INFO - 
================================================================================
DAG File Processing Stats

File Path                    PID    Runtime      # DAGs    # Errors  Last Runtime    Last Run
---------------------------  -----  ---------  --------  ----------  --------------  -------------------
/opt/airflow/dags/my_dag.py                           1           0  0.53s           2024-08-05T14:39:14
================================================================================
[2024-08-05T14:40:03.318+0000] {manager.py:878} INFO - 
================================================================================
DAG File Processing Stats

File Path                    PID    Runtime      # DAGs    # Errors  Last Runtime    Last Run
---------------------------  -----  ---------  --------  ----------  --------------  -------------------
/opt/airflow/dags/my_dag.py                           1           0  0.47s           2024-08-05T14:39:45
================================================================================
[2024-08-05T14:40:29.046+0000] {manager.py:737} INFO - Searching for files in /opt/airflow/dags
[2024-08-05T14:40:29.156+0000] {manager.py:740} INFO - There are 1 files in /opt/airflow/dags
[2024-08-05T14:40:33.573+0000] {manager.py:878} INFO - 
================================================================================
DAG File Processing Stats

File Path                    PID    Runtime      # DAGs    # Errors  Last Runtime    Last Run
---------------------------  -----  ---------  --------  ----------  --------------  -------------------
/opt/airflow/dags/my_dag.py                           1           0  0.52s           2024-08-05T14:40:15
================================================================================
[2024-08-05T14:41:03.813+0000] {manager.py:878} INFO - 
================================================================================
DAG File Processing Stats

File Path                    PID    Runtime      # DAGs    # Errors  Last Runtime    Last Run
---------------------------  -----  ---------  --------  ----------  --------------  -------------------
/opt/airflow/dags/my_dag.py                           1           0  0.47s           2024-08-05T14:40:46
================================================================================
[2024-08-05T14:41:34.053+0000] {manager.py:878} INFO - 
================================================================================
DAG File Processing Stats

File Path                    PID    Runtime      # DAGs    # Errors  Last Runtime    Last Run
---------------------------  -----  ---------  --------  ----------  --------------  -------------------
/opt/airflow/dags/my_dag.py                           1           0  0.65s           2024-08-05T14:41:17
================================================================================
[2024-08-05T14:42:04.287+0000] {manager.py:878} INFO - 
================================================================================
DAG File Processing Stats

File Path                    PID    Runtime      # DAGs    # Errors  Last Runtime    Last Run
---------------------------  -----  ---------  --------  ----------  --------------  -------------------
/opt/airflow/dags/my_dag.py                           1           0  0.47s           2024-08-05T14:41:48
================================================================================
[2024-08-05T14:42:34.595+0000] {manager.py:878} INFO - 
================================================================================
DAG File Processing Stats

File Path                    PID    Runtime      # DAGs    # Errors  Last Runtime    Last Run
---------------------------  -----  ---------  --------  ----------  --------------  -------------------
/opt/airflow/dags/my_dag.py                           1           0  0.45s           2024-08-05T14:42:18
================================================================================
[2024-08-05T14:43:04.629+0000] {manager.py:878} INFO - 
================================================================================
DAG File Processing Stats

File Path                    PID    Runtime      # DAGs    # Errors  Last Runtime    Last Run
---------------------------  -----  ---------  --------  ----------  --------------  -------------------
/opt/airflow/dags/my_dag.py                           1           0  0.47s           2024-08-05T14:42:49
================================================================================
[2024-08-05T14:43:35.365+0000] {manager.py:878} INFO - 
================================================================================
DAG File Processing Stats

File Path                    PID    Runtime      # DAGs    # Errors  Last Runtime    Last Run
---------------------------  -----  ---------  --------  ----------  --------------  -------------------
/opt/airflow/dags/my_dag.py                           1           0  0.70s           2024-08-05T14:43:20
================================================================================
[2024-08-05T14:44:05.659+0000] {manager.py:878} INFO - 
================================================================================
DAG File Processing Stats

File Path                    PID    Runtime      # DAGs    # Errors  Last Runtime    Last Run
---------------------------  -----  ---------  --------  ----------  --------------  -------------------
/opt/airflow/dags/my_dag.py                           1           0  0.55s           2024-08-05T14:43:51
================================================================================
[2024-08-05T14:44:35.813+0000] {manager.py:878} INFO - 
================================================================================
DAG File Processing Stats

File Path                    PID    Runtime      # DAGs    # Errors  Last Runtime    Last Run
---------------------------  -----  ---------  --------  ----------  --------------  -------------------
/opt/airflow/dags/my_dag.py                           1           0  0.52s           2024-08-05T14:44:21
================================================================================
[2024-08-05T14:45:06.461+0000] {manager.py:878} INFO - 
================================================================================
DAG File Processing Stats

File Path                    PID    Runtime      # DAGs    # Errors  Last Runtime    Last Run
---------------------------  -----  ---------  --------  ----------  --------------  -------------------
/opt/airflow/dags/my_dag.py                           1           0  0.53s           2024-08-05T14:44:52
================================================================================
[2024-08-05T14:45:29.165+0000] {manager.py:737} INFO - Searching for files in /opt/airflow/dags
[2024-08-05T14:45:29.448+0000] {manager.py:740} INFO - There are 1 files in /opt/airflow/dags
[2024-08-05T14:45:36.518+0000] {manager.py:878} INFO - 
================================================================================
DAG File Processing Stats

File Path                    PID    Runtime      # DAGs    # Errors  Last Runtime    Last Run
---------------------------  -----  ---------  --------  ----------  --------------  -------------------
/opt/airflow/dags/my_dag.py                           1           0  0.48s           2024-08-05T14:45:23
================================================================================
[2024-08-05T14:46:06.997+0000] {manager.py:878} INFO - 
================================================================================
DAG File Processing Stats

File Path                    PID    Runtime      # DAGs    # Errors  Last Runtime    Last Run
---------------------------  -----  ---------  --------  ----------  --------------  -------------------
/opt/airflow/dags/my_dag.py                           1           0  0.46s           2024-08-05T14:45:54
================================================================================
[2024-08-05T14:46:37.040+0000] {manager.py:878} INFO - 
================================================================================
DAG File Processing Stats

File Path                    PID    Runtime      # DAGs    # Errors  Last Runtime    Last Run
---------------------------  -----  ---------  --------  ----------  --------------  -------------------
/opt/airflow/dags/my_dag.py                           1           0  0.52s           2024-08-05T14:46:24
================================================================================
[2024-08-05T14:47:07.748+0000] {manager.py:878} INFO - 
================================================================================
DAG File Processing Stats

File Path                    PID    Runtime      # DAGs    # Errors  Last Runtime    Last Run
---------------------------  -----  ---------  --------  ----------  --------------  -------------------
/opt/airflow/dags/my_dag.py                           1           0  0.49s           2024-08-05T14:46:55
================================================================================
[2024-08-05T14:47:38.029+0000] {manager.py:878} INFO - 
================================================================================
DAG File Processing Stats

File Path                    PID    Runtime      # DAGs    # Errors  Last Runtime    Last Run
---------------------------  -----  ---------  --------  ----------  --------------  -------------------
/opt/airflow/dags/my_dag.py                           1           0  0.45s           2024-08-05T14:47:26
================================================================================
[2024-08-05T14:48:08.173+0000] {manager.py:878} INFO - 
================================================================================
DAG File Processing Stats

File Path                    PID    Runtime      # DAGs    # Errors  Last Runtime    Last Run
---------------------------  -----  ---------  --------  ----------  --------------  -------------------
/opt/airflow/dags/my_dag.py                           1           0  0.46s           2024-08-05T14:47:57
================================================================================
[2024-08-05T14:48:38.452+0000] {manager.py:878} INFO - 
================================================================================
DAG File Processing Stats

File Path                    PID    Runtime      # DAGs    # Errors  Last Runtime    Last Run
---------------------------  -----  ---------  --------  ----------  --------------  -------------------
/opt/airflow/dags/my_dag.py                           1           0  0.48s           2024-08-05T14:48:27
================================================================================
[2024-08-05T14:49:08.649+0000] {manager.py:878} INFO - 
================================================================================
DAG File Processing Stats

File Path                    PID    Runtime      # DAGs    # Errors  Last Runtime    Last Run
---------------------------  -----  ---------  --------  ----------  --------------  -------------------
/opt/airflow/dags/my_dag.py                           1           0  0.50s           2024-08-05T14:48:58
================================================================================
[2024-08-05T14:49:38.887+0000] {manager.py:878} INFO - 
================================================================================
DAG File Processing Stats

File Path                    PID    Runtime      # DAGs    # Errors  Last Runtime    Last Run
---------------------------  -----  ---------  --------  ----------  --------------  -------------------
/opt/airflow/dags/my_dag.py                           1           0  0.50s           2024-08-05T14:49:29
================================================================================
[2024-08-05T14:50:09.080+0000] {manager.py:878} INFO - 
================================================================================
DAG File Processing Stats

File Path                    PID    Runtime      # DAGs    # Errors  Last Runtime    Last Run
---------------------------  -----  ---------  --------  ----------  --------------  -------------------
/opt/airflow/dags/my_dag.py                           1           0  0.47s           2024-08-05T14:50:00
================================================================================
[2024-08-05T14:50:29.238+0000] {manager.py:737} INFO - Searching for files in /opt/airflow/dags
[2024-08-05T14:50:29.356+0000] {manager.py:740} INFO - There are 1 files in /opt/airflow/dags
[2024-08-05T14:50:39.865+0000] {manager.py:878} INFO - 
================================================================================
DAG File Processing Stats

File Path                    PID    Runtime      # DAGs    # Errors  Last Runtime    Last Run
---------------------------  -----  ---------  --------  ----------  --------------  -------------------
/opt/airflow/dags/my_dag.py                           1           0  0.48s           2024-08-05T14:50:30
================================================================================
[2024-08-05T14:51:10.174+0000] {manager.py:878} INFO - 
================================================================================
DAG File Processing Stats

File Path                    PID    Runtime      # DAGs    # Errors  Last Runtime    Last Run
---------------------------  -----  ---------  --------  ----------  --------------  -------------------
/opt/airflow/dags/my_dag.py                           1           0  0.51s           2024-08-05T14:51:01
================================================================================
[2024-08-05T14:51:40.429+0000] {manager.py:878} INFO - 
================================================================================
DAG File Processing Stats

File Path                    PID    Runtime      # DAGs    # Errors  Last Runtime    Last Run
---------------------------  -----  ---------  --------  ----------  --------------  -------------------
/opt/airflow/dags/my_dag.py                           1           0  0.59s           2024-08-05T14:51:32
================================================================================
[2024-08-05T14:52:10.742+0000] {manager.py:878} INFO - 
================================================================================
DAG File Processing Stats

File Path                    PID    Runtime      # DAGs    # Errors  Last Runtime    Last Run
---------------------------  -----  ---------  --------  ----------  --------------  -------------------
/opt/airflow/dags/my_dag.py                           1           0  0.47s           2024-08-05T14:52:03
================================================================================
[2024-08-05T14:52:40.986+0000] {manager.py:878} INFO - 
================================================================================
DAG File Processing Stats

File Path                    PID    Runtime      # DAGs    # Errors  Last Runtime    Last Run
---------------------------  -----  ---------  --------  ----------  --------------  -------------------
/opt/airflow/dags/my_dag.py                           1           0  0.62s           2024-08-05T14:52:33
================================================================================
[2024-08-05T14:53:11.247+0000] {manager.py:878} INFO - 
================================================================================
DAG File Processing Stats

File Path                    PID    Runtime      # DAGs    # Errors  Last Runtime    Last Run
---------------------------  -----  ---------  --------  ----------  --------------  -------------------
/opt/airflow/dags/my_dag.py                           1           0  0.60s           2024-08-05T14:53:04
================================================================================
[2024-08-05T14:53:41.509+0000] {manager.py:878} INFO - 
================================================================================
DAG File Processing Stats

File Path                    PID    Runtime      # DAGs    # Errors  Last Runtime    Last Run
---------------------------  -----  ---------  --------  ----------  --------------  -------------------
/opt/airflow/dags/my_dag.py                           1           0  0.50s           2024-08-05T14:53:35
================================================================================
[2024-08-05T14:54:11.858+0000] {manager.py:878} INFO - 
================================================================================
DAG File Processing Stats

File Path                    PID    Runtime      # DAGs    # Errors  Last Runtime    Last Run
---------------------------  -----  ---------  --------  ----------  --------------  -------------------
/opt/airflow/dags/my_dag.py                           1           0  0.45s           2024-08-05T14:54:06
================================================================================
[2024-08-05T14:54:41.998+0000] {manager.py:878} INFO - 
================================================================================
DAG File Processing Stats

File Path                    PID    Runtime      # DAGs    # Errors  Last Runtime    Last Run
---------------------------  -----  ---------  --------  ----------  --------------  -------------------
/opt/airflow/dags/my_dag.py                           1           0  0.51s           2024-08-05T14:54:36
================================================================================
[2024-08-05T14:55:12.242+0000] {manager.py:878} INFO - 
================================================================================
DAG File Processing Stats

File Path                    PID    Runtime      # DAGs    # Errors  Last Runtime    Last Run
---------------------------  -----  ---------  --------  ----------  --------------  -------------------
/opt/airflow/dags/my_dag.py                           1           0  0.46s           2024-08-05T14:55:07
================================================================================
[2024-08-05T14:55:29.373+0000] {manager.py:737} INFO - Searching for files in /opt/airflow/dags
[2024-08-05T14:55:29.492+0000] {manager.py:740} INFO - There are 1 files in /opt/airflow/dags
[2024-08-05T14:55:42.442+0000] {manager.py:878} INFO - 
================================================================================
DAG File Processing Stats

File Path                    PID    Runtime      # DAGs    # Errors  Last Runtime    Last Run
---------------------------  -----  ---------  --------  ----------  --------------  -------------------
/opt/airflow/dags/my_dag.py                           1           0  0.48s           2024-08-05T14:55:38
================================================================================
[2024-08-05T14:56:13.206+0000] {manager.py:878} INFO - 
================================================================================
DAG File Processing Stats

File Path                    PID    Runtime      # DAGs    # Errors  Last Runtime    Last Run
---------------------------  -----  ---------  --------  ----------  --------------  -------------------
/opt/airflow/dags/my_dag.py                           1           0  0.52s           2024-08-05T14:56:09
================================================================================
[2024-08-05T14:56:43.457+0000] {manager.py:878} INFO - 
================================================================================
DAG File Processing Stats

File Path                    PID    Runtime      # DAGs    # Errors  Last Runtime    Last Run
---------------------------  -----  ---------  --------  ----------  --------------  -------------------
/opt/airflow/dags/my_dag.py                           1           0  0.48s           2024-08-05T14:56:39
================================================================================
[2024-08-05T14:57:13.627+0000] {manager.py:878} INFO - 
================================================================================
DAG File Processing Stats

File Path                    PID    Runtime      # DAGs    # Errors  Last Runtime    Last Run
---------------------------  -----  ---------  --------  ----------  --------------  -------------------
/opt/airflow/dags/my_dag.py                           1           0  0.47s           2024-08-05T14:57:10
================================================================================
[2024-08-05T14:57:44.420+0000] {manager.py:878} INFO - 
================================================================================
DAG File Processing Stats

File Path                    PID    Runtime      # DAGs    # Errors  Last Runtime    Last Run
---------------------------  -----  ---------  --------  ----------  --------------  -------------------
/opt/airflow/dags/my_dag.py                           1           0  0.65s           2024-08-05T14:57:41
================================================================================
[2024-08-05T14:58:14.735+0000] {manager.py:878} INFO - 
================================================================================
DAG File Processing Stats

File Path                    PID    Runtime      # DAGs    # Errors  Last Runtime    Last Run
---------------------------  -----  ---------  --------  ----------  --------------  -------------------
/opt/airflow/dags/my_dag.py                           1           0  0.49s           2024-08-05T14:58:12
================================================================================
[2024-08-05T14:58:44.906+0000] {manager.py:878} INFO - 
================================================================================
DAG File Processing Stats

File Path                    PID    Runtime      # DAGs    # Errors  Last Runtime    Last Run
---------------------------  -----  ---------  --------  ----------  --------------  -------------------
/opt/airflow/dags/my_dag.py                           1           0  0.48s           2024-08-05T14:58:42
================================================================================
[2024-08-05T14:59:15.165+0000] {manager.py:878} INFO - 
================================================================================
DAG File Processing Stats

File Path                    PID    Runtime      # DAGs    # Errors  Last Runtime    Last Run
---------------------------  -----  ---------  --------  ----------  --------------  -------------------
/opt/airflow/dags/my_dag.py                           1           0  0.48s           2024-08-05T14:59:13
================================================================================
[2024-08-05T14:59:45.385+0000] {manager.py:878} INFO - 
================================================================================
DAG File Processing Stats

File Path                    PID    Runtime      # DAGs    # Errors  Last Runtime    Last Run
---------------------------  -----  ---------  --------  ----------  --------------  -------------------
/opt/airflow/dags/my_dag.py                           1           0  0.51s           2024-08-05T14:59:44
================================================================================
[2024-08-05T15:00:15.620+0000] {manager.py:878} INFO - 
================================================================================
DAG File Processing Stats

File Path                    PID    Runtime      # DAGs    # Errors  Last Runtime    Last Run
---------------------------  -----  ---------  --------  ----------  --------------  -------------------
/opt/airflow/dags/my_dag.py                           1           0  0.46s           2024-08-05T15:00:15
================================================================================
[2024-08-05T15:00:29.729+0000] {manager.py:737} INFO - Searching for files in /opt/airflow/dags
[2024-08-05T15:00:29.843+0000] {manager.py:740} INFO - There are 1 files in /opt/airflow/dags
[2024-08-05T15:00:45.815+0000] {manager.py:878} INFO - 
================================================================================
DAG File Processing Stats

File Path                    PID    Runtime      # DAGs    # Errors  Last Runtime    Last Run
---------------------------  -----  ---------  --------  ----------  --------------  -------------------
/opt/airflow/dags/my_dag.py                           1           0  0.47s           2024-08-05T15:00:45
================================================================================
[2024-08-05T15:01:16.083+0000] {manager.py:878} INFO - 
================================================================================
DAG File Processing Stats

File Path                      PID  Runtime      # DAGs    # Errors  Last Runtime    Last Run
---------------------------  -----  ---------  --------  ----------  --------------  -------------------
/opt/airflow/dags/my_dag.py    535  0.00s             1           0  0.47s           2024-08-05T15:00:45
================================================================================
[2024-08-05T15:01:46.338+0000] {manager.py:878} INFO - 
================================================================================
DAG File Processing Stats

File Path                    PID    Runtime      # DAGs    # Errors  Last Runtime    Last Run
---------------------------  -----  ---------  --------  ----------  --------------  -------------------
/opt/airflow/dags/my_dag.py                           1           0  0.49s           2024-08-05T15:01:16
================================================================================
[2024-08-05T15:02:16.526+0000] {manager.py:878} INFO - 
================================================================================
DAG File Processing Stats

File Path                    PID    Runtime      # DAGs    # Errors  Last Runtime    Last Run
---------------------------  -----  ---------  --------  ----------  --------------  -------------------
/opt/airflow/dags/my_dag.py                           1           0  0.48s           2024-08-05T15:01:47
================================================================================
[2024-08-05T15:02:46.792+0000] {manager.py:878} INFO - 
================================================================================
DAG File Processing Stats

File Path                    PID    Runtime      # DAGs    # Errors  Last Runtime    Last Run
---------------------------  -----  ---------  --------  ----------  --------------  -------------------
/opt/airflow/dags/my_dag.py                           1           0  0.47s           2024-08-05T15:02:18
================================================================================
[2024-08-05T15:03:16.981+0000] {manager.py:878} INFO - 
================================================================================
DAG File Processing Stats

File Path                    PID    Runtime      # DAGs    # Errors  Last Runtime    Last Run
---------------------------  -----  ---------  --------  ----------  --------------  -------------------
/opt/airflow/dags/my_dag.py                           1           0  0.47s           2024-08-05T15:02:48
================================================================================
[2024-08-05T15:03:47.245+0000] {manager.py:878} INFO - 
================================================================================
DAG File Processing Stats

File Path                    PID    Runtime      # DAGs    # Errors  Last Runtime    Last Run
---------------------------  -----  ---------  --------  ----------  --------------  -------------------
/opt/airflow/dags/my_dag.py                           1           0  0.48s           2024-08-05T15:03:19
================================================================================
[2024-08-05T15:04:17.492+0000] {manager.py:878} INFO - 
================================================================================
DAG File Processing Stats

File Path                    PID    Runtime      # DAGs    # Errors  Last Runtime    Last Run
---------------------------  -----  ---------  --------  ----------  --------------  -------------------
/opt/airflow/dags/my_dag.py                           1           0  0.54s           2024-08-05T15:03:50
================================================================================
[2024-08-05T15:04:48.211+0000] {manager.py:878} INFO - 
================================================================================
DAG File Processing Stats

File Path                    PID    Runtime      # DAGs    # Errors  Last Runtime    Last Run
---------------------------  -----  ---------  --------  ----------  --------------  -------------------
/opt/airflow/dags/my_dag.py                           1           0  0.50s           2024-08-05T15:04:21
================================================================================
[2024-08-05T15:05:18.506+0000] {manager.py:878} INFO - 
================================================================================
DAG File Processing Stats

File Path                    PID    Runtime      # DAGs    # Errors  Last Runtime    Last Run
---------------------------  -----  ---------  --------  ----------  --------------  -------------------
/opt/airflow/dags/my_dag.py                           1           0  0.47s           2024-08-05T15:04:51
================================================================================
[2024-08-05T15:05:30.058+0000] {manager.py:737} INFO - Searching for files in /opt/airflow/dags
[2024-08-05T15:05:30.155+0000] {manager.py:740} INFO - There are 1 files in /opt/airflow/dags
[2024-08-05T15:05:48.711+0000] {manager.py:878} INFO - 
================================================================================
DAG File Processing Stats

File Path                    PID    Runtime      # DAGs    # Errors  Last Runtime    Last Run
---------------------------  -----  ---------  --------  ----------  --------------  -------------------
/opt/airflow/dags/my_dag.py                           1           0  0.48s           2024-08-05T15:05:22
================================================================================
[2024-08-05T15:06:18.944+0000] {manager.py:878} INFO - 
================================================================================
DAG File Processing Stats

File Path                    PID    Runtime      # DAGs    # Errors  Last Runtime    Last Run
---------------------------  -----  ---------  --------  ----------  --------------  -------------------
/opt/airflow/dags/my_dag.py                           1           0  0.46s           2024-08-05T15:05:53
================================================================================
[2024-08-05T15:06:49.182+0000] {manager.py:878} INFO - 
================================================================================
DAG File Processing Stats

File Path                    PID    Runtime      # DAGs    # Errors  Last Runtime    Last Run
---------------------------  -----  ---------  --------  ----------  --------------  -------------------
/opt/airflow/dags/my_dag.py                           1           0  0.50s           2024-08-05T15:06:23
================================================================================
[2024-08-05T15:07:19.431+0000] {manager.py:878} INFO - 
================================================================================
DAG File Processing Stats

File Path                    PID    Runtime      # DAGs    # Errors  Last Runtime    Last Run
---------------------------  -----  ---------  --------  ----------  --------------  -------------------
/opt/airflow/dags/my_dag.py                           1           0  0.48s           2024-08-05T15:06:54
================================================================================
[2024-08-05T15:07:49.693+0000] {manager.py:878} INFO - 
================================================================================
DAG File Processing Stats

File Path                    PID    Runtime      # DAGs    # Errors  Last Runtime    Last Run
---------------------------  -----  ---------  --------  ----------  --------------  -------------------
/opt/airflow/dags/my_dag.py                           1           0  0.51s           2024-08-05T15:07:25
================================================================================
[2024-08-05T15:08:19.939+0000] {manager.py:878} INFO - 
================================================================================
DAG File Processing Stats

File Path                    PID    Runtime      # DAGs    # Errors  Last Runtime    Last Run
---------------------------  -----  ---------  --------  ----------  --------------  -------------------
/opt/airflow/dags/my_dag.py                           1           0  0.52s           2024-08-05T15:07:56
================================================================================
[2024-08-05T15:08:50.222+0000] {manager.py:878} INFO - 
================================================================================
DAG File Processing Stats

File Path                    PID    Runtime      # DAGs    # Errors  Last Runtime    Last Run
---------------------------  -----  ---------  --------  ----------  --------------  -------------------
/opt/airflow/dags/my_dag.py                           1           0  0.90s           2024-08-05T15:08:27
================================================================================
[2024-08-05T15:09:20.742+0000] {manager.py:878} INFO - 
================================================================================
DAG File Processing Stats

File Path                    PID    Runtime      # DAGs    # Errors  Last Runtime    Last Run
---------------------------  -----  ---------  --------  ----------  --------------  -------------------
/opt/airflow/dags/my_dag.py                           1           0  0.50s           2024-08-05T15:08:58
================================================================================
[2024-08-05T15:09:24.846+0000] {manager.py:452} INFO - Exiting gracefully upon receiving signal 15
[2024-08-05T15:10:43.997+0000] {manager.py:470} INFO - Processing files using up to 2 processes at a time 
[2024-08-05T15:10:43.999+0000] {manager.py:471} INFO - Process each file at most once every 30 seconds
[2024-08-05T15:10:44.001+0000] {manager.py:472} INFO - Checking for new files in /opt/airflow/dags every 300 seconds
[2024-08-05T15:10:44.002+0000] {manager.py:737} INFO - Searching for files in /opt/airflow/dags
[2024-08-05T15:10:44.260+0000] {manager.py:740} INFO - There are 1 files in /opt/airflow/dags
[2024-08-05T15:10:44.423+0000] {manager.py:878} INFO - 
================================================================================
DAG File Processing Stats

File Path                      PID  Runtime      # DAGs    # Errors  Last Runtime    Last Run
---------------------------  -----  ---------  --------  ----------  --------------  ----------
/opt/airflow/dags/my_dag.py     35  0.09s             0           0
================================================================================
[2024-08-05T15:11:14.996+0000] {manager.py:878} INFO - 
================================================================================
DAG File Processing Stats

File Path                    PID    Runtime      # DAGs    # Errors  Last Runtime    Last Run
---------------------------  -----  ---------  --------  ----------  --------------  -------------------
/opt/airflow/dags/my_dag.py                           1           0  4.88s           2024-08-05T15:10:49
================================================================================
[2024-08-05T15:11:45.185+0000] {manager.py:878} INFO - 
================================================================================
DAG File Processing Stats

File Path                    PID    Runtime      # DAGs    # Errors  Last Runtime    Last Run
---------------------------  -----  ---------  --------  ----------  --------------  -------------------
/opt/airflow/dags/my_dag.py                           1           0  0.68s           2024-08-05T15:11:20
================================================================================
[2024-08-05T15:12:15.410+0000] {manager.py:878} INFO - 
================================================================================
DAG File Processing Stats

File Path                    PID    Runtime      # DAGs    # Errors  Last Runtime    Last Run
---------------------------  -----  ---------  --------  ----------  --------------  -------------------
/opt/airflow/dags/my_dag.py                           1           0  0.51s           2024-08-05T15:11:50
================================================================================
[2024-08-05T15:12:45.596+0000] {manager.py:878} INFO - 
================================================================================
DAG File Processing Stats

File Path                    PID    Runtime      # DAGs    # Errors  Last Runtime    Last Run
---------------------------  -----  ---------  --------  ----------  --------------  -------------------
/opt/airflow/dags/my_dag.py                           1           0  0.58s           2024-08-05T15:12:21
================================================================================
[2024-08-05T15:13:15.869+0000] {manager.py:878} INFO - 
================================================================================
DAG File Processing Stats

File Path                    PID    Runtime      # DAGs    # Errors  Last Runtime    Last Run
---------------------------  -----  ---------  --------  ----------  --------------  -------------------
/opt/airflow/dags/my_dag.py                           1           0  0.49s           2024-08-05T15:12:52
================================================================================
[2024-08-05T15:13:46.039+0000] {manager.py:878} INFO - 
================================================================================
DAG File Processing Stats

File Path                    PID    Runtime      # DAGs    # Errors  Last Runtime    Last Run
---------------------------  -----  ---------  --------  ----------  --------------  -------------------
/opt/airflow/dags/my_dag.py                           1           0  0.51s           2024-08-05T15:13:22
================================================================================
[2024-08-05T15:14:16.746+0000] {manager.py:878} INFO - 
================================================================================
DAG File Processing Stats

File Path                    PID    Runtime      # DAGs    # Errors  Last Runtime    Last Run
---------------------------  -----  ---------  --------  ----------  --------------  -------------------
/opt/airflow/dags/my_dag.py                           1           0  0.61s           2024-08-05T15:13:53
================================================================================
[2024-08-05T15:14:46.961+0000] {manager.py:878} INFO - 
================================================================================
DAG File Processing Stats

File Path                    PID    Runtime      # DAGs    # Errors  Last Runtime    Last Run
---------------------------  -----  ---------  --------  ----------  --------------  -------------------
/opt/airflow/dags/my_dag.py                           1           0  0.49s           2024-08-05T15:14:24
================================================================================
[2024-08-05T15:15:17.097+0000] {manager.py:878} INFO - 
================================================================================
DAG File Processing Stats

File Path                    PID    Runtime      # DAGs    # Errors  Last Runtime    Last Run
---------------------------  -----  ---------  --------  ----------  --------------  -------------------
/opt/airflow/dags/my_dag.py                           1           0  0.45s           2024-08-05T15:14:54
================================================================================
[2024-08-05T15:15:44.240+0000] {manager.py:737} INFO - Searching for files in /opt/airflow/dags
[2024-08-05T15:15:44.356+0000] {manager.py:740} INFO - There are 1 files in /opt/airflow/dags
[2024-08-05T15:15:47.390+0000] {manager.py:878} INFO - 
================================================================================
DAG File Processing Stats

File Path                    PID    Runtime      # DAGs    # Errors  Last Runtime    Last Run
---------------------------  -----  ---------  --------  ----------  --------------  -------------------
/opt/airflow/dags/my_dag.py                           1           0  0.50s           2024-08-05T15:15:25
================================================================================
[2024-08-05T15:16:17.509+0000] {manager.py:878} INFO - 
================================================================================
DAG File Processing Stats

File Path                    PID    Runtime      # DAGs    # Errors  Last Runtime    Last Run
---------------------------  -----  ---------  --------  ----------  --------------  -------------------
/opt/airflow/dags/my_dag.py                           1           0  0.54s           2024-08-05T15:15:56
================================================================================
[2024-08-05T15:16:48.157+0000] {manager.py:878} INFO - 
================================================================================
DAG File Processing Stats

File Path                    PID    Runtime      # DAGs    # Errors  Last Runtime    Last Run
---------------------------  -----  ---------  --------  ----------  --------------  -------------------
/opt/airflow/dags/my_dag.py                           1           0  0.60s           2024-08-05T15:16:27
================================================================================
[2024-08-05T15:18:30.405+0000] {manager.py:470} INFO - Processing files using up to 2 processes at a time 
[2024-08-05T15:18:30.406+0000] {manager.py:471} INFO - Process each file at most once every 30 seconds
[2024-08-05T15:18:30.406+0000] {manager.py:472} INFO - Checking for new files in /opt/airflow/dags every 300 seconds
[2024-08-05T15:18:30.407+0000] {manager.py:737} INFO - Searching for files in /opt/airflow/dags
[2024-08-05T15:18:30.565+0000] {manager.py:740} INFO - There are 1 files in /opt/airflow/dags
[2024-08-05T15:18:30.648+0000] {manager.py:878} INFO - 
================================================================================
DAG File Processing Stats

File Path                      PID  Runtime      # DAGs    # Errors  Last Runtime    Last Run
---------------------------  -----  ---------  --------  ----------  --------------  ----------
/opt/airflow/dags/my_dag.py     30  0.04s             0           0
================================================================================
[2024-08-05T15:19:00.841+0000] {manager.py:878} INFO - 
================================================================================
DAG File Processing Stats

File Path                    PID    Runtime      # DAGs    # Errors  Last Runtime    Last Run
---------------------------  -----  ---------  --------  ----------  --------------  -------------------
/opt/airflow/dags/my_dag.py                           1           0  0.84s           2024-08-05T15:18:31
================================================================================
[2024-08-05T15:19:31.042+0000] {manager.py:878} INFO - 
================================================================================
DAG File Processing Stats

File Path                    PID    Runtime      # DAGs    # Errors  Last Runtime    Last Run
---------------------------  -----  ---------  --------  ----------  --------------  -------------------
/opt/airflow/dags/my_dag.py                           1           0  0.47s           2024-08-05T15:19:02
================================================================================
[2024-08-05T15:20:01.494+0000] {manager.py:878} INFO - 
================================================================================
DAG File Processing Stats

File Path                    PID    Runtime      # DAGs    # Errors  Last Runtime    Last Run
---------------------------  -----  ---------  --------  ----------  --------------  -------------------
/opt/airflow/dags/my_dag.py                           1           0  0.53s           2024-08-05T15:19:32
================================================================================
[2024-08-05T15:20:31.706+0000] {manager.py:878} INFO - 
================================================================================
DAG File Processing Stats

File Path                    PID    Runtime      # DAGs    # Errors  Last Runtime    Last Run
---------------------------  -----  ---------  --------  ----------  --------------  -------------------
/opt/airflow/dags/my_dag.py                           1           0  0.47s           2024-08-05T15:20:03
================================================================================
[2024-08-05T15:21:01.906+0000] {manager.py:878} INFO - 
================================================================================
DAG File Processing Stats

File Path                    PID    Runtime      # DAGs    # Errors  Last Runtime    Last Run
---------------------------  -----  ---------  --------  ----------  --------------  -------------------
/opt/airflow/dags/my_dag.py                           1           0  0.50s           2024-08-05T15:20:34
================================================================================
[2024-08-05T15:21:32.115+0000] {manager.py:878} INFO - 
================================================================================
DAG File Processing Stats

File Path                    PID    Runtime      # DAGs    # Errors  Last Runtime    Last Run
---------------------------  -----  ---------  --------  ----------  --------------  -------------------
/opt/airflow/dags/my_dag.py                           1           0  0.49s           2024-08-05T15:21:04
================================================================================
[2024-08-05T15:22:02.352+0000] {manager.py:878} INFO - 
================================================================================
DAG File Processing Stats

File Path                    PID    Runtime      # DAGs    # Errors  Last Runtime    Last Run
---------------------------  -----  ---------  --------  ----------  --------------  -------------------
/opt/airflow/dags/my_dag.py                           1           0  0.46s           2024-08-05T15:21:35
================================================================================
[2024-08-05T15:22:32.465+0000] {manager.py:878} INFO - 
================================================================================
DAG File Processing Stats

File Path                    PID    Runtime      # DAGs    # Errors  Last Runtime    Last Run
---------------------------  -----  ---------  --------  ----------  --------------  -------------------
/opt/airflow/dags/my_dag.py                           1           0  0.49s           2024-08-05T15:22:06
================================================================================
[2024-08-05T15:22:33.447+0000] {manager.py:452} INFO - Exiting gracefully upon receiving signal 15
[2024-08-05T15:24:20.679+0000] {manager.py:470} INFO - Processing files using up to 2 processes at a time 
[2024-08-05T15:24:20.680+0000] {manager.py:471} INFO - Process each file at most once every 30 seconds
[2024-08-05T15:24:20.680+0000] {manager.py:472} INFO - Checking for new files in /opt/airflow/dags every 300 seconds
[2024-08-05T15:24:20.681+0000] {manager.py:737} INFO - Searching for files in /opt/airflow/dags
[2024-08-05T15:24:20.829+0000] {manager.py:740} INFO - There are 1 files in /opt/airflow/dags
[2024-08-05T15:24:20.912+0000] {manager.py:878} INFO - 
================================================================================
DAG File Processing Stats

File Path                      PID  Runtime      # DAGs    # Errors  Last Runtime    Last Run
---------------------------  -----  ---------  --------  ----------  --------------  ----------
/opt/airflow/dags/my_dag.py     30  0.04s             0           0
================================================================================
[2024-08-05T15:24:51.110+0000] {manager.py:878} INFO - 
================================================================================
DAG File Processing Stats

File Path                    PID    Runtime      # DAGs    # Errors  Last Runtime    Last Run
---------------------------  -----  ---------  --------  ----------  --------------  -------------------
/opt/airflow/dags/my_dag.py                           1           0  1.70s           2024-08-05T15:24:22
================================================================================
[2024-08-05T15:25:21.344+0000] {manager.py:878} INFO - 
================================================================================
DAG File Processing Stats

File Path                    PID    Runtime      # DAGs    # Errors  Last Runtime    Last Run
---------------------------  -----  ---------  --------  ----------  --------------  -------------------
/opt/airflow/dags/my_dag.py                           1           0  0.51s           2024-08-05T15:24:53
================================================================================
[2024-08-05T15:25:51.648+0000] {manager.py:878} INFO - 
================================================================================
DAG File Processing Stats

File Path                    PID    Runtime      # DAGs    # Errors  Last Runtime    Last Run
---------------------------  -----  ---------  --------  ----------  --------------  -------------------
/opt/airflow/dags/my_dag.py                           1           0  0.59s           2024-08-05T15:25:23
================================================================================
[2024-08-05T15:26:21.822+0000] {manager.py:878} INFO - 
================================================================================
DAG File Processing Stats

File Path                    PID    Runtime      # DAGs    # Errors  Last Runtime    Last Run
---------------------------  -----  ---------  --------  ----------  --------------  -------------------
/opt/airflow/dags/my_dag.py                           1           0  0.46s           2024-08-05T15:25:54
================================================================================
[2024-08-05T15:26:52.032+0000] {manager.py:878} INFO - 
================================================================================
DAG File Processing Stats

File Path                    PID    Runtime      # DAGs    # Errors  Last Runtime    Last Run
---------------------------  -----  ---------  --------  ----------  --------------  -------------------
/opt/airflow/dags/my_dag.py                           1           0  0.49s           2024-08-05T15:26:25
================================================================================
[2024-08-05T15:27:22.732+0000] {manager.py:878} INFO - 
================================================================================
DAG File Processing Stats

File Path                    PID    Runtime      # DAGs    # Errors  Last Runtime    Last Run
---------------------------  -----  ---------  --------  ----------  --------------  -------------------
/opt/airflow/dags/my_dag.py                           1           0  1.14s           2024-08-05T15:26:56
================================================================================
[2024-08-05T15:27:52.990+0000] {manager.py:878} INFO - 
================================================================================
DAG File Processing Stats

File Path                    PID    Runtime      # DAGs    # Errors  Last Runtime    Last Run
---------------------------  -----  ---------  --------  ----------  --------------  -------------------
/opt/airflow/dags/my_dag.py                           1           0  0.51s           2024-08-05T15:27:27
================================================================================
[2024-08-05T15:28:23.134+0000] {manager.py:878} INFO - 
================================================================================
DAG File Processing Stats

File Path                    PID    Runtime      # DAGs    # Errors  Last Runtime    Last Run
---------------------------  -----  ---------  --------  ----------  --------------  -------------------
/opt/airflow/dags/my_dag.py                           1           0  0.54s           2024-08-05T15:27:57
================================================================================
[2024-08-05T15:28:53.769+0000] {manager.py:878} INFO - 
================================================================================
DAG File Processing Stats

File Path                    PID    Runtime      # DAGs    # Errors  Last Runtime    Last Run
---------------------------  -----  ---------  --------  ----------  --------------  -------------------
/opt/airflow/dags/my_dag.py                           1           0  0.56s           2024-08-05T15:28:28
================================================================================
[2024-08-05T15:29:21.040+0000] {manager.py:737} INFO - Searching for files in /opt/airflow/dags
[2024-08-05T15:29:21.180+0000] {manager.py:740} INFO - There are 1 files in /opt/airflow/dags
[2024-08-05T15:29:24.204+0000] {manager.py:878} INFO - 
================================================================================
DAG File Processing Stats

File Path                    PID    Runtime      # DAGs    # Errors  Last Runtime    Last Run
---------------------------  -----  ---------  --------  ----------  --------------  -------------------
/opt/airflow/dags/my_dag.py                           1           0  0.53s           2024-08-05T15:28:59
================================================================================
[2024-08-05T15:29:54.214+0000] {manager.py:878} INFO - 
================================================================================
DAG File Processing Stats

File Path                    PID    Runtime      # DAGs    # Errors  Last Runtime    Last Run
---------------------------  -----  ---------  --------  ----------  --------------  -------------------
/opt/airflow/dags/my_dag.py                           1           0  0.47s           2024-08-05T15:29:30
================================================================================
[2024-08-05T15:30:24.931+0000] {manager.py:878} INFO - 
================================================================================
DAG File Processing Stats

File Path                    PID    Runtime      # DAGs    # Errors  Last Runtime    Last Run
---------------------------  -----  ---------  --------  ----------  --------------  -------------------
/opt/airflow/dags/my_dag.py                           1           0  0.55s           2024-08-05T15:30:00
================================================================================
[2024-08-05T15:30:55.132+0000] {manager.py:878} INFO - 
================================================================================
DAG File Processing Stats

File Path                    PID    Runtime      # DAGs    # Errors  Last Runtime    Last Run
---------------------------  -----  ---------  --------  ----------  --------------  -------------------
/opt/airflow/dags/my_dag.py                           1           0  0.68s           2024-08-05T15:30:31
================================================================================
