[2024-08-05T14:14:12.845+0000] {processor.py:161} INFO - Started process (PID=35) to work on /opt/airflow/dags/my_dag.py
[2024-08-05T14:14:12.846+0000] {processor.py:830} INFO - Processing file /opt/airflow/dags/my_dag.py for tasks to queue
[2024-08-05T14:14:12.849+0000] {logging_mixin.py:188} INFO - [2024-08-05T14:14:12.848+0000] {dagbag.py:545} INFO - Filling up the DagBag from /opt/airflow/dags/my_dag.py
[2024-08-05T14:14:13.725+0000] {logging_mixin.py:188} INFO - [2024-08-05T14:14:13.715+0000] {dagbag.py:355} ERROR - Failed to import: /opt/airflow/dags/my_dag.py
Traceback (most recent call last):
  File "/home/airflow/.local/lib/python3.12/site-packages/airflow/models/dagbag.py", line 351, in parse
    loader.exec_module(new_module)
  File "<frozen importlib._bootstrap_external>", line 995, in exec_module
  File "<frozen importlib._bootstrap>", line 488, in _call_with_frames_removed
  File "/opt/airflow/dags/my_dag.py", line 8, in <module>
    from modules.email_sending import send_email
  File "/opt/airflow/dags/modules/email_sending.py", line 6, in <module>
    smtp_server = os.getevn('SMTP_HOST')
                  ^^^^^^^^^
AttributeError: module 'os' has no attribute 'getevn'. Did you mean: 'getenv'?
[2024-08-05T14:14:13.731+0000] {processor.py:842} WARNING - No viable dags retrieved from /opt/airflow/dags/my_dag.py
[2024-08-05T14:14:13.757+0000] {processor.py:183} INFO - Processing /opt/airflow/dags/my_dag.py took 0.920 seconds
[2024-08-05T14:15:22.570+0000] {processor.py:161} INFO - Started process (PID=30) to work on /opt/airflow/dags/my_dag.py
[2024-08-05T14:15:22.571+0000] {processor.py:830} INFO - Processing file /opt/airflow/dags/my_dag.py for tasks to queue
[2024-08-05T14:15:22.573+0000] {logging_mixin.py:188} INFO - [2024-08-05T14:15:22.573+0000] {dagbag.py:545} INFO - Filling up the DagBag from /opt/airflow/dags/my_dag.py
[2024-08-05T14:15:24.191+0000] {logging_mixin.py:188} INFO - [2024-08-05T14:15:24.183+0000] {dagbag.py:355} ERROR - Failed to import: /opt/airflow/dags/my_dag.py
Traceback (most recent call last):
  File "/home/airflow/.local/lib/python3.12/site-packages/airflow/models/dagbag.py", line 351, in parse
    loader.exec_module(new_module)
  File "<frozen importlib._bootstrap_external>", line 995, in exec_module
  File "<frozen importlib._bootstrap>", line 488, in _call_with_frames_removed
  File "/opt/airflow/dags/my_dag.py", line 8, in <module>
    from modules.email_sending import send_email
  File "/opt/airflow/dags/modules/email_sending.py", line 6, in <module>
    smtp_server = os.getevn('SMTP_HOST')
                  ^^^^^^^^^
AttributeError: module 'os' has no attribute 'getevn'. Did you mean: 'getenv'?
[2024-08-05T14:15:24.196+0000] {processor.py:842} WARNING - No viable dags retrieved from /opt/airflow/dags/my_dag.py
[2024-08-05T14:15:24.215+0000] {processor.py:183} INFO - Processing /opt/airflow/dags/my_dag.py took 1.652 seconds
[2024-08-05T14:15:54.469+0000] {processor.py:161} INFO - Started process (PID=38) to work on /opt/airflow/dags/my_dag.py
[2024-08-05T14:15:54.483+0000] {processor.py:830} INFO - Processing file /opt/airflow/dags/my_dag.py for tasks to queue
[2024-08-05T14:15:54.487+0000] {logging_mixin.py:188} INFO - [2024-08-05T14:15:54.487+0000] {dagbag.py:545} INFO - Filling up the DagBag from /opt/airflow/dags/my_dag.py
[2024-08-05T14:15:55.176+0000] {logging_mixin.py:188} INFO - [2024-08-05T14:15:55.164+0000] {dagbag.py:355} ERROR - Failed to import: /opt/airflow/dags/my_dag.py
Traceback (most recent call last):
  File "/home/airflow/.local/lib/python3.12/site-packages/airflow/models/dagbag.py", line 351, in parse
    loader.exec_module(new_module)
  File "<frozen importlib._bootstrap_external>", line 995, in exec_module
  File "<frozen importlib._bootstrap>", line 488, in _call_with_frames_removed
  File "/opt/airflow/dags/my_dag.py", line 8, in <module>
    from modules.email_sending import send_email
  File "/opt/airflow/dags/modules/email_sending.py", line 6, in <module>
    smtp_server = os.getevn('SMTP_HOST')
                  ^^^^^^^^^
AttributeError: module 'os' has no attribute 'getevn'. Did you mean: 'getenv'?
[2024-08-05T14:15:55.180+0000] {processor.py:842} WARNING - No viable dags retrieved from /opt/airflow/dags/my_dag.py
[2024-08-05T14:15:55.227+0000] {processor.py:183} INFO - Processing /opt/airflow/dags/my_dag.py took 0.770 seconds
[2024-08-05T14:16:25.430+0000] {processor.py:161} INFO - Started process (PID=46) to work on /opt/airflow/dags/my_dag.py
[2024-08-05T14:16:25.431+0000] {processor.py:830} INFO - Processing file /opt/airflow/dags/my_dag.py for tasks to queue
[2024-08-05T14:16:25.433+0000] {logging_mixin.py:188} INFO - [2024-08-05T14:16:25.432+0000] {dagbag.py:545} INFO - Filling up the DagBag from /opt/airflow/dags/my_dag.py
[2024-08-05T14:16:25.871+0000] {logging_mixin.py:188} INFO - [2024-08-05T14:16:25.858+0000] {dagbag.py:355} ERROR - Failed to import: /opt/airflow/dags/my_dag.py
Traceback (most recent call last):
  File "/home/airflow/.local/lib/python3.12/site-packages/airflow/models/dagbag.py", line 351, in parse
    loader.exec_module(new_module)
  File "<frozen importlib._bootstrap_external>", line 995, in exec_module
  File "<frozen importlib._bootstrap>", line 488, in _call_with_frames_removed
  File "/opt/airflow/dags/my_dag.py", line 8, in <module>
    from modules.email_sending import send_email
  File "/opt/airflow/dags/modules/email_sending.py", line 6, in <module>
    smtp_server = os.getevn('SMTP_HOST')
                  ^^^^^^^^^
AttributeError: module 'os' has no attribute 'getevn'. Did you mean: 'getenv'?
[2024-08-05T14:16:25.877+0000] {processor.py:842} WARNING - No viable dags retrieved from /opt/airflow/dags/my_dag.py
[2024-08-05T14:16:25.913+0000] {processor.py:183} INFO - Processing /opt/airflow/dags/my_dag.py took 0.491 seconds
[2024-08-05T14:18:04.143+0000] {processor.py:161} INFO - Started process (PID=30) to work on /opt/airflow/dags/my_dag.py
[2024-08-05T14:18:04.147+0000] {processor.py:830} INFO - Processing file /opt/airflow/dags/my_dag.py for tasks to queue
[2024-08-05T14:18:04.153+0000] {logging_mixin.py:188} INFO - [2024-08-05T14:18:04.152+0000] {dagbag.py:545} INFO - Filling up the DagBag from /opt/airflow/dags/my_dag.py
[2024-08-05T14:18:04.979+0000] {processor.py:840} INFO - DAG(s) 'pipeline_dag' retrieved from /opt/airflow/dags/my_dag.py
[2024-08-05T14:18:05.617+0000] {logging_mixin.py:188} INFO - [2024-08-05T14:18:05.616+0000] {dag.py:3096} INFO - Sync 1 DAGs
[2024-08-05T14:18:05.650+0000] {logging_mixin.py:188} INFO - [2024-08-05T14:18:05.649+0000] {dag.py:3954} INFO - Setting next_dagrun for pipeline_dag to 2024-08-05 00:00:00+00:00, run_after=2024-08-06 00:00:00+00:00
[2024-08-05T14:18:05.695+0000] {processor.py:183} INFO - Processing /opt/airflow/dags/my_dag.py took 1.567 seconds
[2024-08-05T14:18:35.996+0000] {processor.py:161} INFO - Started process (PID=38) to work on /opt/airflow/dags/my_dag.py
[2024-08-05T14:18:35.997+0000] {processor.py:830} INFO - Processing file /opt/airflow/dags/my_dag.py for tasks to queue
[2024-08-05T14:18:35.999+0000] {logging_mixin.py:188} INFO - [2024-08-05T14:18:35.999+0000] {dagbag.py:545} INFO - Filling up the DagBag from /opt/airflow/dags/my_dag.py
[2024-08-05T14:18:36.398+0000] {processor.py:840} INFO - DAG(s) 'pipeline_dag' retrieved from /opt/airflow/dags/my_dag.py
[2024-08-05T14:18:36.416+0000] {logging_mixin.py:188} INFO - [2024-08-05T14:18:36.416+0000] {dag.py:3096} INFO - Sync 1 DAGs
[2024-08-05T14:18:36.430+0000] {logging_mixin.py:188} INFO - [2024-08-05T14:18:36.430+0000] {dag.py:3954} INFO - Setting next_dagrun for pipeline_dag to 2024-08-05 00:00:00+00:00, run_after=2024-08-06 00:00:00+00:00
[2024-08-05T14:18:36.450+0000] {processor.py:183} INFO - Processing /opt/airflow/dags/my_dag.py took 0.459 seconds
[2024-08-05T14:19:06.618+0000] {processor.py:161} INFO - Started process (PID=54) to work on /opt/airflow/dags/my_dag.py
[2024-08-05T14:19:06.619+0000] {processor.py:830} INFO - Processing file /opt/airflow/dags/my_dag.py for tasks to queue
[2024-08-05T14:19:06.620+0000] {logging_mixin.py:188} INFO - [2024-08-05T14:19:06.620+0000] {dagbag.py:545} INFO - Filling up the DagBag from /opt/airflow/dags/my_dag.py
[2024-08-05T14:19:06.943+0000] {processor.py:840} INFO - DAG(s) 'pipeline_dag' retrieved from /opt/airflow/dags/my_dag.py
[2024-08-05T14:19:06.966+0000] {logging_mixin.py:188} INFO - [2024-08-05T14:19:06.966+0000] {dag.py:3096} INFO - Sync 1 DAGs
[2024-08-05T14:19:07.081+0000] {logging_mixin.py:188} INFO - [2024-08-05T14:19:07.081+0000] {dag.py:3954} INFO - Setting next_dagrun for pipeline_dag to 2024-08-05 00:00:00+00:00, run_after=2024-08-06 00:00:00+00:00
[2024-08-05T14:19:07.101+0000] {processor.py:183} INFO - Processing /opt/airflow/dags/my_dag.py took 0.488 seconds
[2024-08-05T14:19:37.330+0000] {processor.py:161} INFO - Started process (PID=78) to work on /opt/airflow/dags/my_dag.py
[2024-08-05T14:19:37.331+0000] {processor.py:830} INFO - Processing file /opt/airflow/dags/my_dag.py for tasks to queue
[2024-08-05T14:19:37.333+0000] {logging_mixin.py:188} INFO - [2024-08-05T14:19:37.333+0000] {dagbag.py:545} INFO - Filling up the DagBag from /opt/airflow/dags/my_dag.py
[2024-08-05T14:19:37.656+0000] {processor.py:840} INFO - DAG(s) 'pipeline_dag' retrieved from /opt/airflow/dags/my_dag.py
[2024-08-05T14:19:37.796+0000] {logging_mixin.py:188} INFO - [2024-08-05T14:19:37.796+0000] {dag.py:3096} INFO - Sync 1 DAGs
[2024-08-05T14:19:37.810+0000] {logging_mixin.py:188} INFO - [2024-08-05T14:19:37.810+0000] {dag.py:3954} INFO - Setting next_dagrun for pipeline_dag to 2024-08-05 00:00:00+00:00, run_after=2024-08-06 00:00:00+00:00
[2024-08-05T14:19:37.829+0000] {processor.py:183} INFO - Processing /opt/airflow/dags/my_dag.py took 0.503 seconds
[2024-08-05T14:20:07.997+0000] {processor.py:161} INFO - Started process (PID=86) to work on /opt/airflow/dags/my_dag.py
[2024-08-05T14:20:07.998+0000] {processor.py:830} INFO - Processing file /opt/airflow/dags/my_dag.py for tasks to queue
[2024-08-05T14:20:07.999+0000] {logging_mixin.py:188} INFO - [2024-08-05T14:20:07.999+0000] {dagbag.py:545} INFO - Filling up the DagBag from /opt/airflow/dags/my_dag.py
[2024-08-05T14:20:08.528+0000] {processor.py:840} INFO - DAG(s) 'pipeline_dag' retrieved from /opt/airflow/dags/my_dag.py
[2024-08-05T14:20:08.560+0000] {logging_mixin.py:188} INFO - [2024-08-05T14:20:08.559+0000] {dag.py:3096} INFO - Sync 1 DAGs
[2024-08-05T14:20:08.594+0000] {logging_mixin.py:188} INFO - [2024-08-05T14:20:08.594+0000] {dag.py:3954} INFO - Setting next_dagrun for pipeline_dag to 2024-08-05 00:00:00+00:00, run_after=2024-08-06 00:00:00+00:00
[2024-08-05T14:20:08.635+0000] {processor.py:183} INFO - Processing /opt/airflow/dags/my_dag.py took 0.644 seconds
[2024-08-05T14:20:38.875+0000] {processor.py:161} INFO - Started process (PID=94) to work on /opt/airflow/dags/my_dag.py
[2024-08-05T14:20:38.876+0000] {processor.py:830} INFO - Processing file /opt/airflow/dags/my_dag.py for tasks to queue
[2024-08-05T14:20:38.878+0000] {logging_mixin.py:188} INFO - [2024-08-05T14:20:38.878+0000] {dagbag.py:545} INFO - Filling up the DagBag from /opt/airflow/dags/my_dag.py
[2024-08-05T14:20:39.328+0000] {processor.py:840} INFO - DAG(s) 'pipeline_dag' retrieved from /opt/airflow/dags/my_dag.py
[2024-08-05T14:20:39.357+0000] {logging_mixin.py:188} INFO - [2024-08-05T14:20:39.356+0000] {dag.py:3096} INFO - Sync 1 DAGs
[2024-08-05T14:20:39.375+0000] {logging_mixin.py:188} INFO - [2024-08-05T14:20:39.375+0000] {dag.py:3954} INFO - Setting next_dagrun for pipeline_dag to 2024-08-05 00:00:00+00:00, run_after=2024-08-06 00:00:00+00:00
[2024-08-05T14:20:39.492+0000] {processor.py:183} INFO - Processing /opt/airflow/dags/my_dag.py took 0.622 seconds
[2024-08-05T14:21:09.676+0000] {processor.py:161} INFO - Started process (PID=106) to work on /opt/airflow/dags/my_dag.py
[2024-08-05T14:21:09.677+0000] {processor.py:830} INFO - Processing file /opt/airflow/dags/my_dag.py for tasks to queue
[2024-08-05T14:21:09.679+0000] {logging_mixin.py:188} INFO - [2024-08-05T14:21:09.679+0000] {dagbag.py:545} INFO - Filling up the DagBag from /opt/airflow/dags/my_dag.py
[2024-08-05T14:21:10.071+0000] {processor.py:840} INFO - DAG(s) 'pipeline_dag' retrieved from /opt/airflow/dags/my_dag.py
[2024-08-05T14:21:10.090+0000] {logging_mixin.py:188} INFO - [2024-08-05T14:21:10.089+0000] {dag.py:3096} INFO - Sync 1 DAGs
[2024-08-05T14:21:10.106+0000] {logging_mixin.py:188} INFO - [2024-08-05T14:21:10.106+0000] {dag.py:3954} INFO - Setting next_dagrun for pipeline_dag to 2024-08-05 00:00:00+00:00, run_after=2024-08-06 00:00:00+00:00
[2024-08-05T14:21:10.124+0000] {processor.py:183} INFO - Processing /opt/airflow/dags/my_dag.py took 0.453 seconds
[2024-08-05T14:21:40.338+0000] {processor.py:161} INFO - Started process (PID=114) to work on /opt/airflow/dags/my_dag.py
[2024-08-05T14:21:40.339+0000] {processor.py:830} INFO - Processing file /opt/airflow/dags/my_dag.py for tasks to queue
[2024-08-05T14:21:40.340+0000] {logging_mixin.py:188} INFO - [2024-08-05T14:21:40.340+0000] {dagbag.py:545} INFO - Filling up the DagBag from /opt/airflow/dags/my_dag.py
[2024-08-05T14:21:40.639+0000] {processor.py:840} INFO - DAG(s) 'pipeline_dag' retrieved from /opt/airflow/dags/my_dag.py
[2024-08-05T14:21:40.768+0000] {logging_mixin.py:188} INFO - [2024-08-05T14:21:40.768+0000] {dag.py:3096} INFO - Sync 1 DAGs
[2024-08-05T14:21:40.781+0000] {logging_mixin.py:188} INFO - [2024-08-05T14:21:40.781+0000] {dag.py:3954} INFO - Setting next_dagrun for pipeline_dag to 2024-08-05 00:00:00+00:00, run_after=2024-08-06 00:00:00+00:00
[2024-08-05T14:21:40.799+0000] {processor.py:183} INFO - Processing /opt/airflow/dags/my_dag.py took 0.466 seconds
[2024-08-05T14:22:11.028+0000] {processor.py:161} INFO - Started process (PID=122) to work on /opt/airflow/dags/my_dag.py
[2024-08-05T14:22:11.029+0000] {processor.py:830} INFO - Processing file /opt/airflow/dags/my_dag.py for tasks to queue
[2024-08-05T14:22:11.031+0000] {logging_mixin.py:188} INFO - [2024-08-05T14:22:11.030+0000] {dagbag.py:545} INFO - Filling up the DagBag from /opt/airflow/dags/my_dag.py
[2024-08-05T14:22:11.442+0000] {processor.py:840} INFO - DAG(s) 'pipeline_dag' retrieved from /opt/airflow/dags/my_dag.py
[2024-08-05T14:22:11.474+0000] {logging_mixin.py:188} INFO - [2024-08-05T14:22:11.473+0000] {dag.py:3096} INFO - Sync 1 DAGs
[2024-08-05T14:22:11.488+0000] {logging_mixin.py:188} INFO - [2024-08-05T14:22:11.488+0000] {dag.py:3954} INFO - Setting next_dagrun for pipeline_dag to 2024-08-05 00:00:00+00:00, run_after=2024-08-06 00:00:00+00:00
[2024-08-05T14:22:11.530+0000] {processor.py:183} INFO - Processing /opt/airflow/dags/my_dag.py took 0.507 seconds
[2024-08-05T14:22:41.713+0000] {processor.py:161} INFO - Started process (PID=130) to work on /opt/airflow/dags/my_dag.py
[2024-08-05T14:22:41.713+0000] {processor.py:830} INFO - Processing file /opt/airflow/dags/my_dag.py for tasks to queue
[2024-08-05T14:22:41.715+0000] {logging_mixin.py:188} INFO - [2024-08-05T14:22:41.715+0000] {dagbag.py:545} INFO - Filling up the DagBag from /opt/airflow/dags/my_dag.py
[2024-08-05T14:22:42.131+0000] {processor.py:840} INFO - DAG(s) 'pipeline_dag' retrieved from /opt/airflow/dags/my_dag.py
[2024-08-05T14:22:42.151+0000] {logging_mixin.py:188} INFO - [2024-08-05T14:22:42.150+0000] {dag.py:3096} INFO - Sync 1 DAGs
[2024-08-05T14:22:42.166+0000] {logging_mixin.py:188} INFO - [2024-08-05T14:22:42.166+0000] {dag.py:3954} INFO - Setting next_dagrun for pipeline_dag to 2024-08-05 00:00:00+00:00, run_after=2024-08-06 00:00:00+00:00
[2024-08-05T14:22:42.187+0000] {processor.py:183} INFO - Processing /opt/airflow/dags/my_dag.py took 0.479 seconds
[2024-08-05T14:23:12.385+0000] {processor.py:161} INFO - Started process (PID=138) to work on /opt/airflow/dags/my_dag.py
[2024-08-05T14:23:12.386+0000] {processor.py:830} INFO - Processing file /opt/airflow/dags/my_dag.py for tasks to queue
[2024-08-05T14:23:12.387+0000] {logging_mixin.py:188} INFO - [2024-08-05T14:23:12.387+0000] {dagbag.py:545} INFO - Filling up the DagBag from /opt/airflow/dags/my_dag.py
[2024-08-05T14:23:12.816+0000] {processor.py:840} INFO - DAG(s) 'pipeline_dag' retrieved from /opt/airflow/dags/my_dag.py
[2024-08-05T14:23:12.833+0000] {logging_mixin.py:188} INFO - [2024-08-05T14:23:12.833+0000] {dag.py:3096} INFO - Sync 1 DAGs
[2024-08-05T14:23:12.849+0000] {logging_mixin.py:188} INFO - [2024-08-05T14:23:12.849+0000] {dag.py:3954} INFO - Setting next_dagrun for pipeline_dag to 2024-08-05 00:00:00+00:00, run_after=2024-08-06 00:00:00+00:00
[2024-08-05T14:23:12.870+0000] {processor.py:183} INFO - Processing /opt/airflow/dags/my_dag.py took 0.491 seconds
[2024-08-05T14:23:43.061+0000] {processor.py:161} INFO - Started process (PID=146) to work on /opt/airflow/dags/my_dag.py
[2024-08-05T14:23:43.063+0000] {processor.py:830} INFO - Processing file /opt/airflow/dags/my_dag.py for tasks to queue
[2024-08-05T14:23:43.065+0000] {logging_mixin.py:188} INFO - [2024-08-05T14:23:43.064+0000] {dagbag.py:545} INFO - Filling up the DagBag from /opt/airflow/dags/my_dag.py
[2024-08-05T14:23:43.509+0000] {processor.py:840} INFO - DAG(s) 'pipeline_dag' retrieved from /opt/airflow/dags/my_dag.py
[2024-08-05T14:23:43.530+0000] {logging_mixin.py:188} INFO - [2024-08-05T14:23:43.530+0000] {dag.py:3096} INFO - Sync 1 DAGs
[2024-08-05T14:23:43.545+0000] {logging_mixin.py:188} INFO - [2024-08-05T14:23:43.545+0000] {dag.py:3954} INFO - Setting next_dagrun for pipeline_dag to 2024-08-05 00:00:00+00:00, run_after=2024-08-06 00:00:00+00:00
[2024-08-05T14:23:43.565+0000] {processor.py:183} INFO - Processing /opt/airflow/dags/my_dag.py took 0.510 seconds
[2024-08-05T14:24:13.777+0000] {processor.py:161} INFO - Started process (PID=154) to work on /opt/airflow/dags/my_dag.py
[2024-08-05T14:24:13.778+0000] {processor.py:830} INFO - Processing file /opt/airflow/dags/my_dag.py for tasks to queue
[2024-08-05T14:24:13.780+0000] {logging_mixin.py:188} INFO - [2024-08-05T14:24:13.780+0000] {dagbag.py:545} INFO - Filling up the DagBag from /opt/airflow/dags/my_dag.py
[2024-08-05T14:24:14.213+0000] {processor.py:840} INFO - DAG(s) 'pipeline_dag' retrieved from /opt/airflow/dags/my_dag.py
[2024-08-05T14:24:14.233+0000] {logging_mixin.py:188} INFO - [2024-08-05T14:24:14.233+0000] {dag.py:3096} INFO - Sync 1 DAGs
[2024-08-05T14:24:14.248+0000] {logging_mixin.py:188} INFO - [2024-08-05T14:24:14.248+0000] {dag.py:3954} INFO - Setting next_dagrun for pipeline_dag to 2024-08-05 00:00:00+00:00, run_after=2024-08-06 00:00:00+00:00
[2024-08-05T14:24:14.266+0000] {processor.py:183} INFO - Processing /opt/airflow/dags/my_dag.py took 0.494 seconds
[2024-08-05T14:24:44.496+0000] {processor.py:161} INFO - Started process (PID=162) to work on /opt/airflow/dags/my_dag.py
[2024-08-05T14:24:44.497+0000] {processor.py:830} INFO - Processing file /opt/airflow/dags/my_dag.py for tasks to queue
[2024-08-05T14:24:44.498+0000] {logging_mixin.py:188} INFO - [2024-08-05T14:24:44.498+0000] {dagbag.py:545} INFO - Filling up the DagBag from /opt/airflow/dags/my_dag.py
[2024-08-05T14:24:44.900+0000] {processor.py:840} INFO - DAG(s) 'pipeline_dag' retrieved from /opt/airflow/dags/my_dag.py
[2024-08-05T14:24:44.918+0000] {logging_mixin.py:188} INFO - [2024-08-05T14:24:44.918+0000] {dag.py:3096} INFO - Sync 1 DAGs
[2024-08-05T14:24:44.931+0000] {logging_mixin.py:188} INFO - [2024-08-05T14:24:44.931+0000] {dag.py:3954} INFO - Setting next_dagrun for pipeline_dag to 2024-08-05 00:00:00+00:00, run_after=2024-08-06 00:00:00+00:00
[2024-08-05T14:24:44.965+0000] {processor.py:183} INFO - Processing /opt/airflow/dags/my_dag.py took 0.475 seconds
[2024-08-05T14:25:15.172+0000] {processor.py:161} INFO - Started process (PID=170) to work on /opt/airflow/dags/my_dag.py
[2024-08-05T14:25:15.173+0000] {processor.py:830} INFO - Processing file /opt/airflow/dags/my_dag.py for tasks to queue
[2024-08-05T14:25:15.174+0000] {logging_mixin.py:188} INFO - [2024-08-05T14:25:15.174+0000] {dagbag.py:545} INFO - Filling up the DagBag from /opt/airflow/dags/my_dag.py
[2024-08-05T14:25:15.575+0000] {processor.py:840} INFO - DAG(s) 'pipeline_dag' retrieved from /opt/airflow/dags/my_dag.py
[2024-08-05T14:25:15.594+0000] {logging_mixin.py:188} INFO - [2024-08-05T14:25:15.594+0000] {dag.py:3096} INFO - Sync 1 DAGs
[2024-08-05T14:25:15.608+0000] {logging_mixin.py:188} INFO - [2024-08-05T14:25:15.608+0000] {dag.py:3954} INFO - Setting next_dagrun for pipeline_dag to 2024-08-05 00:00:00+00:00, run_after=2024-08-06 00:00:00+00:00
[2024-08-05T14:25:15.630+0000] {processor.py:183} INFO - Processing /opt/airflow/dags/my_dag.py took 0.463 seconds
[2024-08-05T14:25:45.848+0000] {processor.py:161} INFO - Started process (PID=178) to work on /opt/airflow/dags/my_dag.py
[2024-08-05T14:25:45.849+0000] {processor.py:830} INFO - Processing file /opt/airflow/dags/my_dag.py for tasks to queue
[2024-08-05T14:25:45.851+0000] {logging_mixin.py:188} INFO - [2024-08-05T14:25:45.851+0000] {dagbag.py:545} INFO - Filling up the DagBag from /opt/airflow/dags/my_dag.py
[2024-08-05T14:25:46.230+0000] {processor.py:840} INFO - DAG(s) 'pipeline_dag' retrieved from /opt/airflow/dags/my_dag.py
[2024-08-05T14:25:46.249+0000] {logging_mixin.py:188} INFO - [2024-08-05T14:25:46.248+0000] {dag.py:3096} INFO - Sync 1 DAGs
[2024-08-05T14:25:46.264+0000] {logging_mixin.py:188} INFO - [2024-08-05T14:25:46.264+0000] {dag.py:3954} INFO - Setting next_dagrun for pipeline_dag to 2024-08-05 00:00:00+00:00, run_after=2024-08-06 00:00:00+00:00
[2024-08-05T14:25:46.284+0000] {processor.py:183} INFO - Processing /opt/airflow/dags/my_dag.py took 0.441 seconds
[2024-08-05T14:26:16.533+0000] {processor.py:161} INFO - Started process (PID=186) to work on /opt/airflow/dags/my_dag.py
[2024-08-05T14:26:16.534+0000] {processor.py:830} INFO - Processing file /opt/airflow/dags/my_dag.py for tasks to queue
[2024-08-05T14:26:16.536+0000] {logging_mixin.py:188} INFO - [2024-08-05T14:26:16.536+0000] {dagbag.py:545} INFO - Filling up the DagBag from /opt/airflow/dags/my_dag.py
[2024-08-05T14:26:16.950+0000] {processor.py:840} INFO - DAG(s) 'pipeline_dag' retrieved from /opt/airflow/dags/my_dag.py
[2024-08-05T14:26:16.971+0000] {logging_mixin.py:188} INFO - [2024-08-05T14:26:16.970+0000] {dag.py:3096} INFO - Sync 1 DAGs
[2024-08-05T14:26:16.985+0000] {logging_mixin.py:188} INFO - [2024-08-05T14:26:16.985+0000] {dag.py:3954} INFO - Setting next_dagrun for pipeline_dag to 2024-08-05 00:00:00+00:00, run_after=2024-08-06 00:00:00+00:00
[2024-08-05T14:26:17.004+0000] {processor.py:183} INFO - Processing /opt/airflow/dags/my_dag.py took 0.475 seconds
[2024-08-05T14:30:28.308+0000] {processor.py:161} INFO - Started process (PID=37) to work on /opt/airflow/dags/my_dag.py
[2024-08-05T14:30:28.310+0000] {processor.py:830} INFO - Processing file /opt/airflow/dags/my_dag.py for tasks to queue
[2024-08-05T14:30:28.314+0000] {logging_mixin.py:188} INFO - [2024-08-05T14:30:28.313+0000] {dagbag.py:545} INFO - Filling up the DagBag from /opt/airflow/dags/my_dag.py
[2024-08-05T14:30:31.042+0000] {processor.py:840} INFO - DAG(s) 'pipeline_dag' retrieved from /opt/airflow/dags/my_dag.py
[2024-08-05T14:30:31.871+0000] {logging_mixin.py:188} INFO - [2024-08-05T14:30:31.870+0000] {dag.py:3096} INFO - Sync 1 DAGs
[2024-08-05T14:30:31.896+0000] {logging_mixin.py:188} INFO - [2024-08-05T14:30:31.895+0000] {dag.py:3954} INFO - Setting next_dagrun for pipeline_dag to 2024-08-05 00:00:00+00:00, run_after=2024-08-06 00:00:00+00:00
[2024-08-05T14:30:31.929+0000] {processor.py:183} INFO - Processing /opt/airflow/dags/my_dag.py took 3.630 seconds
[2024-08-05T14:31:02.145+0000] {processor.py:161} INFO - Started process (PID=44) to work on /opt/airflow/dags/my_dag.py
[2024-08-05T14:31:02.147+0000] {processor.py:830} INFO - Processing file /opt/airflow/dags/my_dag.py for tasks to queue
[2024-08-05T14:31:02.149+0000] {logging_mixin.py:188} INFO - [2024-08-05T14:31:02.148+0000] {dagbag.py:545} INFO - Filling up the DagBag from /opt/airflow/dags/my_dag.py
[2024-08-05T14:31:02.549+0000] {processor.py:840} INFO - DAG(s) 'pipeline_dag' retrieved from /opt/airflow/dags/my_dag.py
[2024-08-05T14:31:02.747+0000] {logging_mixin.py:188} INFO - [2024-08-05T14:31:02.747+0000] {dag.py:3096} INFO - Sync 1 DAGs
[2024-08-05T14:31:02.771+0000] {logging_mixin.py:188} INFO - [2024-08-05T14:31:02.770+0000] {dag.py:3954} INFO - Setting next_dagrun for pipeline_dag to 2024-08-05 00:00:00+00:00, run_after=2024-08-06 00:00:00+00:00
[2024-08-05T14:31:02.806+0000] {processor.py:183} INFO - Processing /opt/airflow/dags/my_dag.py took 0.666 seconds
[2024-08-05T14:31:33.011+0000] {processor.py:161} INFO - Started process (PID=60) to work on /opt/airflow/dags/my_dag.py
[2024-08-05T14:31:33.012+0000] {processor.py:830} INFO - Processing file /opt/airflow/dags/my_dag.py for tasks to queue
[2024-08-05T14:31:33.014+0000] {logging_mixin.py:188} INFO - [2024-08-05T14:31:33.014+0000] {dagbag.py:545} INFO - Filling up the DagBag from /opt/airflow/dags/my_dag.py
[2024-08-05T14:31:33.361+0000] {processor.py:840} INFO - DAG(s) 'pipeline_dag' retrieved from /opt/airflow/dags/my_dag.py
[2024-08-05T14:31:33.494+0000] {logging_mixin.py:188} INFO - [2024-08-05T14:31:33.494+0000] {dag.py:3096} INFO - Sync 1 DAGs
[2024-08-05T14:31:33.509+0000] {logging_mixin.py:188} INFO - [2024-08-05T14:31:33.509+0000] {dag.py:3954} INFO - Setting next_dagrun for pipeline_dag to 2024-08-05 00:00:00+00:00, run_after=2024-08-06 00:00:00+00:00
[2024-08-05T14:31:33.528+0000] {processor.py:183} INFO - Processing /opt/airflow/dags/my_dag.py took 0.523 seconds
[2024-08-05T14:32:03.729+0000] {processor.py:161} INFO - Started process (PID=68) to work on /opt/airflow/dags/my_dag.py
[2024-08-05T14:32:03.731+0000] {processor.py:830} INFO - Processing file /opt/airflow/dags/my_dag.py for tasks to queue
[2024-08-05T14:32:03.733+0000] {logging_mixin.py:188} INFO - [2024-08-05T14:32:03.733+0000] {dagbag.py:545} INFO - Filling up the DagBag from /opt/airflow/dags/my_dag.py
[2024-08-05T14:32:04.187+0000] {processor.py:840} INFO - DAG(s) 'pipeline_dag' retrieved from /opt/airflow/dags/my_dag.py
[2024-08-05T14:32:04.205+0000] {logging_mixin.py:188} INFO - [2024-08-05T14:32:04.205+0000] {dag.py:3096} INFO - Sync 1 DAGs
[2024-08-05T14:32:04.218+0000] {logging_mixin.py:188} INFO - [2024-08-05T14:32:04.218+0000] {dag.py:3954} INFO - Setting next_dagrun for pipeline_dag to 2024-08-05 00:00:00+00:00, run_after=2024-08-06 00:00:00+00:00
[2024-08-05T14:32:04.238+0000] {processor.py:183} INFO - Processing /opt/airflow/dags/my_dag.py took 0.515 seconds
[2024-08-05T14:32:34.375+0000] {processor.py:161} INFO - Started process (PID=76) to work on /opt/airflow/dags/my_dag.py
[2024-08-05T14:32:34.376+0000] {processor.py:830} INFO - Processing file /opt/airflow/dags/my_dag.py for tasks to queue
[2024-08-05T14:32:34.378+0000] {logging_mixin.py:188} INFO - [2024-08-05T14:32:34.378+0000] {dagbag.py:545} INFO - Filling up the DagBag from /opt/airflow/dags/my_dag.py
[2024-08-05T14:32:34.835+0000] {processor.py:840} INFO - DAG(s) 'pipeline_dag' retrieved from /opt/airflow/dags/my_dag.py
[2024-08-05T14:32:34.854+0000] {logging_mixin.py:188} INFO - [2024-08-05T14:32:34.854+0000] {dag.py:3096} INFO - Sync 1 DAGs
[2024-08-05T14:32:34.871+0000] {logging_mixin.py:188} INFO - [2024-08-05T14:32:34.871+0000] {dag.py:3954} INFO - Setting next_dagrun for pipeline_dag to 2024-08-05 00:00:00+00:00, run_after=2024-08-06 00:00:00+00:00
[2024-08-05T14:32:34.887+0000] {processor.py:183} INFO - Processing /opt/airflow/dags/my_dag.py took 0.518 seconds
[2024-08-05T14:33:05.092+0000] {processor.py:161} INFO - Started process (PID=84) to work on /opt/airflow/dags/my_dag.py
[2024-08-05T14:33:05.093+0000] {processor.py:830} INFO - Processing file /opt/airflow/dags/my_dag.py for tasks to queue
[2024-08-05T14:33:05.095+0000] {logging_mixin.py:188} INFO - [2024-08-05T14:33:05.095+0000] {dagbag.py:545} INFO - Filling up the DagBag from /opt/airflow/dags/my_dag.py
[2024-08-05T14:33:05.574+0000] {processor.py:840} INFO - DAG(s) 'pipeline_dag' retrieved from /opt/airflow/dags/my_dag.py
[2024-08-05T14:33:05.739+0000] {logging_mixin.py:188} INFO - [2024-08-05T14:33:05.738+0000] {dag.py:3096} INFO - Sync 1 DAGs
[2024-08-05T14:33:05.788+0000] {logging_mixin.py:188} INFO - [2024-08-05T14:33:05.788+0000] {dag.py:3954} INFO - Setting next_dagrun for pipeline_dag to 2024-08-05 00:00:00+00:00, run_after=2024-08-06 00:00:00+00:00
[2024-08-05T14:33:05.829+0000] {processor.py:183} INFO - Processing /opt/airflow/dags/my_dag.py took 0.743 seconds
[2024-08-05T14:33:36.025+0000] {processor.py:161} INFO - Started process (PID=92) to work on /opt/airflow/dags/my_dag.py
[2024-08-05T14:33:36.026+0000] {processor.py:830} INFO - Processing file /opt/airflow/dags/my_dag.py for tasks to queue
[2024-08-05T14:33:36.027+0000] {logging_mixin.py:188} INFO - [2024-08-05T14:33:36.027+0000] {dagbag.py:545} INFO - Filling up the DagBag from /opt/airflow/dags/my_dag.py
[2024-08-05T14:33:36.304+0000] {processor.py:840} INFO - DAG(s) 'pipeline_dag' retrieved from /opt/airflow/dags/my_dag.py
[2024-08-05T14:33:36.426+0000] {logging_mixin.py:188} INFO - [2024-08-05T14:33:36.426+0000] {dag.py:3096} INFO - Sync 1 DAGs
[2024-08-05T14:33:36.439+0000] {logging_mixin.py:188} INFO - [2024-08-05T14:33:36.439+0000] {dag.py:3954} INFO - Setting next_dagrun for pipeline_dag to 2024-08-05 00:00:00+00:00, run_after=2024-08-06 00:00:00+00:00
[2024-08-05T14:33:36.458+0000] {processor.py:183} INFO - Processing /opt/airflow/dags/my_dag.py took 0.438 seconds
[2024-08-05T14:34:06.664+0000] {processor.py:161} INFO - Started process (PID=100) to work on /opt/airflow/dags/my_dag.py
[2024-08-05T14:34:06.665+0000] {processor.py:830} INFO - Processing file /opt/airflow/dags/my_dag.py for tasks to queue
[2024-08-05T14:34:06.667+0000] {logging_mixin.py:188} INFO - [2024-08-05T14:34:06.666+0000] {dagbag.py:545} INFO - Filling up the DagBag from /opt/airflow/dags/my_dag.py
[2024-08-05T14:34:07.073+0000] {processor.py:840} INFO - DAG(s) 'pipeline_dag' retrieved from /opt/airflow/dags/my_dag.py
[2024-08-05T14:34:07.092+0000] {logging_mixin.py:188} INFO - [2024-08-05T14:34:07.092+0000] {dag.py:3096} INFO - Sync 1 DAGs
[2024-08-05T14:34:07.106+0000] {logging_mixin.py:188} INFO - [2024-08-05T14:34:07.106+0000] {dag.py:3954} INFO - Setting next_dagrun for pipeline_dag to 2024-08-05 00:00:00+00:00, run_after=2024-08-06 00:00:00+00:00
[2024-08-05T14:34:07.127+0000] {processor.py:183} INFO - Processing /opt/airflow/dags/my_dag.py took 0.468 seconds
[2024-08-05T14:34:37.355+0000] {processor.py:161} INFO - Started process (PID=108) to work on /opt/airflow/dags/my_dag.py
[2024-08-05T14:34:37.356+0000] {processor.py:830} INFO - Processing file /opt/airflow/dags/my_dag.py for tasks to queue
[2024-08-05T14:34:37.358+0000] {logging_mixin.py:188} INFO - [2024-08-05T14:34:37.357+0000] {dagbag.py:545} INFO - Filling up the DagBag from /opt/airflow/dags/my_dag.py
[2024-08-05T14:34:37.744+0000] {processor.py:840} INFO - DAG(s) 'pipeline_dag' retrieved from /opt/airflow/dags/my_dag.py
[2024-08-05T14:34:37.764+0000] {logging_mixin.py:188} INFO - [2024-08-05T14:34:37.764+0000] {dag.py:3096} INFO - Sync 1 DAGs
[2024-08-05T14:34:37.783+0000] {logging_mixin.py:188} INFO - [2024-08-05T14:34:37.783+0000] {dag.py:3954} INFO - Setting next_dagrun for pipeline_dag to 2024-08-05 00:00:00+00:00, run_after=2024-08-06 00:00:00+00:00
[2024-08-05T14:34:37.817+0000] {processor.py:183} INFO - Processing /opt/airflow/dags/my_dag.py took 0.467 seconds
[2024-08-05T14:35:08.031+0000] {processor.py:161} INFO - Started process (PID=116) to work on /opt/airflow/dags/my_dag.py
[2024-08-05T14:35:08.033+0000] {processor.py:830} INFO - Processing file /opt/airflow/dags/my_dag.py for tasks to queue
[2024-08-05T14:35:08.035+0000] {logging_mixin.py:188} INFO - [2024-08-05T14:35:08.034+0000] {dagbag.py:545} INFO - Filling up the DagBag from /opt/airflow/dags/my_dag.py
[2024-08-05T14:35:08.358+0000] {processor.py:840} INFO - DAG(s) 'pipeline_dag' retrieved from /opt/airflow/dags/my_dag.py
[2024-08-05T14:35:08.379+0000] {logging_mixin.py:188} INFO - [2024-08-05T14:35:08.378+0000] {dag.py:3096} INFO - Sync 1 DAGs
[2024-08-05T14:35:08.493+0000] {logging_mixin.py:188} INFO - [2024-08-05T14:35:08.493+0000] {dag.py:3954} INFO - Setting next_dagrun for pipeline_dag to 2024-08-05 00:00:00+00:00, run_after=2024-08-06 00:00:00+00:00
[2024-08-05T14:35:08.519+0000] {processor.py:183} INFO - Processing /opt/airflow/dags/my_dag.py took 0.495 seconds
[2024-08-05T14:35:38.946+0000] {processor.py:161} INFO - Started process (PID=124) to work on /opt/airflow/dags/my_dag.py
[2024-08-05T14:35:38.947+0000] {processor.py:830} INFO - Processing file /opt/airflow/dags/my_dag.py for tasks to queue
[2024-08-05T14:35:38.948+0000] {logging_mixin.py:188} INFO - [2024-08-05T14:35:38.948+0000] {dagbag.py:545} INFO - Filling up the DagBag from /opt/airflow/dags/my_dag.py
[2024-08-05T14:35:39.230+0000] {processor.py:840} INFO - DAG(s) 'pipeline_dag' retrieved from /opt/airflow/dags/my_dag.py
[2024-08-05T14:35:39.370+0000] {logging_mixin.py:188} INFO - [2024-08-05T14:35:39.370+0000] {dag.py:3096} INFO - Sync 1 DAGs
[2024-08-05T14:35:39.384+0000] {logging_mixin.py:188} INFO - [2024-08-05T14:35:39.384+0000] {dag.py:3954} INFO - Setting next_dagrun for pipeline_dag to 2024-08-05 00:00:00+00:00, run_after=2024-08-06 00:00:00+00:00
[2024-08-05T14:35:39.404+0000] {processor.py:183} INFO - Processing /opt/airflow/dags/my_dag.py took 0.463 seconds
[2024-08-05T14:36:09.626+0000] {processor.py:161} INFO - Started process (PID=133) to work on /opt/airflow/dags/my_dag.py
[2024-08-05T14:36:09.627+0000] {processor.py:830} INFO - Processing file /opt/airflow/dags/my_dag.py for tasks to queue
[2024-08-05T14:36:09.629+0000] {logging_mixin.py:188} INFO - [2024-08-05T14:36:09.628+0000] {dagbag.py:545} INFO - Filling up the DagBag from /opt/airflow/dags/my_dag.py
[2024-08-05T14:36:10.060+0000] {processor.py:840} INFO - DAG(s) 'pipeline_dag' retrieved from /opt/airflow/dags/my_dag.py
[2024-08-05T14:36:10.080+0000] {logging_mixin.py:188} INFO - [2024-08-05T14:36:10.080+0000] {dag.py:3096} INFO - Sync 1 DAGs
[2024-08-05T14:36:10.095+0000] {logging_mixin.py:188} INFO - [2024-08-05T14:36:10.094+0000] {dag.py:3954} INFO - Setting next_dagrun for pipeline_dag to 2024-08-05 00:00:00+00:00, run_after=2024-08-06 00:00:00+00:00
[2024-08-05T14:36:10.120+0000] {processor.py:183} INFO - Processing /opt/airflow/dags/my_dag.py took 0.499 seconds
[2024-08-05T14:36:40.342+0000] {processor.py:161} INFO - Started process (PID=141) to work on /opt/airflow/dags/my_dag.py
[2024-08-05T14:36:40.343+0000] {processor.py:830} INFO - Processing file /opt/airflow/dags/my_dag.py for tasks to queue
[2024-08-05T14:36:40.344+0000] {logging_mixin.py:188} INFO - [2024-08-05T14:36:40.344+0000] {dagbag.py:545} INFO - Filling up the DagBag from /opt/airflow/dags/my_dag.py
[2024-08-05T14:36:40.793+0000] {processor.py:840} INFO - DAG(s) 'pipeline_dag' retrieved from /opt/airflow/dags/my_dag.py
[2024-08-05T14:36:40.812+0000] {logging_mixin.py:188} INFO - [2024-08-05T14:36:40.812+0000] {dag.py:3096} INFO - Sync 1 DAGs
[2024-08-05T14:36:40.826+0000] {logging_mixin.py:188} INFO - [2024-08-05T14:36:40.826+0000] {dag.py:3954} INFO - Setting next_dagrun for pipeline_dag to 2024-08-05 00:00:00+00:00, run_after=2024-08-06 00:00:00+00:00
[2024-08-05T14:36:40.845+0000] {processor.py:183} INFO - Processing /opt/airflow/dags/my_dag.py took 0.509 seconds
[2024-08-05T14:37:11.093+0000] {processor.py:161} INFO - Started process (PID=149) to work on /opt/airflow/dags/my_dag.py
[2024-08-05T14:37:11.094+0000] {processor.py:830} INFO - Processing file /opt/airflow/dags/my_dag.py for tasks to queue
[2024-08-05T14:37:11.096+0000] {logging_mixin.py:188} INFO - [2024-08-05T14:37:11.096+0000] {dagbag.py:545} INFO - Filling up the DagBag from /opt/airflow/dags/my_dag.py
[2024-08-05T14:37:11.535+0000] {processor.py:840} INFO - DAG(s) 'pipeline_dag' retrieved from /opt/airflow/dags/my_dag.py
[2024-08-05T14:37:11.555+0000] {logging_mixin.py:188} INFO - [2024-08-05T14:37:11.555+0000] {dag.py:3096} INFO - Sync 1 DAGs
[2024-08-05T14:37:11.570+0000] {logging_mixin.py:188} INFO - [2024-08-05T14:37:11.570+0000] {dag.py:3954} INFO - Setting next_dagrun for pipeline_dag to 2024-08-05 00:00:00+00:00, run_after=2024-08-06 00:00:00+00:00
[2024-08-05T14:37:11.587+0000] {processor.py:183} INFO - Processing /opt/airflow/dags/my_dag.py took 0.506 seconds
[2024-08-05T14:37:41.798+0000] {processor.py:161} INFO - Started process (PID=158) to work on /opt/airflow/dags/my_dag.py
[2024-08-05T14:37:41.799+0000] {processor.py:830} INFO - Processing file /opt/airflow/dags/my_dag.py for tasks to queue
[2024-08-05T14:37:41.801+0000] {logging_mixin.py:188} INFO - [2024-08-05T14:37:41.800+0000] {dagbag.py:545} INFO - Filling up the DagBag from /opt/airflow/dags/my_dag.py
[2024-08-05T14:37:42.087+0000] {processor.py:840} INFO - DAG(s) 'pipeline_dag' retrieved from /opt/airflow/dags/my_dag.py
[2024-08-05T14:37:42.228+0000] {logging_mixin.py:188} INFO - [2024-08-05T14:37:42.228+0000] {dag.py:3096} INFO - Sync 1 DAGs
[2024-08-05T14:37:42.242+0000] {logging_mixin.py:188} INFO - [2024-08-05T14:37:42.242+0000] {dag.py:3954} INFO - Setting next_dagrun for pipeline_dag to 2024-08-05 00:00:00+00:00, run_after=2024-08-06 00:00:00+00:00
[2024-08-05T14:37:42.261+0000] {processor.py:183} INFO - Processing /opt/airflow/dags/my_dag.py took 0.467 seconds
[2024-08-05T14:38:12.491+0000] {processor.py:161} INFO - Started process (PID=166) to work on /opt/airflow/dags/my_dag.py
[2024-08-05T14:38:12.491+0000] {processor.py:830} INFO - Processing file /opt/airflow/dags/my_dag.py for tasks to queue
[2024-08-05T14:38:12.493+0000] {logging_mixin.py:188} INFO - [2024-08-05T14:38:12.493+0000] {dagbag.py:545} INFO - Filling up the DagBag from /opt/airflow/dags/my_dag.py
[2024-08-05T14:38:12.933+0000] {processor.py:840} INFO - DAG(s) 'pipeline_dag' retrieved from /opt/airflow/dags/my_dag.py
[2024-08-05T14:38:12.954+0000] {logging_mixin.py:188} INFO - [2024-08-05T14:38:12.953+0000] {dag.py:3096} INFO - Sync 1 DAGs
[2024-08-05T14:38:12.969+0000] {logging_mixin.py:188} INFO - [2024-08-05T14:38:12.969+0000] {dag.py:3954} INFO - Setting next_dagrun for pipeline_dag to 2024-08-05 00:00:00+00:00, run_after=2024-08-06 00:00:00+00:00
[2024-08-05T14:38:12.997+0000] {processor.py:183} INFO - Processing /opt/airflow/dags/my_dag.py took 0.512 seconds
[2024-08-05T14:38:43.266+0000] {processor.py:161} INFO - Started process (PID=175) to work on /opt/airflow/dags/my_dag.py
[2024-08-05T14:38:43.267+0000] {processor.py:830} INFO - Processing file /opt/airflow/dags/my_dag.py for tasks to queue
[2024-08-05T14:38:43.269+0000] {logging_mixin.py:188} INFO - [2024-08-05T14:38:43.268+0000] {dagbag.py:545} INFO - Filling up the DagBag from /opt/airflow/dags/my_dag.py
[2024-08-05T14:38:43.652+0000] {processor.py:840} INFO - DAG(s) 'pipeline_dag' retrieved from /opt/airflow/dags/my_dag.py
[2024-08-05T14:38:43.672+0000] {logging_mixin.py:188} INFO - [2024-08-05T14:38:43.672+0000] {dag.py:3096} INFO - Sync 1 DAGs
[2024-08-05T14:38:43.685+0000] {logging_mixin.py:188} INFO - [2024-08-05T14:38:43.685+0000] {dag.py:3954} INFO - Setting next_dagrun for pipeline_dag to 2024-08-05 00:00:00+00:00, run_after=2024-08-06 00:00:00+00:00
[2024-08-05T14:38:43.706+0000] {processor.py:183} INFO - Processing /opt/airflow/dags/my_dag.py took 0.444 seconds
[2024-08-05T14:39:13.968+0000] {processor.py:161} INFO - Started process (PID=183) to work on /opt/airflow/dags/my_dag.py
[2024-08-05T14:39:13.969+0000] {processor.py:830} INFO - Processing file /opt/airflow/dags/my_dag.py for tasks to queue
[2024-08-05T14:39:13.971+0000] {logging_mixin.py:188} INFO - [2024-08-05T14:39:13.971+0000] {dagbag.py:545} INFO - Filling up the DagBag from /opt/airflow/dags/my_dag.py
[2024-08-05T14:39:14.413+0000] {processor.py:840} INFO - DAG(s) 'pipeline_dag' retrieved from /opt/airflow/dags/my_dag.py
[2024-08-05T14:39:14.433+0000] {logging_mixin.py:188} INFO - [2024-08-05T14:39:14.432+0000] {dag.py:3096} INFO - Sync 1 DAGs
[2024-08-05T14:39:14.449+0000] {logging_mixin.py:188} INFO - [2024-08-05T14:39:14.448+0000] {dag.py:3954} INFO - Setting next_dagrun for pipeline_dag to 2024-08-05 00:00:00+00:00, run_after=2024-08-06 00:00:00+00:00
[2024-08-05T14:39:14.469+0000] {processor.py:183} INFO - Processing /opt/airflow/dags/my_dag.py took 0.507 seconds
[2024-08-05T14:39:44.742+0000] {processor.py:161} INFO - Started process (PID=191) to work on /opt/airflow/dags/my_dag.py
[2024-08-05T14:39:44.743+0000] {processor.py:830} INFO - Processing file /opt/airflow/dags/my_dag.py for tasks to queue
[2024-08-05T14:39:44.745+0000] {logging_mixin.py:188} INFO - [2024-08-05T14:39:44.744+0000] {dagbag.py:545} INFO - Filling up the DagBag from /opt/airflow/dags/my_dag.py
[2024-08-05T14:39:45.132+0000] {processor.py:840} INFO - DAG(s) 'pipeline_dag' retrieved from /opt/airflow/dags/my_dag.py
[2024-08-05T14:39:45.150+0000] {logging_mixin.py:188} INFO - [2024-08-05T14:39:45.150+0000] {dag.py:3096} INFO - Sync 1 DAGs
[2024-08-05T14:39:45.165+0000] {logging_mixin.py:188} INFO - [2024-08-05T14:39:45.165+0000] {dag.py:3954} INFO - Setting next_dagrun for pipeline_dag to 2024-08-05 00:00:00+00:00, run_after=2024-08-06 00:00:00+00:00
[2024-08-05T14:39:45.189+0000] {processor.py:183} INFO - Processing /opt/airflow/dags/my_dag.py took 0.452 seconds
[2024-08-05T14:40:15.450+0000] {processor.py:161} INFO - Started process (PID=199) to work on /opt/airflow/dags/my_dag.py
[2024-08-05T14:40:15.451+0000] {processor.py:830} INFO - Processing file /opt/airflow/dags/my_dag.py for tasks to queue
[2024-08-05T14:40:15.453+0000] {logging_mixin.py:188} INFO - [2024-08-05T14:40:15.453+0000] {dagbag.py:545} INFO - Filling up the DagBag from /opt/airflow/dags/my_dag.py
[2024-08-05T14:40:15.890+0000] {processor.py:840} INFO - DAG(s) 'pipeline_dag' retrieved from /opt/airflow/dags/my_dag.py
[2024-08-05T14:40:15.908+0000] {logging_mixin.py:188} INFO - [2024-08-05T14:40:15.908+0000] {dag.py:3096} INFO - Sync 1 DAGs
[2024-08-05T14:40:15.922+0000] {logging_mixin.py:188} INFO - [2024-08-05T14:40:15.921+0000] {dag.py:3954} INFO - Setting next_dagrun for pipeline_dag to 2024-08-05 00:00:00+00:00, run_after=2024-08-06 00:00:00+00:00
[2024-08-05T14:40:15.941+0000] {processor.py:183} INFO - Processing /opt/airflow/dags/my_dag.py took 0.496 seconds
[2024-08-05T14:40:46.305+0000] {processor.py:161} INFO - Started process (PID=207) to work on /opt/airflow/dags/my_dag.py
[2024-08-05T14:40:46.306+0000] {processor.py:830} INFO - Processing file /opt/airflow/dags/my_dag.py for tasks to queue
[2024-08-05T14:40:46.308+0000] {logging_mixin.py:188} INFO - [2024-08-05T14:40:46.308+0000] {dagbag.py:545} INFO - Filling up the DagBag from /opt/airflow/dags/my_dag.py
[2024-08-05T14:40:46.687+0000] {processor.py:840} INFO - DAG(s) 'pipeline_dag' retrieved from /opt/airflow/dags/my_dag.py
[2024-08-05T14:40:46.705+0000] {logging_mixin.py:188} INFO - [2024-08-05T14:40:46.705+0000] {dag.py:3096} INFO - Sync 1 DAGs
[2024-08-05T14:40:46.718+0000] {logging_mixin.py:188} INFO - [2024-08-05T14:40:46.718+0000] {dag.py:3954} INFO - Setting next_dagrun for pipeline_dag to 2024-08-05 00:00:00+00:00, run_after=2024-08-06 00:00:00+00:00
[2024-08-05T14:40:46.750+0000] {processor.py:183} INFO - Processing /opt/airflow/dags/my_dag.py took 0.450 seconds
[2024-08-05T14:41:16.944+0000] {processor.py:161} INFO - Started process (PID=215) to work on /opt/airflow/dags/my_dag.py
[2024-08-05T14:41:16.945+0000] {processor.py:830} INFO - Processing file /opt/airflow/dags/my_dag.py for tasks to queue
[2024-08-05T14:41:16.947+0000] {logging_mixin.py:188} INFO - [2024-08-05T14:41:16.946+0000] {dagbag.py:545} INFO - Filling up the DagBag from /opt/airflow/dags/my_dag.py
[2024-08-05T14:41:17.508+0000] {processor.py:840} INFO - DAG(s) 'pipeline_dag' retrieved from /opt/airflow/dags/my_dag.py
[2024-08-05T14:41:17.530+0000] {logging_mixin.py:188} INFO - [2024-08-05T14:41:17.530+0000] {dag.py:3096} INFO - Sync 1 DAGs
[2024-08-05T14:41:17.550+0000] {logging_mixin.py:188} INFO - [2024-08-05T14:41:17.550+0000] {dag.py:3954} INFO - Setting next_dagrun for pipeline_dag to 2024-08-05 00:00:00+00:00, run_after=2024-08-06 00:00:00+00:00
[2024-08-05T14:41:17.570+0000] {processor.py:183} INFO - Processing /opt/airflow/dags/my_dag.py took 0.631 seconds
[2024-08-05T14:41:47.841+0000] {processor.py:161} INFO - Started process (PID=223) to work on /opt/airflow/dags/my_dag.py
[2024-08-05T14:41:47.842+0000] {processor.py:830} INFO - Processing file /opt/airflow/dags/my_dag.py for tasks to queue
[2024-08-05T14:41:47.843+0000] {logging_mixin.py:188} INFO - [2024-08-05T14:41:47.843+0000] {dagbag.py:545} INFO - Filling up the DagBag from /opt/airflow/dags/my_dag.py
[2024-08-05T14:41:48.222+0000] {processor.py:840} INFO - DAG(s) 'pipeline_dag' retrieved from /opt/airflow/dags/my_dag.py
[2024-08-05T14:41:48.240+0000] {logging_mixin.py:188} INFO - [2024-08-05T14:41:48.239+0000] {dag.py:3096} INFO - Sync 1 DAGs
[2024-08-05T14:41:48.253+0000] {logging_mixin.py:188} INFO - [2024-08-05T14:41:48.253+0000] {dag.py:3954} INFO - Setting next_dagrun for pipeline_dag to 2024-08-05 00:00:00+00:00, run_after=2024-08-06 00:00:00+00:00
[2024-08-05T14:41:48.283+0000] {processor.py:183} INFO - Processing /opt/airflow/dags/my_dag.py took 0.447 seconds
[2024-08-05T14:42:18.425+0000] {processor.py:161} INFO - Started process (PID=231) to work on /opt/airflow/dags/my_dag.py
[2024-08-05T14:42:18.426+0000] {processor.py:830} INFO - Processing file /opt/airflow/dags/my_dag.py for tasks to queue
[2024-08-05T14:42:18.428+0000] {logging_mixin.py:188} INFO - [2024-08-05T14:42:18.428+0000] {dagbag.py:545} INFO - Filling up the DagBag from /opt/airflow/dags/my_dag.py
[2024-08-05T14:42:18.802+0000] {processor.py:840} INFO - DAG(s) 'pipeline_dag' retrieved from /opt/airflow/dags/my_dag.py
[2024-08-05T14:42:18.821+0000] {logging_mixin.py:188} INFO - [2024-08-05T14:42:18.820+0000] {dag.py:3096} INFO - Sync 1 DAGs
[2024-08-05T14:42:18.834+0000] {logging_mixin.py:188} INFO - [2024-08-05T14:42:18.834+0000] {dag.py:3954} INFO - Setting next_dagrun for pipeline_dag to 2024-08-05 00:00:00+00:00, run_after=2024-08-06 00:00:00+00:00
[2024-08-05T14:42:18.854+0000] {processor.py:183} INFO - Processing /opt/airflow/dags/my_dag.py took 0.434 seconds
[2024-08-05T14:42:49.098+0000] {processor.py:161} INFO - Started process (PID=240) to work on /opt/airflow/dags/my_dag.py
[2024-08-05T14:42:49.098+0000] {processor.py:830} INFO - Processing file /opt/airflow/dags/my_dag.py for tasks to queue
[2024-08-05T14:42:49.100+0000] {logging_mixin.py:188} INFO - [2024-08-05T14:42:49.100+0000] {dagbag.py:545} INFO - Filling up the DagBag from /opt/airflow/dags/my_dag.py
[2024-08-05T14:42:49.490+0000] {processor.py:840} INFO - DAG(s) 'pipeline_dag' retrieved from /opt/airflow/dags/my_dag.py
[2024-08-05T14:42:49.511+0000] {logging_mixin.py:188} INFO - [2024-08-05T14:42:49.510+0000] {dag.py:3096} INFO - Sync 1 DAGs
[2024-08-05T14:42:49.524+0000] {logging_mixin.py:188} INFO - [2024-08-05T14:42:49.524+0000] {dag.py:3954} INFO - Setting next_dagrun for pipeline_dag to 2024-08-05 00:00:00+00:00, run_after=2024-08-06 00:00:00+00:00
[2024-08-05T14:42:49.542+0000] {processor.py:183} INFO - Processing /opt/airflow/dags/my_dag.py took 0.449 seconds
[2024-08-05T14:43:19.730+0000] {processor.py:161} INFO - Started process (PID=248) to work on /opt/airflow/dags/my_dag.py
[2024-08-05T14:43:19.731+0000] {processor.py:830} INFO - Processing file /opt/airflow/dags/my_dag.py for tasks to queue
[2024-08-05T14:43:19.733+0000] {logging_mixin.py:188} INFO - [2024-08-05T14:43:19.732+0000] {dagbag.py:545} INFO - Filling up the DagBag from /opt/airflow/dags/my_dag.py
[2024-08-05T14:43:20.355+0000] {processor.py:840} INFO - DAG(s) 'pipeline_dag' retrieved from /opt/airflow/dags/my_dag.py
[2024-08-05T14:43:20.374+0000] {logging_mixin.py:188} INFO - [2024-08-05T14:43:20.374+0000] {dag.py:3096} INFO - Sync 1 DAGs
[2024-08-05T14:43:20.388+0000] {logging_mixin.py:188} INFO - [2024-08-05T14:43:20.388+0000] {dag.py:3954} INFO - Setting next_dagrun for pipeline_dag to 2024-08-05 00:00:00+00:00, run_after=2024-08-06 00:00:00+00:00
[2024-08-05T14:43:20.407+0000] {processor.py:183} INFO - Processing /opt/airflow/dags/my_dag.py took 0.682 seconds
[2024-08-05T14:43:50.479+0000] {processor.py:161} INFO - Started process (PID=256) to work on /opt/airflow/dags/my_dag.py
[2024-08-05T14:43:50.481+0000] {processor.py:830} INFO - Processing file /opt/airflow/dags/my_dag.py for tasks to queue
[2024-08-05T14:43:50.483+0000] {logging_mixin.py:188} INFO - [2024-08-05T14:43:50.482+0000] {dagbag.py:545} INFO - Filling up the DagBag from /opt/airflow/dags/my_dag.py
[2024-08-05T14:43:50.945+0000] {processor.py:840} INFO - DAG(s) 'pipeline_dag' retrieved from /opt/airflow/dags/my_dag.py
[2024-08-05T14:43:50.963+0000] {logging_mixin.py:188} INFO - [2024-08-05T14:43:50.963+0000] {dag.py:3096} INFO - Sync 1 DAGs
[2024-08-05T14:43:50.978+0000] {logging_mixin.py:188} INFO - [2024-08-05T14:43:50.977+0000] {dag.py:3954} INFO - Setting next_dagrun for pipeline_dag to 2024-08-05 00:00:00+00:00, run_after=2024-08-06 00:00:00+00:00
[2024-08-05T14:43:50.996+0000] {processor.py:183} INFO - Processing /opt/airflow/dags/my_dag.py took 0.523 seconds
[2024-08-05T14:44:21.222+0000] {processor.py:161} INFO - Started process (PID=264) to work on /opt/airflow/dags/my_dag.py
[2024-08-05T14:44:21.223+0000] {processor.py:830} INFO - Processing file /opt/airflow/dags/my_dag.py for tasks to queue
[2024-08-05T14:44:21.225+0000] {logging_mixin.py:188} INFO - [2024-08-05T14:44:21.224+0000] {dagbag.py:545} INFO - Filling up the DagBag from /opt/airflow/dags/my_dag.py
[2024-08-05T14:44:21.638+0000] {processor.py:840} INFO - DAG(s) 'pipeline_dag' retrieved from /opt/airflow/dags/my_dag.py
[2024-08-05T14:44:21.668+0000] {logging_mixin.py:188} INFO - [2024-08-05T14:44:21.668+0000] {dag.py:3096} INFO - Sync 1 DAGs
[2024-08-05T14:44:21.689+0000] {logging_mixin.py:188} INFO - [2024-08-05T14:44:21.689+0000] {dag.py:3954} INFO - Setting next_dagrun for pipeline_dag to 2024-08-05 00:00:00+00:00, run_after=2024-08-06 00:00:00+00:00
[2024-08-05T14:44:21.715+0000] {processor.py:183} INFO - Processing /opt/airflow/dags/my_dag.py took 0.498 seconds
[2024-08-05T14:44:51.961+0000] {processor.py:161} INFO - Started process (PID=272) to work on /opt/airflow/dags/my_dag.py
[2024-08-05T14:44:51.962+0000] {processor.py:830} INFO - Processing file /opt/airflow/dags/my_dag.py for tasks to queue
[2024-08-05T14:44:51.965+0000] {logging_mixin.py:188} INFO - [2024-08-05T14:44:51.964+0000] {dagbag.py:545} INFO - Filling up the DagBag from /opt/airflow/dags/my_dag.py
[2024-08-05T14:44:52.386+0000] {processor.py:840} INFO - DAG(s) 'pipeline_dag' retrieved from /opt/airflow/dags/my_dag.py
[2024-08-05T14:44:52.405+0000] {logging_mixin.py:188} INFO - [2024-08-05T14:44:52.405+0000] {dag.py:3096} INFO - Sync 1 DAGs
[2024-08-05T14:44:52.418+0000] {logging_mixin.py:188} INFO - [2024-08-05T14:44:52.418+0000] {dag.py:3954} INFO - Setting next_dagrun for pipeline_dag to 2024-08-05 00:00:00+00:00, run_after=2024-08-06 00:00:00+00:00
[2024-08-05T14:44:52.450+0000] {processor.py:183} INFO - Processing /opt/airflow/dags/my_dag.py took 0.495 seconds
[2024-08-05T14:45:22.639+0000] {processor.py:161} INFO - Started process (PID=280) to work on /opt/airflow/dags/my_dag.py
[2024-08-05T14:45:22.640+0000] {processor.py:830} INFO - Processing file /opt/airflow/dags/my_dag.py for tasks to queue
[2024-08-05T14:45:22.642+0000] {logging_mixin.py:188} INFO - [2024-08-05T14:45:22.642+0000] {dagbag.py:545} INFO - Filling up the DagBag from /opt/airflow/dags/my_dag.py
[2024-08-05T14:45:23.040+0000] {processor.py:840} INFO - DAG(s) 'pipeline_dag' retrieved from /opt/airflow/dags/my_dag.py
[2024-08-05T14:45:23.061+0000] {logging_mixin.py:188} INFO - [2024-08-05T14:45:23.060+0000] {dag.py:3096} INFO - Sync 1 DAGs
[2024-08-05T14:45:23.077+0000] {logging_mixin.py:188} INFO - [2024-08-05T14:45:23.077+0000] {dag.py:3954} INFO - Setting next_dagrun for pipeline_dag to 2024-08-05 00:00:00+00:00, run_after=2024-08-06 00:00:00+00:00
[2024-08-05T14:45:23.095+0000] {processor.py:183} INFO - Processing /opt/airflow/dags/my_dag.py took 0.461 seconds
[2024-08-05T14:45:53.709+0000] {processor.py:161} INFO - Started process (PID=288) to work on /opt/airflow/dags/my_dag.py
[2024-08-05T14:45:53.710+0000] {processor.py:830} INFO - Processing file /opt/airflow/dags/my_dag.py for tasks to queue
[2024-08-05T14:45:53.712+0000] {logging_mixin.py:188} INFO - [2024-08-05T14:45:53.712+0000] {dagbag.py:545} INFO - Filling up the DagBag from /opt/airflow/dags/my_dag.py
[2024-08-05T14:45:54.081+0000] {processor.py:840} INFO - DAG(s) 'pipeline_dag' retrieved from /opt/airflow/dags/my_dag.py
[2024-08-05T14:45:54.099+0000] {logging_mixin.py:188} INFO - [2024-08-05T14:45:54.098+0000] {dag.py:3096} INFO - Sync 1 DAGs
[2024-08-05T14:45:54.113+0000] {logging_mixin.py:188} INFO - [2024-08-05T14:45:54.112+0000] {dag.py:3954} INFO - Setting next_dagrun for pipeline_dag to 2024-08-05 00:00:00+00:00, run_after=2024-08-06 00:00:00+00:00
[2024-08-05T14:45:54.143+0000] {processor.py:183} INFO - Processing /opt/airflow/dags/my_dag.py took 0.438 seconds
[2024-08-05T14:46:24.426+0000] {processor.py:161} INFO - Started process (PID=296) to work on /opt/airflow/dags/my_dag.py
[2024-08-05T14:46:24.428+0000] {processor.py:830} INFO - Processing file /opt/airflow/dags/my_dag.py for tasks to queue
[2024-08-05T14:46:24.429+0000] {logging_mixin.py:188} INFO - [2024-08-05T14:46:24.429+0000] {dagbag.py:545} INFO - Filling up the DagBag from /opt/airflow/dags/my_dag.py
[2024-08-05T14:46:24.860+0000] {processor.py:840} INFO - DAG(s) 'pipeline_dag' retrieved from /opt/airflow/dags/my_dag.py
[2024-08-05T14:46:24.878+0000] {logging_mixin.py:188} INFO - [2024-08-05T14:46:24.878+0000] {dag.py:3096} INFO - Sync 1 DAGs
[2024-08-05T14:46:24.892+0000] {logging_mixin.py:188} INFO - [2024-08-05T14:46:24.892+0000] {dag.py:3954} INFO - Setting next_dagrun for pipeline_dag to 2024-08-05 00:00:00+00:00, run_after=2024-08-06 00:00:00+00:00
[2024-08-05T14:46:24.923+0000] {processor.py:183} INFO - Processing /opt/airflow/dags/my_dag.py took 0.502 seconds
[2024-08-05T14:46:55.223+0000] {processor.py:161} INFO - Started process (PID=304) to work on /opt/airflow/dags/my_dag.py
[2024-08-05T14:46:55.224+0000] {processor.py:830} INFO - Processing file /opt/airflow/dags/my_dag.py for tasks to queue
[2024-08-05T14:46:55.226+0000] {logging_mixin.py:188} INFO - [2024-08-05T14:46:55.225+0000] {dagbag.py:545} INFO - Filling up the DagBag from /opt/airflow/dags/my_dag.py
[2024-08-05T14:46:55.629+0000] {processor.py:840} INFO - DAG(s) 'pipeline_dag' retrieved from /opt/airflow/dags/my_dag.py
[2024-08-05T14:46:55.648+0000] {logging_mixin.py:188} INFO - [2024-08-05T14:46:55.648+0000] {dag.py:3096} INFO - Sync 1 DAGs
[2024-08-05T14:46:55.661+0000] {logging_mixin.py:188} INFO - [2024-08-05T14:46:55.660+0000] {dag.py:3954} INFO - Setting next_dagrun for pipeline_dag to 2024-08-05 00:00:00+00:00, run_after=2024-08-06 00:00:00+00:00
[2024-08-05T14:46:55.684+0000] {processor.py:183} INFO - Processing /opt/airflow/dags/my_dag.py took 0.467 seconds
[2024-08-05T14:47:25.943+0000] {processor.py:161} INFO - Started process (PID=312) to work on /opt/airflow/dags/my_dag.py
[2024-08-05T14:47:25.944+0000] {processor.py:830} INFO - Processing file /opt/airflow/dags/my_dag.py for tasks to queue
[2024-08-05T14:47:25.945+0000] {logging_mixin.py:188} INFO - [2024-08-05T14:47:25.945+0000] {dagbag.py:545} INFO - Filling up the DagBag from /opt/airflow/dags/my_dag.py
[2024-08-05T14:47:26.316+0000] {processor.py:840} INFO - DAG(s) 'pipeline_dag' retrieved from /opt/airflow/dags/my_dag.py
[2024-08-05T14:47:26.334+0000] {logging_mixin.py:188} INFO - [2024-08-05T14:47:26.334+0000] {dag.py:3096} INFO - Sync 1 DAGs
[2024-08-05T14:47:26.347+0000] {logging_mixin.py:188} INFO - [2024-08-05T14:47:26.347+0000] {dag.py:3954} INFO - Setting next_dagrun for pipeline_dag to 2024-08-05 00:00:00+00:00, run_after=2024-08-06 00:00:00+00:00
[2024-08-05T14:47:26.365+0000] {processor.py:183} INFO - Processing /opt/airflow/dags/my_dag.py took 0.427 seconds
[2024-08-05T14:47:56.622+0000] {processor.py:161} INFO - Started process (PID=320) to work on /opt/airflow/dags/my_dag.py
[2024-08-05T14:47:56.623+0000] {processor.py:830} INFO - Processing file /opt/airflow/dags/my_dag.py for tasks to queue
[2024-08-05T14:47:56.624+0000] {logging_mixin.py:188} INFO - [2024-08-05T14:47:56.624+0000] {dagbag.py:545} INFO - Filling up the DagBag from /opt/airflow/dags/my_dag.py
[2024-08-05T14:47:57.003+0000] {processor.py:840} INFO - DAG(s) 'pipeline_dag' retrieved from /opt/airflow/dags/my_dag.py
[2024-08-05T14:47:57.023+0000] {logging_mixin.py:188} INFO - [2024-08-05T14:47:57.022+0000] {dag.py:3096} INFO - Sync 1 DAGs
[2024-08-05T14:47:57.037+0000] {logging_mixin.py:188} INFO - [2024-08-05T14:47:57.037+0000] {dag.py:3954} INFO - Setting next_dagrun for pipeline_dag to 2024-08-05 00:00:00+00:00, run_after=2024-08-06 00:00:00+00:00
[2024-08-05T14:47:57.059+0000] {processor.py:183} INFO - Processing /opt/airflow/dags/my_dag.py took 0.442 seconds
[2024-08-05T14:48:27.353+0000] {processor.py:161} INFO - Started process (PID=328) to work on /opt/airflow/dags/my_dag.py
[2024-08-05T14:48:27.354+0000] {processor.py:830} INFO - Processing file /opt/airflow/dags/my_dag.py for tasks to queue
[2024-08-05T14:48:27.355+0000] {logging_mixin.py:188} INFO - [2024-08-05T14:48:27.355+0000] {dagbag.py:545} INFO - Filling up the DagBag from /opt/airflow/dags/my_dag.py
[2024-08-05T14:48:27.754+0000] {processor.py:840} INFO - DAG(s) 'pipeline_dag' retrieved from /opt/airflow/dags/my_dag.py
[2024-08-05T14:48:27.772+0000] {logging_mixin.py:188} INFO - [2024-08-05T14:48:27.771+0000] {dag.py:3096} INFO - Sync 1 DAGs
[2024-08-05T14:48:27.785+0000] {logging_mixin.py:188} INFO - [2024-08-05T14:48:27.785+0000] {dag.py:3954} INFO - Setting next_dagrun for pipeline_dag to 2024-08-05 00:00:00+00:00, run_after=2024-08-06 00:00:00+00:00
[2024-08-05T14:48:27.804+0000] {processor.py:183} INFO - Processing /opt/airflow/dags/my_dag.py took 0.458 seconds
[2024-08-05T14:48:58.072+0000] {processor.py:161} INFO - Started process (PID=336) to work on /opt/airflow/dags/my_dag.py
[2024-08-05T14:48:58.073+0000] {processor.py:830} INFO - Processing file /opt/airflow/dags/my_dag.py for tasks to queue
[2024-08-05T14:48:58.075+0000] {logging_mixin.py:188} INFO - [2024-08-05T14:48:58.075+0000] {dagbag.py:545} INFO - Filling up the DagBag from /opt/airflow/dags/my_dag.py
[2024-08-05T14:48:58.483+0000] {processor.py:840} INFO - DAG(s) 'pipeline_dag' retrieved from /opt/airflow/dags/my_dag.py
[2024-08-05T14:48:58.505+0000] {logging_mixin.py:188} INFO - [2024-08-05T14:48:58.505+0000] {dag.py:3096} INFO - Sync 1 DAGs
[2024-08-05T14:48:58.519+0000] {logging_mixin.py:188} INFO - [2024-08-05T14:48:58.519+0000] {dag.py:3954} INFO - Setting next_dagrun for pipeline_dag to 2024-08-05 00:00:00+00:00, run_after=2024-08-06 00:00:00+00:00
[2024-08-05T14:48:58.545+0000] {processor.py:183} INFO - Processing /opt/airflow/dags/my_dag.py took 0.478 seconds
[2024-08-05T14:49:28.816+0000] {processor.py:161} INFO - Started process (PID=350) to work on /opt/airflow/dags/my_dag.py
[2024-08-05T14:49:28.817+0000] {processor.py:830} INFO - Processing file /opt/airflow/dags/my_dag.py for tasks to queue
[2024-08-05T14:49:28.819+0000] {logging_mixin.py:188} INFO - [2024-08-05T14:49:28.818+0000] {dagbag.py:545} INFO - Filling up the DagBag from /opt/airflow/dags/my_dag.py
[2024-08-05T14:49:29.225+0000] {processor.py:840} INFO - DAG(s) 'pipeline_dag' retrieved from /opt/airflow/dags/my_dag.py
[2024-08-05T14:49:29.242+0000] {logging_mixin.py:188} INFO - [2024-08-05T14:49:29.242+0000] {dag.py:3096} INFO - Sync 1 DAGs
[2024-08-05T14:49:29.255+0000] {logging_mixin.py:188} INFO - [2024-08-05T14:49:29.255+0000] {dag.py:3954} INFO - Setting next_dagrun for pipeline_dag to 2024-08-05 00:00:00+00:00, run_after=2024-08-06 00:00:00+00:00
[2024-08-05T14:49:29.286+0000] {processor.py:183} INFO - Processing /opt/airflow/dags/my_dag.py took 0.475 seconds
[2024-08-05T14:49:59.553+0000] {processor.py:161} INFO - Started process (PID=358) to work on /opt/airflow/dags/my_dag.py
[2024-08-05T14:49:59.554+0000] {processor.py:830} INFO - Processing file /opt/airflow/dags/my_dag.py for tasks to queue
[2024-08-05T14:49:59.556+0000] {logging_mixin.py:188} INFO - [2024-08-05T14:49:59.556+0000] {dagbag.py:545} INFO - Filling up the DagBag from /opt/airflow/dags/my_dag.py
[2024-08-05T14:49:59.949+0000] {processor.py:840} INFO - DAG(s) 'pipeline_dag' retrieved from /opt/airflow/dags/my_dag.py
[2024-08-05T14:49:59.966+0000] {logging_mixin.py:188} INFO - [2024-08-05T14:49:59.966+0000] {dag.py:3096} INFO - Sync 1 DAGs
[2024-08-05T14:49:59.979+0000] {logging_mixin.py:188} INFO - [2024-08-05T14:49:59.978+0000] {dag.py:3954} INFO - Setting next_dagrun for pipeline_dag to 2024-08-05 00:00:00+00:00, run_after=2024-08-06 00:00:00+00:00
[2024-08-05T14:49:59.996+0000] {processor.py:183} INFO - Processing /opt/airflow/dags/my_dag.py took 0.449 seconds
[2024-08-05T14:50:30.414+0000] {processor.py:161} INFO - Started process (PID=366) to work on /opt/airflow/dags/my_dag.py
[2024-08-05T14:50:30.415+0000] {processor.py:830} INFO - Processing file /opt/airflow/dags/my_dag.py for tasks to queue
[2024-08-05T14:50:30.417+0000] {logging_mixin.py:188} INFO - [2024-08-05T14:50:30.416+0000] {dagbag.py:545} INFO - Filling up the DagBag from /opt/airflow/dags/my_dag.py
[2024-08-05T14:50:30.796+0000] {processor.py:840} INFO - DAG(s) 'pipeline_dag' retrieved from /opt/airflow/dags/my_dag.py
[2024-08-05T14:50:30.817+0000] {logging_mixin.py:188} INFO - [2024-08-05T14:50:30.817+0000] {dag.py:3096} INFO - Sync 1 DAGs
[2024-08-05T14:50:30.833+0000] {logging_mixin.py:188} INFO - [2024-08-05T14:50:30.832+0000] {dag.py:3954} INFO - Setting next_dagrun for pipeline_dag to 2024-08-05 00:00:00+00:00, run_after=2024-08-06 00:00:00+00:00
[2024-08-05T14:50:30.862+0000] {processor.py:183} INFO - Processing /opt/airflow/dags/my_dag.py took 0.453 seconds
[2024-08-05T14:51:01.061+0000] {processor.py:161} INFO - Started process (PID=374) to work on /opt/airflow/dags/my_dag.py
[2024-08-05T14:51:01.063+0000] {processor.py:830} INFO - Processing file /opt/airflow/dags/my_dag.py for tasks to queue
[2024-08-05T14:51:01.066+0000] {logging_mixin.py:188} INFO - [2024-08-05T14:51:01.066+0000] {dagbag.py:545} INFO - Filling up the DagBag from /opt/airflow/dags/my_dag.py
[2024-08-05T14:51:01.485+0000] {processor.py:840} INFO - DAG(s) 'pipeline_dag' retrieved from /opt/airflow/dags/my_dag.py
[2024-08-05T14:51:01.504+0000] {logging_mixin.py:188} INFO - [2024-08-05T14:51:01.504+0000] {dag.py:3096} INFO - Sync 1 DAGs
[2024-08-05T14:51:01.517+0000] {logging_mixin.py:188} INFO - [2024-08-05T14:51:01.517+0000] {dag.py:3954} INFO - Setting next_dagrun for pipeline_dag to 2024-08-05 00:00:00+00:00, run_after=2024-08-06 00:00:00+00:00
[2024-08-05T14:51:01.536+0000] {processor.py:183} INFO - Processing /opt/airflow/dags/my_dag.py took 0.484 seconds
[2024-08-05T14:51:31.824+0000] {processor.py:161} INFO - Started process (PID=382) to work on /opt/airflow/dags/my_dag.py
[2024-08-05T14:51:31.825+0000] {processor.py:830} INFO - Processing file /opt/airflow/dags/my_dag.py for tasks to queue
[2024-08-05T14:51:31.827+0000] {logging_mixin.py:188} INFO - [2024-08-05T14:51:31.827+0000] {dagbag.py:545} INFO - Filling up the DagBag from /opt/airflow/dags/my_dag.py
[2024-08-05T14:51:32.324+0000] {processor.py:840} INFO - DAG(s) 'pipeline_dag' retrieved from /opt/airflow/dags/my_dag.py
[2024-08-05T14:51:32.342+0000] {logging_mixin.py:188} INFO - [2024-08-05T14:51:32.341+0000] {dag.py:3096} INFO - Sync 1 DAGs
[2024-08-05T14:51:32.356+0000] {logging_mixin.py:188} INFO - [2024-08-05T14:51:32.356+0000] {dag.py:3954} INFO - Setting next_dagrun for pipeline_dag to 2024-08-05 00:00:00+00:00, run_after=2024-08-06 00:00:00+00:00
[2024-08-05T14:51:32.376+0000] {processor.py:183} INFO - Processing /opt/airflow/dags/my_dag.py took 0.557 seconds
[2024-08-05T14:52:02.655+0000] {processor.py:161} INFO - Started process (PID=390) to work on /opt/airflow/dags/my_dag.py
[2024-08-05T14:52:02.656+0000] {processor.py:830} INFO - Processing file /opt/airflow/dags/my_dag.py for tasks to queue
[2024-08-05T14:52:02.657+0000] {logging_mixin.py:188} INFO - [2024-08-05T14:52:02.657+0000] {dagbag.py:545} INFO - Filling up the DagBag from /opt/airflow/dags/my_dag.py
[2024-08-05T14:52:03.043+0000] {processor.py:840} INFO - DAG(s) 'pipeline_dag' retrieved from /opt/airflow/dags/my_dag.py
[2024-08-05T14:52:03.061+0000] {logging_mixin.py:188} INFO - [2024-08-05T14:52:03.061+0000] {dag.py:3096} INFO - Sync 1 DAGs
[2024-08-05T14:52:03.075+0000] {logging_mixin.py:188} INFO - [2024-08-05T14:52:03.074+0000] {dag.py:3954} INFO - Setting next_dagrun for pipeline_dag to 2024-08-05 00:00:00+00:00, run_after=2024-08-06 00:00:00+00:00
[2024-08-05T14:52:03.105+0000] {processor.py:183} INFO - Processing /opt/airflow/dags/my_dag.py took 0.454 seconds
[2024-08-05T14:52:33.371+0000] {processor.py:161} INFO - Started process (PID=398) to work on /opt/airflow/dags/my_dag.py
[2024-08-05T14:52:33.373+0000] {processor.py:830} INFO - Processing file /opt/airflow/dags/my_dag.py for tasks to queue
[2024-08-05T14:52:33.375+0000] {logging_mixin.py:188} INFO - [2024-08-05T14:52:33.374+0000] {dagbag.py:545} INFO - Filling up the DagBag from /opt/airflow/dags/my_dag.py
[2024-08-05T14:52:33.879+0000] {processor.py:840} INFO - DAG(s) 'pipeline_dag' retrieved from /opt/airflow/dags/my_dag.py
[2024-08-05T14:52:33.900+0000] {logging_mixin.py:188} INFO - [2024-08-05T14:52:33.900+0000] {dag.py:3096} INFO - Sync 1 DAGs
[2024-08-05T14:52:33.920+0000] {logging_mixin.py:188} INFO - [2024-08-05T14:52:33.920+0000] {dag.py:3954} INFO - Setting next_dagrun for pipeline_dag to 2024-08-05 00:00:00+00:00, run_after=2024-08-06 00:00:00+00:00
[2024-08-05T14:52:33.952+0000] {processor.py:183} INFO - Processing /opt/airflow/dags/my_dag.py took 0.588 seconds
[2024-08-05T14:53:04.202+0000] {processor.py:161} INFO - Started process (PID=406) to work on /opt/airflow/dags/my_dag.py
[2024-08-05T14:53:04.203+0000] {processor.py:830} INFO - Processing file /opt/airflow/dags/my_dag.py for tasks to queue
[2024-08-05T14:53:04.206+0000] {logging_mixin.py:188} INFO - [2024-08-05T14:53:04.205+0000] {dagbag.py:545} INFO - Filling up the DagBag from /opt/airflow/dags/my_dag.py
[2024-08-05T14:53:04.720+0000] {processor.py:840} INFO - DAG(s) 'pipeline_dag' retrieved from /opt/airflow/dags/my_dag.py
[2024-08-05T14:53:04.744+0000] {logging_mixin.py:188} INFO - [2024-08-05T14:53:04.744+0000] {dag.py:3096} INFO - Sync 1 DAGs
[2024-08-05T14:53:04.760+0000] {logging_mixin.py:188} INFO - [2024-08-05T14:53:04.760+0000] {dag.py:3954} INFO - Setting next_dagrun for pipeline_dag to 2024-08-05 00:00:00+00:00, run_after=2024-08-06 00:00:00+00:00
[2024-08-05T14:53:04.777+0000] {processor.py:183} INFO - Processing /opt/airflow/dags/my_dag.py took 0.582 seconds
[2024-08-05T14:53:35.087+0000] {processor.py:161} INFO - Started process (PID=414) to work on /opt/airflow/dags/my_dag.py
[2024-08-05T14:53:35.088+0000] {processor.py:830} INFO - Processing file /opt/airflow/dags/my_dag.py for tasks to queue
[2024-08-05T14:53:35.090+0000] {logging_mixin.py:188} INFO - [2024-08-05T14:53:35.090+0000] {dagbag.py:545} INFO - Filling up the DagBag from /opt/airflow/dags/my_dag.py
[2024-08-05T14:53:35.492+0000] {processor.py:840} INFO - DAG(s) 'pipeline_dag' retrieved from /opt/airflow/dags/my_dag.py
[2024-08-05T14:53:35.511+0000] {logging_mixin.py:188} INFO - [2024-08-05T14:53:35.511+0000] {dag.py:3096} INFO - Sync 1 DAGs
[2024-08-05T14:53:35.526+0000] {logging_mixin.py:188} INFO - [2024-08-05T14:53:35.526+0000] {dag.py:3954} INFO - Setting next_dagrun for pipeline_dag to 2024-08-05 00:00:00+00:00, run_after=2024-08-06 00:00:00+00:00
[2024-08-05T14:53:35.554+0000] {processor.py:183} INFO - Processing /opt/airflow/dags/my_dag.py took 0.472 seconds
[2024-08-05T14:54:05.754+0000] {processor.py:161} INFO - Started process (PID=422) to work on /opt/airflow/dags/my_dag.py
[2024-08-05T14:54:05.755+0000] {processor.py:830} INFO - Processing file /opt/airflow/dags/my_dag.py for tasks to queue
[2024-08-05T14:54:05.756+0000] {logging_mixin.py:188} INFO - [2024-08-05T14:54:05.756+0000] {dagbag.py:545} INFO - Filling up the DagBag from /opt/airflow/dags/my_dag.py
[2024-08-05T14:54:06.117+0000] {processor.py:840} INFO - DAG(s) 'pipeline_dag' retrieved from /opt/airflow/dags/my_dag.py
[2024-08-05T14:54:06.135+0000] {logging_mixin.py:188} INFO - [2024-08-05T14:54:06.134+0000] {dag.py:3096} INFO - Sync 1 DAGs
[2024-08-05T14:54:06.148+0000] {logging_mixin.py:188} INFO - [2024-08-05T14:54:06.148+0000] {dag.py:3954} INFO - Setting next_dagrun for pipeline_dag to 2024-08-05 00:00:00+00:00, run_after=2024-08-06 00:00:00+00:00
[2024-08-05T14:54:06.178+0000] {processor.py:183} INFO - Processing /opt/airflow/dags/my_dag.py took 0.429 seconds
[2024-08-05T14:54:36.474+0000] {processor.py:161} INFO - Started process (PID=430) to work on /opt/airflow/dags/my_dag.py
[2024-08-05T14:54:36.476+0000] {processor.py:830} INFO - Processing file /opt/airflow/dags/my_dag.py for tasks to queue
[2024-08-05T14:54:36.478+0000] {logging_mixin.py:188} INFO - [2024-08-05T14:54:36.478+0000] {dagbag.py:545} INFO - Filling up the DagBag from /opt/airflow/dags/my_dag.py
[2024-08-05T14:54:36.896+0000] {processor.py:840} INFO - DAG(s) 'pipeline_dag' retrieved from /opt/airflow/dags/my_dag.py
[2024-08-05T14:54:36.914+0000] {logging_mixin.py:188} INFO - [2024-08-05T14:54:36.914+0000] {dag.py:3096} INFO - Sync 1 DAGs
[2024-08-05T14:54:36.928+0000] {logging_mixin.py:188} INFO - [2024-08-05T14:54:36.928+0000] {dag.py:3954} INFO - Setting next_dagrun for pipeline_dag to 2024-08-05 00:00:00+00:00, run_after=2024-08-06 00:00:00+00:00
[2024-08-05T14:54:36.948+0000] {processor.py:183} INFO - Processing /opt/airflow/dags/my_dag.py took 0.480 seconds
[2024-08-05T14:55:07.222+0000] {processor.py:161} INFO - Started process (PID=438) to work on /opt/airflow/dags/my_dag.py
[2024-08-05T14:55:07.223+0000] {processor.py:830} INFO - Processing file /opt/airflow/dags/my_dag.py for tasks to queue
[2024-08-05T14:55:07.225+0000] {logging_mixin.py:188} INFO - [2024-08-05T14:55:07.224+0000] {dagbag.py:545} INFO - Filling up the DagBag from /opt/airflow/dags/my_dag.py
[2024-08-05T14:55:07.612+0000] {processor.py:840} INFO - DAG(s) 'pipeline_dag' retrieved from /opt/airflow/dags/my_dag.py
[2024-08-05T14:55:07.629+0000] {logging_mixin.py:188} INFO - [2024-08-05T14:55:07.628+0000] {dag.py:3096} INFO - Sync 1 DAGs
[2024-08-05T14:55:07.643+0000] {logging_mixin.py:188} INFO - [2024-08-05T14:55:07.643+0000] {dag.py:3954} INFO - Setting next_dagrun for pipeline_dag to 2024-08-05 00:00:00+00:00, run_after=2024-08-06 00:00:00+00:00
[2024-08-05T14:55:07.663+0000] {processor.py:183} INFO - Processing /opt/airflow/dags/my_dag.py took 0.446 seconds
[2024-08-05T14:55:37.937+0000] {processor.py:161} INFO - Started process (PID=446) to work on /opt/airflow/dags/my_dag.py
[2024-08-05T14:55:37.938+0000] {processor.py:830} INFO - Processing file /opt/airflow/dags/my_dag.py for tasks to queue
[2024-08-05T14:55:37.939+0000] {logging_mixin.py:188} INFO - [2024-08-05T14:55:37.939+0000] {dagbag.py:545} INFO - Filling up the DagBag from /opt/airflow/dags/my_dag.py
[2024-08-05T14:55:38.318+0000] {processor.py:840} INFO - DAG(s) 'pipeline_dag' retrieved from /opt/airflow/dags/my_dag.py
[2024-08-05T14:55:38.340+0000] {logging_mixin.py:188} INFO - [2024-08-05T14:55:38.339+0000] {dag.py:3096} INFO - Sync 1 DAGs
[2024-08-05T14:55:38.355+0000] {logging_mixin.py:188} INFO - [2024-08-05T14:55:38.355+0000] {dag.py:3954} INFO - Setting next_dagrun for pipeline_dag to 2024-08-05 00:00:00+00:00, run_after=2024-08-06 00:00:00+00:00
[2024-08-05T14:55:38.388+0000] {processor.py:183} INFO - Processing /opt/airflow/dags/my_dag.py took 0.456 seconds
[2024-08-05T14:56:08.690+0000] {processor.py:161} INFO - Started process (PID=454) to work on /opt/airflow/dags/my_dag.py
[2024-08-05T14:56:08.692+0000] {processor.py:830} INFO - Processing file /opt/airflow/dags/my_dag.py for tasks to queue
[2024-08-05T14:56:08.695+0000] {logging_mixin.py:188} INFO - [2024-08-05T14:56:08.694+0000] {dagbag.py:545} INFO - Filling up the DagBag from /opt/airflow/dags/my_dag.py
[2024-08-05T14:56:09.123+0000] {processor.py:840} INFO - DAG(s) 'pipeline_dag' retrieved from /opt/airflow/dags/my_dag.py
[2024-08-05T14:56:09.141+0000] {logging_mixin.py:188} INFO - [2024-08-05T14:56:09.141+0000] {dag.py:3096} INFO - Sync 1 DAGs
[2024-08-05T14:56:09.154+0000] {logging_mixin.py:188} INFO - [2024-08-05T14:56:09.154+0000] {dag.py:3954} INFO - Setting next_dagrun for pipeline_dag to 2024-08-05 00:00:00+00:00, run_after=2024-08-06 00:00:00+00:00
[2024-08-05T14:56:09.189+0000] {processor.py:183} INFO - Processing /opt/airflow/dags/my_dag.py took 0.505 seconds
[2024-08-05T14:56:39.425+0000] {processor.py:161} INFO - Started process (PID=462) to work on /opt/airflow/dags/my_dag.py
[2024-08-05T14:56:39.426+0000] {processor.py:830} INFO - Processing file /opt/airflow/dags/my_dag.py for tasks to queue
[2024-08-05T14:56:39.428+0000] {logging_mixin.py:188} INFO - [2024-08-05T14:56:39.428+0000] {dagbag.py:545} INFO - Filling up the DagBag from /opt/airflow/dags/my_dag.py
[2024-08-05T14:56:39.814+0000] {processor.py:840} INFO - DAG(s) 'pipeline_dag' retrieved from /opt/airflow/dags/my_dag.py
[2024-08-05T14:56:39.832+0000] {logging_mixin.py:188} INFO - [2024-08-05T14:56:39.832+0000] {dag.py:3096} INFO - Sync 1 DAGs
[2024-08-05T14:56:39.846+0000] {logging_mixin.py:188} INFO - [2024-08-05T14:56:39.846+0000] {dag.py:3954} INFO - Setting next_dagrun for pipeline_dag to 2024-08-05 00:00:00+00:00, run_after=2024-08-06 00:00:00+00:00
[2024-08-05T14:56:39.879+0000] {processor.py:183} INFO - Processing /opt/airflow/dags/my_dag.py took 0.459 seconds
[2024-08-05T14:57:10.162+0000] {processor.py:161} INFO - Started process (PID=470) to work on /opt/airflow/dags/my_dag.py
[2024-08-05T14:57:10.163+0000] {processor.py:830} INFO - Processing file /opt/airflow/dags/my_dag.py for tasks to queue
[2024-08-05T14:57:10.165+0000] {logging_mixin.py:188} INFO - [2024-08-05T14:57:10.165+0000] {dagbag.py:545} INFO - Filling up the DagBag from /opt/airflow/dags/my_dag.py
[2024-08-05T14:57:10.551+0000] {processor.py:840} INFO - DAG(s) 'pipeline_dag' retrieved from /opt/airflow/dags/my_dag.py
[2024-08-05T14:57:10.569+0000] {logging_mixin.py:188} INFO - [2024-08-05T14:57:10.569+0000] {dag.py:3096} INFO - Sync 1 DAGs
[2024-08-05T14:57:10.583+0000] {logging_mixin.py:188} INFO - [2024-08-05T14:57:10.583+0000] {dag.py:3954} INFO - Setting next_dagrun for pipeline_dag to 2024-08-05 00:00:00+00:00, run_after=2024-08-06 00:00:00+00:00
[2024-08-05T14:57:10.601+0000] {processor.py:183} INFO - Processing /opt/airflow/dags/my_dag.py took 0.444 seconds
[2024-08-05T14:57:40.855+0000] {processor.py:161} INFO - Started process (PID=478) to work on /opt/airflow/dags/my_dag.py
[2024-08-05T14:57:40.856+0000] {processor.py:830} INFO - Processing file /opt/airflow/dags/my_dag.py for tasks to queue
[2024-08-05T14:57:40.858+0000] {logging_mixin.py:188} INFO - [2024-08-05T14:57:40.858+0000] {dagbag.py:545} INFO - Filling up the DagBag from /opt/airflow/dags/my_dag.py
[2024-08-05T14:57:41.412+0000] {processor.py:840} INFO - DAG(s) 'pipeline_dag' retrieved from /opt/airflow/dags/my_dag.py
[2024-08-05T14:57:41.433+0000] {logging_mixin.py:188} INFO - [2024-08-05T14:57:41.432+0000] {dag.py:3096} INFO - Sync 1 DAGs
[2024-08-05T14:57:41.446+0000] {logging_mixin.py:188} INFO - [2024-08-05T14:57:41.446+0000] {dag.py:3954} INFO - Setting next_dagrun for pipeline_dag to 2024-08-05 00:00:00+00:00, run_after=2024-08-06 00:00:00+00:00
[2024-08-05T14:57:41.477+0000] {processor.py:183} INFO - Processing /opt/airflow/dags/my_dag.py took 0.628 seconds
[2024-08-05T14:58:11.688+0000] {processor.py:161} INFO - Started process (PID=486) to work on /opt/airflow/dags/my_dag.py
[2024-08-05T14:58:11.688+0000] {processor.py:830} INFO - Processing file /opt/airflow/dags/my_dag.py for tasks to queue
[2024-08-05T14:58:11.690+0000] {logging_mixin.py:188} INFO - [2024-08-05T14:58:11.690+0000] {dagbag.py:545} INFO - Filling up the DagBag from /opt/airflow/dags/my_dag.py
[2024-08-05T14:58:12.075+0000] {processor.py:840} INFO - DAG(s) 'pipeline_dag' retrieved from /opt/airflow/dags/my_dag.py
[2024-08-05T14:58:12.096+0000] {logging_mixin.py:188} INFO - [2024-08-05T14:58:12.095+0000] {dag.py:3096} INFO - Sync 1 DAGs
[2024-08-05T14:58:12.113+0000] {logging_mixin.py:188} INFO - [2024-08-05T14:58:12.112+0000] {dag.py:3954} INFO - Setting next_dagrun for pipeline_dag to 2024-08-05 00:00:00+00:00, run_after=2024-08-06 00:00:00+00:00
[2024-08-05T14:58:12.142+0000] {processor.py:183} INFO - Processing /opt/airflow/dags/my_dag.py took 0.460 seconds
[2024-08-05T14:58:42.423+0000] {processor.py:161} INFO - Started process (PID=494) to work on /opt/airflow/dags/my_dag.py
[2024-08-05T14:58:42.424+0000] {processor.py:830} INFO - Processing file /opt/airflow/dags/my_dag.py for tasks to queue
[2024-08-05T14:58:42.426+0000] {logging_mixin.py:188} INFO - [2024-08-05T14:58:42.425+0000] {dagbag.py:545} INFO - Filling up the DagBag from /opt/airflow/dags/my_dag.py
[2024-08-05T14:58:42.818+0000] {processor.py:840} INFO - DAG(s) 'pipeline_dag' retrieved from /opt/airflow/dags/my_dag.py
[2024-08-05T14:58:42.837+0000] {logging_mixin.py:188} INFO - [2024-08-05T14:58:42.836+0000] {dag.py:3096} INFO - Sync 1 DAGs
[2024-08-05T14:58:42.850+0000] {logging_mixin.py:188} INFO - [2024-08-05T14:58:42.850+0000] {dag.py:3954} INFO - Setting next_dagrun for pipeline_dag to 2024-08-05 00:00:00+00:00, run_after=2024-08-06 00:00:00+00:00
[2024-08-05T14:58:42.870+0000] {processor.py:183} INFO - Processing /opt/airflow/dags/my_dag.py took 0.454 seconds
[2024-08-05T14:59:13.157+0000] {processor.py:161} INFO - Started process (PID=503) to work on /opt/airflow/dags/my_dag.py
[2024-08-05T14:59:13.158+0000] {processor.py:830} INFO - Processing file /opt/airflow/dags/my_dag.py for tasks to queue
[2024-08-05T14:59:13.159+0000] {logging_mixin.py:188} INFO - [2024-08-05T14:59:13.159+0000] {dagbag.py:545} INFO - Filling up the DagBag from /opt/airflow/dags/my_dag.py
[2024-08-05T14:59:13.547+0000] {processor.py:840} INFO - DAG(s) 'pipeline_dag' retrieved from /opt/airflow/dags/my_dag.py
[2024-08-05T14:59:13.565+0000] {logging_mixin.py:188} INFO - [2024-08-05T14:59:13.565+0000] {dag.py:3096} INFO - Sync 1 DAGs
[2024-08-05T14:59:13.579+0000] {logging_mixin.py:188} INFO - [2024-08-05T14:59:13.579+0000] {dag.py:3954} INFO - Setting next_dagrun for pipeline_dag to 2024-08-05 00:00:00+00:00, run_after=2024-08-06 00:00:00+00:00
[2024-08-05T14:59:13.609+0000] {processor.py:183} INFO - Processing /opt/airflow/dags/my_dag.py took 0.457 seconds
[2024-08-05T14:59:43.884+0000] {processor.py:161} INFO - Started process (PID=511) to work on /opt/airflow/dags/my_dag.py
[2024-08-05T14:59:43.884+0000] {processor.py:830} INFO - Processing file /opt/airflow/dags/my_dag.py for tasks to queue
[2024-08-05T14:59:43.886+0000] {logging_mixin.py:188} INFO - [2024-08-05T14:59:43.886+0000] {dagbag.py:545} INFO - Filling up the DagBag from /opt/airflow/dags/my_dag.py
[2024-08-05T14:59:44.314+0000] {processor.py:840} INFO - DAG(s) 'pipeline_dag' retrieved from /opt/airflow/dags/my_dag.py
[2024-08-05T14:59:44.331+0000] {logging_mixin.py:188} INFO - [2024-08-05T14:59:44.331+0000] {dag.py:3096} INFO - Sync 1 DAGs
[2024-08-05T14:59:44.346+0000] {logging_mixin.py:188} INFO - [2024-08-05T14:59:44.346+0000] {dag.py:3954} INFO - Setting next_dagrun for pipeline_dag to 2024-08-05 00:00:00+00:00, run_after=2024-08-06 00:00:00+00:00
[2024-08-05T14:59:44.366+0000] {processor.py:183} INFO - Processing /opt/airflow/dags/my_dag.py took 0.487 seconds
[2024-08-05T15:00:14.631+0000] {processor.py:161} INFO - Started process (PID=519) to work on /opt/airflow/dags/my_dag.py
[2024-08-05T15:00:14.632+0000] {processor.py:830} INFO - Processing file /opt/airflow/dags/my_dag.py for tasks to queue
[2024-08-05T15:00:14.634+0000] {logging_mixin.py:188} INFO - [2024-08-05T15:00:14.634+0000] {dagbag.py:545} INFO - Filling up the DagBag from /opt/airflow/dags/my_dag.py
[2024-08-05T15:00:15.012+0000] {processor.py:840} INFO - DAG(s) 'pipeline_dag' retrieved from /opt/airflow/dags/my_dag.py
[2024-08-05T15:00:15.034+0000] {logging_mixin.py:188} INFO - [2024-08-05T15:00:15.034+0000] {dag.py:3096} INFO - Sync 1 DAGs
[2024-08-05T15:00:15.047+0000] {logging_mixin.py:188} INFO - [2024-08-05T15:00:15.047+0000] {dag.py:3954} INFO - Setting next_dagrun for pipeline_dag to 2024-08-05 00:00:00+00:00, run_after=2024-08-06 00:00:00+00:00
[2024-08-05T15:00:15.064+0000] {processor.py:183} INFO - Processing /opt/airflow/dags/my_dag.py took 0.439 seconds
[2024-08-05T15:00:45.365+0000] {processor.py:161} INFO - Started process (PID=527) to work on /opt/airflow/dags/my_dag.py
[2024-08-05T15:00:45.366+0000] {processor.py:830} INFO - Processing file /opt/airflow/dags/my_dag.py for tasks to queue
[2024-08-05T15:00:45.368+0000] {logging_mixin.py:188} INFO - [2024-08-05T15:00:45.368+0000] {dagbag.py:545} INFO - Filling up the DagBag from /opt/airflow/dags/my_dag.py
[2024-08-05T15:00:45.755+0000] {processor.py:840} INFO - DAG(s) 'pipeline_dag' retrieved from /opt/airflow/dags/my_dag.py
[2024-08-05T15:00:45.772+0000] {logging_mixin.py:188} INFO - [2024-08-05T15:00:45.772+0000] {dag.py:3096} INFO - Sync 1 DAGs
[2024-08-05T15:00:45.785+0000] {logging_mixin.py:188} INFO - [2024-08-05T15:00:45.785+0000] {dag.py:3954} INFO - Setting next_dagrun for pipeline_dag to 2024-08-05 00:00:00+00:00, run_after=2024-08-06 00:00:00+00:00
[2024-08-05T15:00:45.801+0000] {processor.py:183} INFO - Processing /opt/airflow/dags/my_dag.py took 0.443 seconds
[2024-08-05T15:01:16.095+0000] {processor.py:161} INFO - Started process (PID=535) to work on /opt/airflow/dags/my_dag.py
[2024-08-05T15:01:16.096+0000] {processor.py:830} INFO - Processing file /opt/airflow/dags/my_dag.py for tasks to queue
[2024-08-05T15:01:16.098+0000] {logging_mixin.py:188} INFO - [2024-08-05T15:01:16.098+0000] {dagbag.py:545} INFO - Filling up the DagBag from /opt/airflow/dags/my_dag.py
[2024-08-05T15:01:16.511+0000] {processor.py:840} INFO - DAG(s) 'pipeline_dag' retrieved from /opt/airflow/dags/my_dag.py
[2024-08-05T15:01:16.531+0000] {logging_mixin.py:188} INFO - [2024-08-05T15:01:16.530+0000] {dag.py:3096} INFO - Sync 1 DAGs
[2024-08-05T15:01:16.544+0000] {logging_mixin.py:188} INFO - [2024-08-05T15:01:16.544+0000] {dag.py:3954} INFO - Setting next_dagrun for pipeline_dag to 2024-08-05 00:00:00+00:00, run_after=2024-08-06 00:00:00+00:00
[2024-08-05T15:01:16.562+0000] {processor.py:183} INFO - Processing /opt/airflow/dags/my_dag.py took 0.472 seconds
[2024-08-05T15:01:46.837+0000] {processor.py:161} INFO - Started process (PID=543) to work on /opt/airflow/dags/my_dag.py
[2024-08-05T15:01:46.838+0000] {processor.py:830} INFO - Processing file /opt/airflow/dags/my_dag.py for tasks to queue
[2024-08-05T15:01:46.839+0000] {logging_mixin.py:188} INFO - [2024-08-05T15:01:46.839+0000] {dagbag.py:545} INFO - Filling up the DagBag from /opt/airflow/dags/my_dag.py
[2024-08-05T15:01:47.224+0000] {processor.py:840} INFO - DAG(s) 'pipeline_dag' retrieved from /opt/airflow/dags/my_dag.py
[2024-08-05T15:01:47.242+0000] {logging_mixin.py:188} INFO - [2024-08-05T15:01:47.241+0000] {dag.py:3096} INFO - Sync 1 DAGs
[2024-08-05T15:01:47.256+0000] {logging_mixin.py:188} INFO - [2024-08-05T15:01:47.255+0000] {dag.py:3954} INFO - Setting next_dagrun for pipeline_dag to 2024-08-05 00:00:00+00:00, run_after=2024-08-06 00:00:00+00:00
[2024-08-05T15:01:47.286+0000] {processor.py:183} INFO - Processing /opt/airflow/dags/my_dag.py took 0.454 seconds
[2024-08-05T15:02:17.577+0000] {processor.py:161} INFO - Started process (PID=551) to work on /opt/airflow/dags/my_dag.py
[2024-08-05T15:02:17.578+0000] {processor.py:830} INFO - Processing file /opt/airflow/dags/my_dag.py for tasks to queue
[2024-08-05T15:02:17.579+0000] {logging_mixin.py:188} INFO - [2024-08-05T15:02:17.579+0000] {dagbag.py:545} INFO - Filling up the DagBag from /opt/airflow/dags/my_dag.py
[2024-08-05T15:02:17.975+0000] {processor.py:840} INFO - DAG(s) 'pipeline_dag' retrieved from /opt/airflow/dags/my_dag.py
[2024-08-05T15:02:17.993+0000] {logging_mixin.py:188} INFO - [2024-08-05T15:02:17.993+0000] {dag.py:3096} INFO - Sync 1 DAGs
[2024-08-05T15:02:18.006+0000] {logging_mixin.py:188} INFO - [2024-08-05T15:02:18.006+0000] {dag.py:3954} INFO - Setting next_dagrun for pipeline_dag to 2024-08-05 00:00:00+00:00, run_after=2024-08-06 00:00:00+00:00
[2024-08-05T15:02:18.024+0000] {processor.py:183} INFO - Processing /opt/airflow/dags/my_dag.py took 0.452 seconds
[2024-08-05T15:02:48.301+0000] {processor.py:161} INFO - Started process (PID=559) to work on /opt/airflow/dags/my_dag.py
[2024-08-05T15:02:48.302+0000] {processor.py:830} INFO - Processing file /opt/airflow/dags/my_dag.py for tasks to queue
[2024-08-05T15:02:48.304+0000] {logging_mixin.py:188} INFO - [2024-08-05T15:02:48.304+0000] {dagbag.py:545} INFO - Filling up the DagBag from /opt/airflow/dags/my_dag.py
[2024-08-05T15:02:48.674+0000] {processor.py:840} INFO - DAG(s) 'pipeline_dag' retrieved from /opt/airflow/dags/my_dag.py
[2024-08-05T15:02:48.692+0000] {logging_mixin.py:188} INFO - [2024-08-05T15:02:48.692+0000] {dag.py:3096} INFO - Sync 1 DAGs
[2024-08-05T15:02:48.706+0000] {logging_mixin.py:188} INFO - [2024-08-05T15:02:48.706+0000] {dag.py:3954} INFO - Setting next_dagrun for pipeline_dag to 2024-08-05 00:00:00+00:00, run_after=2024-08-06 00:00:00+00:00
[2024-08-05T15:02:48.737+0000] {processor.py:183} INFO - Processing /opt/airflow/dags/my_dag.py took 0.441 seconds
[2024-08-05T15:03:19.017+0000] {processor.py:161} INFO - Started process (PID=567) to work on /opt/airflow/dags/my_dag.py
[2024-08-05T15:03:19.018+0000] {processor.py:830} INFO - Processing file /opt/airflow/dags/my_dag.py for tasks to queue
[2024-08-05T15:03:19.019+0000] {logging_mixin.py:188} INFO - [2024-08-05T15:03:19.019+0000] {dagbag.py:545} INFO - Filling up the DagBag from /opt/airflow/dags/my_dag.py
[2024-08-05T15:03:19.412+0000] {processor.py:840} INFO - DAG(s) 'pipeline_dag' retrieved from /opt/airflow/dags/my_dag.py
[2024-08-05T15:03:19.435+0000] {logging_mixin.py:188} INFO - [2024-08-05T15:03:19.435+0000] {dag.py:3096} INFO - Sync 1 DAGs
[2024-08-05T15:03:19.449+0000] {logging_mixin.py:188} INFO - [2024-08-05T15:03:19.449+0000] {dag.py:3954} INFO - Setting next_dagrun for pipeline_dag to 2024-08-05 00:00:00+00:00, run_after=2024-08-06 00:00:00+00:00
[2024-08-05T15:03:19.470+0000] {processor.py:183} INFO - Processing /opt/airflow/dags/my_dag.py took 0.458 seconds
[2024-08-05T15:03:49.731+0000] {processor.py:161} INFO - Started process (PID=576) to work on /opt/airflow/dags/my_dag.py
[2024-08-05T15:03:49.732+0000] {processor.py:830} INFO - Processing file /opt/airflow/dags/my_dag.py for tasks to queue
[2024-08-05T15:03:49.733+0000] {logging_mixin.py:188} INFO - [2024-08-05T15:03:49.733+0000] {dagbag.py:545} INFO - Filling up the DagBag from /opt/airflow/dags/my_dag.py
[2024-08-05T15:03:50.182+0000] {processor.py:840} INFO - DAG(s) 'pipeline_dag' retrieved from /opt/airflow/dags/my_dag.py
[2024-08-05T15:03:50.200+0000] {logging_mixin.py:188} INFO - [2024-08-05T15:03:50.199+0000] {dag.py:3096} INFO - Sync 1 DAGs
[2024-08-05T15:03:50.214+0000] {logging_mixin.py:188} INFO - [2024-08-05T15:03:50.214+0000] {dag.py:3954} INFO - Setting next_dagrun for pipeline_dag to 2024-08-05 00:00:00+00:00, run_after=2024-08-06 00:00:00+00:00
[2024-08-05T15:03:50.245+0000] {processor.py:183} INFO - Processing /opt/airflow/dags/my_dag.py took 0.519 seconds
[2024-08-05T15:04:20.540+0000] {processor.py:161} INFO - Started process (PID=584) to work on /opt/airflow/dags/my_dag.py
[2024-08-05T15:04:20.542+0000] {processor.py:830} INFO - Processing file /opt/airflow/dags/my_dag.py for tasks to queue
[2024-08-05T15:04:20.544+0000] {logging_mixin.py:188} INFO - [2024-08-05T15:04:20.543+0000] {dagbag.py:545} INFO - Filling up the DagBag from /opt/airflow/dags/my_dag.py
[2024-08-05T15:04:20.946+0000] {processor.py:840} INFO - DAG(s) 'pipeline_dag' retrieved from /opt/airflow/dags/my_dag.py
[2024-08-05T15:04:20.964+0000] {logging_mixin.py:188} INFO - [2024-08-05T15:04:20.964+0000] {dag.py:3096} INFO - Sync 1 DAGs
[2024-08-05T15:04:20.979+0000] {logging_mixin.py:188} INFO - [2024-08-05T15:04:20.979+0000] {dag.py:3954} INFO - Setting next_dagrun for pipeline_dag to 2024-08-05 00:00:00+00:00, run_after=2024-08-06 00:00:00+00:00
[2024-08-05T15:04:21.009+0000] {processor.py:183} INFO - Processing /opt/airflow/dags/my_dag.py took 0.475 seconds
[2024-08-05T15:04:51.289+0000] {processor.py:161} INFO - Started process (PID=592) to work on /opt/airflow/dags/my_dag.py
[2024-08-05T15:04:51.290+0000] {processor.py:830} INFO - Processing file /opt/airflow/dags/my_dag.py for tasks to queue
[2024-08-05T15:04:51.291+0000] {logging_mixin.py:188} INFO - [2024-08-05T15:04:51.291+0000] {dagbag.py:545} INFO - Filling up the DagBag from /opt/airflow/dags/my_dag.py
[2024-08-05T15:04:51.676+0000] {processor.py:840} INFO - DAG(s) 'pipeline_dag' retrieved from /opt/airflow/dags/my_dag.py
[2024-08-05T15:04:51.693+0000] {logging_mixin.py:188} INFO - [2024-08-05T15:04:51.693+0000] {dag.py:3096} INFO - Sync 1 DAGs
[2024-08-05T15:04:51.706+0000] {logging_mixin.py:188} INFO - [2024-08-05T15:04:51.706+0000] {dag.py:3954} INFO - Setting next_dagrun for pipeline_dag to 2024-08-05 00:00:00+00:00, run_after=2024-08-06 00:00:00+00:00
[2024-08-05T15:04:51.724+0000] {processor.py:183} INFO - Processing /opt/airflow/dags/my_dag.py took 0.443 seconds
[2024-08-05T15:05:22.022+0000] {processor.py:161} INFO - Started process (PID=600) to work on /opt/airflow/dags/my_dag.py
[2024-08-05T15:05:22.023+0000] {processor.py:830} INFO - Processing file /opt/airflow/dags/my_dag.py for tasks to queue
[2024-08-05T15:05:22.025+0000] {logging_mixin.py:188} INFO - [2024-08-05T15:05:22.025+0000] {dagbag.py:545} INFO - Filling up the DagBag from /opt/airflow/dags/my_dag.py
[2024-08-05T15:05:22.431+0000] {processor.py:840} INFO - DAG(s) 'pipeline_dag' retrieved from /opt/airflow/dags/my_dag.py
[2024-08-05T15:05:22.449+0000] {logging_mixin.py:188} INFO - [2024-08-05T15:05:22.449+0000] {dag.py:3096} INFO - Sync 1 DAGs
[2024-08-05T15:05:22.462+0000] {logging_mixin.py:188} INFO - [2024-08-05T15:05:22.462+0000] {dag.py:3954} INFO - Setting next_dagrun for pipeline_dag to 2024-08-05 00:00:00+00:00, run_after=2024-08-06 00:00:00+00:00
[2024-08-05T15:05:22.482+0000] {processor.py:183} INFO - Processing /opt/airflow/dags/my_dag.py took 0.466 seconds
[2024-08-05T15:05:52.767+0000] {processor.py:161} INFO - Started process (PID=608) to work on /opt/airflow/dags/my_dag.py
[2024-08-05T15:05:52.768+0000] {processor.py:830} INFO - Processing file /opt/airflow/dags/my_dag.py for tasks to queue
[2024-08-05T15:05:52.769+0000] {logging_mixin.py:188} INFO - [2024-08-05T15:05:52.769+0000] {dagbag.py:545} INFO - Filling up the DagBag from /opt/airflow/dags/my_dag.py
[2024-08-05T15:05:53.141+0000] {processor.py:840} INFO - DAG(s) 'pipeline_dag' retrieved from /opt/airflow/dags/my_dag.py
[2024-08-05T15:05:53.172+0000] {logging_mixin.py:188} INFO - [2024-08-05T15:05:53.171+0000] {dag.py:3096} INFO - Sync 1 DAGs
[2024-08-05T15:05:53.185+0000] {logging_mixin.py:188} INFO - [2024-08-05T15:05:53.185+0000] {dag.py:3954} INFO - Setting next_dagrun for pipeline_dag to 2024-08-05 00:00:00+00:00, run_after=2024-08-06 00:00:00+00:00
[2024-08-05T15:05:53.203+0000] {processor.py:183} INFO - Processing /opt/airflow/dags/my_dag.py took 0.442 seconds
[2024-08-05T15:06:23.492+0000] {processor.py:161} INFO - Started process (PID=616) to work on /opt/airflow/dags/my_dag.py
[2024-08-05T15:06:23.493+0000] {processor.py:830} INFO - Processing file /opt/airflow/dags/my_dag.py for tasks to queue
[2024-08-05T15:06:23.495+0000] {logging_mixin.py:188} INFO - [2024-08-05T15:06:23.495+0000] {dagbag.py:545} INFO - Filling up the DagBag from /opt/airflow/dags/my_dag.py
[2024-08-05T15:06:23.888+0000] {processor.py:840} INFO - DAG(s) 'pipeline_dag' retrieved from /opt/airflow/dags/my_dag.py
[2024-08-05T15:06:23.908+0000] {logging_mixin.py:188} INFO - [2024-08-05T15:06:23.907+0000] {dag.py:3096} INFO - Sync 1 DAGs
[2024-08-05T15:06:23.920+0000] {logging_mixin.py:188} INFO - [2024-08-05T15:06:23.920+0000] {dag.py:3954} INFO - Setting next_dagrun for pipeline_dag to 2024-08-05 00:00:00+00:00, run_after=2024-08-06 00:00:00+00:00
[2024-08-05T15:06:23.958+0000] {processor.py:183} INFO - Processing /opt/airflow/dags/my_dag.py took 0.473 seconds
[2024-08-05T15:06:54.253+0000] {processor.py:161} INFO - Started process (PID=624) to work on /opt/airflow/dags/my_dag.py
[2024-08-05T15:06:54.254+0000] {processor.py:830} INFO - Processing file /opt/airflow/dags/my_dag.py for tasks to queue
[2024-08-05T15:06:54.256+0000] {logging_mixin.py:188} INFO - [2024-08-05T15:06:54.256+0000] {dagbag.py:545} INFO - Filling up the DagBag from /opt/airflow/dags/my_dag.py
[2024-08-05T15:06:54.643+0000] {processor.py:840} INFO - DAG(s) 'pipeline_dag' retrieved from /opt/airflow/dags/my_dag.py
[2024-08-05T15:06:54.661+0000] {logging_mixin.py:188} INFO - [2024-08-05T15:06:54.660+0000] {dag.py:3096} INFO - Sync 1 DAGs
[2024-08-05T15:06:54.673+0000] {logging_mixin.py:188} INFO - [2024-08-05T15:06:54.673+0000] {dag.py:3954} INFO - Setting next_dagrun for pipeline_dag to 2024-08-05 00:00:00+00:00, run_after=2024-08-06 00:00:00+00:00
[2024-08-05T15:06:54.700+0000] {processor.py:183} INFO - Processing /opt/airflow/dags/my_dag.py took 0.453 seconds
[2024-08-05T15:07:24.999+0000] {processor.py:161} INFO - Started process (PID=632) to work on /opt/airflow/dags/my_dag.py
[2024-08-05T15:07:25.000+0000] {processor.py:830} INFO - Processing file /opt/airflow/dags/my_dag.py for tasks to queue
[2024-08-05T15:07:25.002+0000] {logging_mixin.py:188} INFO - [2024-08-05T15:07:25.002+0000] {dagbag.py:545} INFO - Filling up the DagBag from /opt/airflow/dags/my_dag.py
[2024-08-05T15:07:25.419+0000] {processor.py:840} INFO - DAG(s) 'pipeline_dag' retrieved from /opt/airflow/dags/my_dag.py
[2024-08-05T15:07:25.438+0000] {logging_mixin.py:188} INFO - [2024-08-05T15:07:25.438+0000] {dag.py:3096} INFO - Sync 1 DAGs
[2024-08-05T15:07:25.452+0000] {logging_mixin.py:188} INFO - [2024-08-05T15:07:25.452+0000] {dag.py:3954} INFO - Setting next_dagrun for pipeline_dag to 2024-08-05 00:00:00+00:00, run_after=2024-08-06 00:00:00+00:00
[2024-08-05T15:07:25.476+0000] {processor.py:183} INFO - Processing /opt/airflow/dags/my_dag.py took 0.483 seconds
[2024-08-05T15:07:55.763+0000] {processor.py:161} INFO - Started process (PID=640) to work on /opt/airflow/dags/my_dag.py
[2024-08-05T15:07:55.764+0000] {processor.py:830} INFO - Processing file /opt/airflow/dags/my_dag.py for tasks to queue
[2024-08-05T15:07:55.766+0000] {logging_mixin.py:188} INFO - [2024-08-05T15:07:55.766+0000] {dagbag.py:545} INFO - Filling up the DagBag from /opt/airflow/dags/my_dag.py
[2024-08-05T15:07:56.200+0000] {processor.py:840} INFO - DAG(s) 'pipeline_dag' retrieved from /opt/airflow/dags/my_dag.py
[2024-08-05T15:07:56.217+0000] {logging_mixin.py:188} INFO - [2024-08-05T15:07:56.217+0000] {dag.py:3096} INFO - Sync 1 DAGs
[2024-08-05T15:07:56.231+0000] {logging_mixin.py:188} INFO - [2024-08-05T15:07:56.231+0000] {dag.py:3954} INFO - Setting next_dagrun for pipeline_dag to 2024-08-05 00:00:00+00:00, run_after=2024-08-06 00:00:00+00:00
[2024-08-05T15:07:56.253+0000] {processor.py:183} INFO - Processing /opt/airflow/dags/my_dag.py took 0.494 seconds
[2024-08-05T15:08:26.524+0000] {processor.py:161} INFO - Started process (PID=648) to work on /opt/airflow/dags/my_dag.py
[2024-08-05T15:08:26.525+0000] {processor.py:830} INFO - Processing file /opt/airflow/dags/my_dag.py for tasks to queue
[2024-08-05T15:08:26.527+0000] {logging_mixin.py:188} INFO - [2024-08-05T15:08:26.527+0000] {dagbag.py:545} INFO - Filling up the DagBag from /opt/airflow/dags/my_dag.py
[2024-08-05T15:08:27.281+0000] {processor.py:840} INFO - DAG(s) 'pipeline_dag' retrieved from /opt/airflow/dags/my_dag.py
[2024-08-05T15:08:27.322+0000] {logging_mixin.py:188} INFO - [2024-08-05T15:08:27.322+0000] {dag.py:3096} INFO - Sync 1 DAGs
[2024-08-05T15:08:27.349+0000] {logging_mixin.py:188} INFO - [2024-08-05T15:08:27.349+0000] {dag.py:3954} INFO - Setting next_dagrun for pipeline_dag to 2024-08-05 00:00:00+00:00, run_after=2024-08-06 00:00:00+00:00
[2024-08-05T15:08:27.377+0000] {processor.py:183} INFO - Processing /opt/airflow/dags/my_dag.py took 0.862 seconds
[2024-08-05T15:08:57.608+0000] {processor.py:161} INFO - Started process (PID=656) to work on /opt/airflow/dags/my_dag.py
[2024-08-05T15:08:57.609+0000] {processor.py:830} INFO - Processing file /opt/airflow/dags/my_dag.py for tasks to queue
[2024-08-05T15:08:57.611+0000] {logging_mixin.py:188} INFO - [2024-08-05T15:08:57.611+0000] {dagbag.py:545} INFO - Filling up the DagBag from /opt/airflow/dags/my_dag.py
[2024-08-05T15:08:58.019+0000] {processor.py:840} INFO - DAG(s) 'pipeline_dag' retrieved from /opt/airflow/dags/my_dag.py
[2024-08-05T15:08:58.038+0000] {logging_mixin.py:188} INFO - [2024-08-05T15:08:58.037+0000] {dag.py:3096} INFO - Sync 1 DAGs
[2024-08-05T15:08:58.051+0000] {logging_mixin.py:188} INFO - [2024-08-05T15:08:58.051+0000] {dag.py:3954} INFO - Setting next_dagrun for pipeline_dag to 2024-08-05 00:00:00+00:00, run_after=2024-08-06 00:00:00+00:00
[2024-08-05T15:08:58.078+0000] {processor.py:183} INFO - Processing /opt/airflow/dags/my_dag.py took 0.475 seconds
[2024-08-05T15:10:44.372+0000] {processor.py:161} INFO - Started process (PID=35) to work on /opt/airflow/dags/my_dag.py
[2024-08-05T15:10:44.374+0000] {processor.py:830} INFO - Processing file /opt/airflow/dags/my_dag.py for tasks to queue
[2024-08-05T15:10:44.379+0000] {logging_mixin.py:188} INFO - [2024-08-05T15:10:44.378+0000] {dagbag.py:545} INFO - Filling up the DagBag from /opt/airflow/dags/my_dag.py
[2024-08-05T15:10:48.366+0000] {processor.py:840} INFO - DAG(s) 'pipeline_dag' retrieved from /opt/airflow/dags/my_dag.py
[2024-08-05T15:10:49.130+0000] {logging_mixin.py:188} INFO - [2024-08-05T15:10:49.129+0000] {dag.py:3096} INFO - Sync 1 DAGs
[2024-08-05T15:10:49.156+0000] {logging_mixin.py:188} INFO - [2024-08-05T15:10:49.156+0000] {dag.py:3954} INFO - Setting next_dagrun for pipeline_dag to 2024-08-05 00:00:00+00:00, run_after=2024-08-06 00:00:00+00:00
[2024-08-05T15:10:49.194+0000] {processor.py:183} INFO - Processing /opt/airflow/dags/my_dag.py took 4.834 seconds
[2024-08-05T15:11:19.422+0000] {processor.py:161} INFO - Started process (PID=43) to work on /opt/airflow/dags/my_dag.py
[2024-08-05T15:11:19.423+0000] {processor.py:830} INFO - Processing file /opt/airflow/dags/my_dag.py for tasks to queue
[2024-08-05T15:11:19.425+0000] {logging_mixin.py:188} INFO - [2024-08-05T15:11:19.425+0000] {dagbag.py:545} INFO - Filling up the DagBag from /opt/airflow/dags/my_dag.py
[2024-08-05T15:11:19.804+0000] {processor.py:840} INFO - DAG(s) 'pipeline_dag' retrieved from /opt/airflow/dags/my_dag.py
[2024-08-05T15:11:20.024+0000] {logging_mixin.py:188} INFO - [2024-08-05T15:11:20.024+0000] {dag.py:3096} INFO - Sync 1 DAGs
[2024-08-05T15:11:20.055+0000] {logging_mixin.py:188} INFO - [2024-08-05T15:11:20.055+0000] {dag.py:3954} INFO - Setting next_dagrun for pipeline_dag to 2024-08-05 00:00:00+00:00, run_after=2024-08-06 00:00:00+00:00
[2024-08-05T15:11:20.082+0000] {processor.py:183} INFO - Processing /opt/airflow/dags/my_dag.py took 0.666 seconds
[2024-08-05T15:11:50.254+0000] {processor.py:161} INFO - Started process (PID=59) to work on /opt/airflow/dags/my_dag.py
[2024-08-05T15:11:50.255+0000] {processor.py:830} INFO - Processing file /opt/airflow/dags/my_dag.py for tasks to queue
[2024-08-05T15:11:50.257+0000] {logging_mixin.py:188} INFO - [2024-08-05T15:11:50.256+0000] {dagbag.py:545} INFO - Filling up the DagBag from /opt/airflow/dags/my_dag.py
[2024-08-05T15:11:50.547+0000] {processor.py:840} INFO - DAG(s) 'pipeline_dag' retrieved from /opt/airflow/dags/my_dag.py
[2024-08-05T15:11:50.694+0000] {logging_mixin.py:188} INFO - [2024-08-05T15:11:50.694+0000] {dag.py:3096} INFO - Sync 1 DAGs
[2024-08-05T15:11:50.711+0000] {logging_mixin.py:188} INFO - [2024-08-05T15:11:50.711+0000] {dag.py:3954} INFO - Setting next_dagrun for pipeline_dag to 2024-08-05 00:00:00+00:00, run_after=2024-08-06 00:00:00+00:00
[2024-08-05T15:11:50.741+0000] {processor.py:183} INFO - Processing /opt/airflow/dags/my_dag.py took 0.491 seconds
[2024-08-05T15:12:20.959+0000] {processor.py:161} INFO - Started process (PID=67) to work on /opt/airflow/dags/my_dag.py
[2024-08-05T15:12:20.961+0000] {processor.py:830} INFO - Processing file /opt/airflow/dags/my_dag.py for tasks to queue
[2024-08-05T15:12:20.962+0000] {logging_mixin.py:188} INFO - [2024-08-05T15:12:20.962+0000] {dagbag.py:545} INFO - Filling up the DagBag from /opt/airflow/dags/my_dag.py
[2024-08-05T15:12:21.450+0000] {processor.py:840} INFO - DAG(s) 'pipeline_dag' retrieved from /opt/airflow/dags/my_dag.py
[2024-08-05T15:12:21.470+0000] {logging_mixin.py:188} INFO - [2024-08-05T15:12:21.470+0000] {dag.py:3096} INFO - Sync 1 DAGs
[2024-08-05T15:12:21.486+0000] {logging_mixin.py:188} INFO - [2024-08-05T15:12:21.486+0000] {dag.py:3954} INFO - Setting next_dagrun for pipeline_dag to 2024-08-05 00:00:00+00:00, run_after=2024-08-06 00:00:00+00:00
[2024-08-05T15:12:21.508+0000] {processor.py:183} INFO - Processing /opt/airflow/dags/my_dag.py took 0.554 seconds
[2024-08-05T15:12:51.696+0000] {processor.py:161} INFO - Started process (PID=75) to work on /opt/airflow/dags/my_dag.py
[2024-08-05T15:12:51.698+0000] {processor.py:830} INFO - Processing file /opt/airflow/dags/my_dag.py for tasks to queue
[2024-08-05T15:12:51.699+0000] {logging_mixin.py:188} INFO - [2024-08-05T15:12:51.699+0000] {dagbag.py:545} INFO - Filling up the DagBag from /opt/airflow/dags/my_dag.py
[2024-08-05T15:12:52.110+0000] {processor.py:840} INFO - DAG(s) 'pipeline_dag' retrieved from /opt/airflow/dags/my_dag.py
[2024-08-05T15:12:52.128+0000] {logging_mixin.py:188} INFO - [2024-08-05T15:12:52.128+0000] {dag.py:3096} INFO - Sync 1 DAGs
[2024-08-05T15:12:52.143+0000] {logging_mixin.py:188} INFO - [2024-08-05T15:12:52.143+0000] {dag.py:3954} INFO - Setting next_dagrun for pipeline_dag to 2024-08-05 00:00:00+00:00, run_after=2024-08-06 00:00:00+00:00
[2024-08-05T15:12:52.159+0000] {processor.py:183} INFO - Processing /opt/airflow/dags/my_dag.py took 0.468 seconds
[2024-08-05T15:13:22.406+0000] {processor.py:161} INFO - Started process (PID=83) to work on /opt/airflow/dags/my_dag.py
[2024-08-05T15:13:22.407+0000] {processor.py:830} INFO - Processing file /opt/airflow/dags/my_dag.py for tasks to queue
[2024-08-05T15:13:22.409+0000] {logging_mixin.py:188} INFO - [2024-08-05T15:13:22.409+0000] {dagbag.py:545} INFO - Filling up the DagBag from /opt/airflow/dags/my_dag.py
[2024-08-05T15:13:22.712+0000] {processor.py:840} INFO - DAG(s) 'pipeline_dag' retrieved from /opt/airflow/dags/my_dag.py
[2024-08-05T15:13:22.847+0000] {logging_mixin.py:188} INFO - [2024-08-05T15:13:22.847+0000] {dag.py:3096} INFO - Sync 1 DAGs
[2024-08-05T15:13:22.861+0000] {logging_mixin.py:188} INFO - [2024-08-05T15:13:22.860+0000] {dag.py:3954} INFO - Setting next_dagrun for pipeline_dag to 2024-08-05 00:00:00+00:00, run_after=2024-08-06 00:00:00+00:00
[2024-08-05T15:13:22.892+0000] {processor.py:183} INFO - Processing /opt/airflow/dags/my_dag.py took 0.491 seconds
[2024-08-05T15:13:53.086+0000] {processor.py:161} INFO - Started process (PID=91) to work on /opt/airflow/dags/my_dag.py
[2024-08-05T15:13:53.087+0000] {processor.py:830} INFO - Processing file /opt/airflow/dags/my_dag.py for tasks to queue
[2024-08-05T15:13:53.088+0000] {logging_mixin.py:188} INFO - [2024-08-05T15:13:53.088+0000] {dagbag.py:545} INFO - Filling up the DagBag from /opt/airflow/dags/my_dag.py
[2024-08-05T15:13:53.486+0000] {processor.py:840} INFO - DAG(s) 'pipeline_dag' retrieved from /opt/airflow/dags/my_dag.py
[2024-08-05T15:13:53.636+0000] {logging_mixin.py:188} INFO - [2024-08-05T15:13:53.635+0000] {dag.py:3096} INFO - Sync 1 DAGs
[2024-08-05T15:13:53.652+0000] {logging_mixin.py:188} INFO - [2024-08-05T15:13:53.651+0000] {dag.py:3954} INFO - Setting next_dagrun for pipeline_dag to 2024-08-05 00:00:00+00:00, run_after=2024-08-06 00:00:00+00:00
[2024-08-05T15:13:53.673+0000] {processor.py:183} INFO - Processing /opt/airflow/dags/my_dag.py took 0.592 seconds
[2024-08-05T15:14:23.822+0000] {processor.py:161} INFO - Started process (PID=99) to work on /opt/airflow/dags/my_dag.py
[2024-08-05T15:14:23.823+0000] {processor.py:830} INFO - Processing file /opt/airflow/dags/my_dag.py for tasks to queue
[2024-08-05T15:14:23.825+0000] {logging_mixin.py:188} INFO - [2024-08-05T15:14:23.825+0000] {dagbag.py:545} INFO - Filling up the DagBag from /opt/airflow/dags/my_dag.py
[2024-08-05T15:14:24.228+0000] {processor.py:840} INFO - DAG(s) 'pipeline_dag' retrieved from /opt/airflow/dags/my_dag.py
[2024-08-05T15:14:24.248+0000] {logging_mixin.py:188} INFO - [2024-08-05T15:14:24.248+0000] {dag.py:3096} INFO - Sync 1 DAGs
[2024-08-05T15:14:24.262+0000] {logging_mixin.py:188} INFO - [2024-08-05T15:14:24.262+0000] {dag.py:3954} INFO - Setting next_dagrun for pipeline_dag to 2024-08-05 00:00:00+00:00, run_after=2024-08-06 00:00:00+00:00
[2024-08-05T15:14:24.283+0000] {processor.py:183} INFO - Processing /opt/airflow/dags/my_dag.py took 0.466 seconds
[2024-08-05T15:14:54.522+0000] {processor.py:161} INFO - Started process (PID=107) to work on /opt/airflow/dags/my_dag.py
[2024-08-05T15:14:54.523+0000] {processor.py:830} INFO - Processing file /opt/airflow/dags/my_dag.py for tasks to queue
[2024-08-05T15:14:54.525+0000] {logging_mixin.py:188} INFO - [2024-08-05T15:14:54.525+0000] {dagbag.py:545} INFO - Filling up the DagBag from /opt/airflow/dags/my_dag.py
[2024-08-05T15:14:54.898+0000] {processor.py:840} INFO - DAG(s) 'pipeline_dag' retrieved from /opt/airflow/dags/my_dag.py
[2024-08-05T15:14:54.917+0000] {logging_mixin.py:188} INFO - [2024-08-05T15:14:54.916+0000] {dag.py:3096} INFO - Sync 1 DAGs
[2024-08-05T15:14:54.930+0000] {logging_mixin.py:188} INFO - [2024-08-05T15:14:54.930+0000] {dag.py:3954} INFO - Setting next_dagrun for pipeline_dag to 2024-08-05 00:00:00+00:00, run_after=2024-08-06 00:00:00+00:00
[2024-08-05T15:14:54.951+0000] {processor.py:183} INFO - Processing /opt/airflow/dags/my_dag.py took 0.433 seconds
[2024-08-05T15:15:25.159+0000] {processor.py:161} INFO - Started process (PID=115) to work on /opt/airflow/dags/my_dag.py
[2024-08-05T15:15:25.160+0000] {processor.py:830} INFO - Processing file /opt/airflow/dags/my_dag.py for tasks to queue
[2024-08-05T15:15:25.162+0000] {logging_mixin.py:188} INFO - [2024-08-05T15:15:25.161+0000] {dagbag.py:545} INFO - Filling up the DagBag from /opt/airflow/dags/my_dag.py
[2024-08-05T15:15:25.455+0000] {processor.py:840} INFO - DAG(s) 'pipeline_dag' retrieved from /opt/airflow/dags/my_dag.py
[2024-08-05T15:15:25.594+0000] {logging_mixin.py:188} INFO - [2024-08-05T15:15:25.594+0000] {dag.py:3096} INFO - Sync 1 DAGs
[2024-08-05T15:15:25.609+0000] {logging_mixin.py:188} INFO - [2024-08-05T15:15:25.609+0000] {dag.py:3954} INFO - Setting next_dagrun for pipeline_dag to 2024-08-05 00:00:00+00:00, run_after=2024-08-06 00:00:00+00:00
[2024-08-05T15:15:25.636+0000] {processor.py:183} INFO - Processing /opt/airflow/dags/my_dag.py took 0.482 seconds
[2024-08-05T15:15:55.843+0000] {processor.py:161} INFO - Started process (PID=123) to work on /opt/airflow/dags/my_dag.py
[2024-08-05T15:15:55.844+0000] {processor.py:830} INFO - Processing file /opt/airflow/dags/my_dag.py for tasks to queue
[2024-08-05T15:15:55.846+0000] {logging_mixin.py:188} INFO - [2024-08-05T15:15:55.845+0000] {dagbag.py:545} INFO - Filling up the DagBag from /opt/airflow/dags/my_dag.py
[2024-08-05T15:15:56.206+0000] {processor.py:840} INFO - DAG(s) 'pipeline_dag' retrieved from /opt/airflow/dags/my_dag.py
[2024-08-05T15:15:56.326+0000] {logging_mixin.py:188} INFO - [2024-08-05T15:15:56.326+0000] {dag.py:3096} INFO - Sync 1 DAGs
[2024-08-05T15:15:56.339+0000] {logging_mixin.py:188} INFO - [2024-08-05T15:15:56.339+0000] {dag.py:3954} INFO - Setting next_dagrun for pipeline_dag to 2024-08-05 00:00:00+00:00, run_after=2024-08-06 00:00:00+00:00
[2024-08-05T15:15:56.357+0000] {processor.py:183} INFO - Processing /opt/airflow/dags/my_dag.py took 0.519 seconds
[2024-08-05T15:16:26.589+0000] {processor.py:161} INFO - Started process (PID=131) to work on /opt/airflow/dags/my_dag.py
[2024-08-05T15:16:26.591+0000] {processor.py:830} INFO - Processing file /opt/airflow/dags/my_dag.py for tasks to queue
[2024-08-05T15:16:26.593+0000] {logging_mixin.py:188} INFO - [2024-08-05T15:16:26.592+0000] {dagbag.py:545} INFO - Filling up the DagBag from /opt/airflow/dags/my_dag.py
[2024-08-05T15:16:27.085+0000] {processor.py:840} INFO - DAG(s) 'pipeline_dag' retrieved from /opt/airflow/dags/my_dag.py
[2024-08-05T15:16:27.114+0000] {logging_mixin.py:188} INFO - [2024-08-05T15:16:27.114+0000] {dag.py:3096} INFO - Sync 1 DAGs
[2024-08-05T15:16:27.132+0000] {logging_mixin.py:188} INFO - [2024-08-05T15:16:27.132+0000] {dag.py:3954} INFO - Setting next_dagrun for pipeline_dag to 2024-08-05 00:00:00+00:00, run_after=2024-08-06 00:00:00+00:00
[2024-08-05T15:16:27.153+0000] {processor.py:183} INFO - Processing /opt/airflow/dags/my_dag.py took 0.569 seconds
[2024-08-05T15:18:30.620+0000] {processor.py:161} INFO - Started process (PID=30) to work on /opt/airflow/dags/my_dag.py
[2024-08-05T15:18:30.623+0000] {processor.py:830} INFO - Processing file /opt/airflow/dags/my_dag.py for tasks to queue
[2024-08-05T15:18:30.627+0000] {logging_mixin.py:188} INFO - [2024-08-05T15:18:30.627+0000] {dagbag.py:545} INFO - Filling up the DagBag from /opt/airflow/dags/my_dag.py
[2024-08-05T15:18:31.055+0000] {processor.py:840} INFO - DAG(s) 'pipeline_dag' retrieved from /opt/airflow/dags/my_dag.py
[2024-08-05T15:18:31.373+0000] {logging_mixin.py:188} INFO - [2024-08-05T15:18:31.373+0000] {dag.py:3096} INFO - Sync 1 DAGs
[2024-08-05T15:18:31.399+0000] {logging_mixin.py:188} INFO - [2024-08-05T15:18:31.398+0000] {dag.py:3954} INFO - Setting next_dagrun for pipeline_dag to 2024-08-05 00:00:00+00:00, run_after=2024-08-06 00:00:00+00:00
[2024-08-05T15:18:31.426+0000] {processor.py:183} INFO - Processing /opt/airflow/dags/my_dag.py took 0.814 seconds
[2024-08-05T15:19:01.671+0000] {processor.py:161} INFO - Started process (PID=38) to work on /opt/airflow/dags/my_dag.py
[2024-08-05T15:19:01.672+0000] {processor.py:830} INFO - Processing file /opt/airflow/dags/my_dag.py for tasks to queue
[2024-08-05T15:19:01.674+0000] {logging_mixin.py:188} INFO - [2024-08-05T15:19:01.674+0000] {dagbag.py:545} INFO - Filling up the DagBag from /opt/airflow/dags/my_dag.py
[2024-08-05T15:19:02.057+0000] {processor.py:840} INFO - DAG(s) 'pipeline_dag' retrieved from /opt/airflow/dags/my_dag.py
[2024-08-05T15:19:02.075+0000] {logging_mixin.py:188} INFO - [2024-08-05T15:19:02.074+0000] {dag.py:3096} INFO - Sync 1 DAGs
[2024-08-05T15:19:02.088+0000] {logging_mixin.py:188} INFO - [2024-08-05T15:19:02.088+0000] {dag.py:3954} INFO - Setting next_dagrun for pipeline_dag to 2024-08-05 00:00:00+00:00, run_after=2024-08-06 00:00:00+00:00
[2024-08-05T15:19:02.120+0000] {processor.py:183} INFO - Processing /opt/airflow/dags/my_dag.py took 0.453 seconds
[2024-08-05T15:19:32.327+0000] {processor.py:161} INFO - Started process (PID=54) to work on /opt/airflow/dags/my_dag.py
[2024-08-05T15:19:32.328+0000] {processor.py:830} INFO - Processing file /opt/airflow/dags/my_dag.py for tasks to queue
[2024-08-05T15:19:32.330+0000] {logging_mixin.py:188} INFO - [2024-08-05T15:19:32.329+0000] {dagbag.py:545} INFO - Filling up the DagBag from /opt/airflow/dags/my_dag.py
[2024-08-05T15:19:32.755+0000] {processor.py:840} INFO - DAG(s) 'pipeline_dag' retrieved from /opt/airflow/dags/my_dag.py
[2024-08-05T15:19:32.773+0000] {logging_mixin.py:188} INFO - [2024-08-05T15:19:32.773+0000] {dag.py:3096} INFO - Sync 1 DAGs
[2024-08-05T15:19:32.788+0000] {logging_mixin.py:188} INFO - [2024-08-05T15:19:32.788+0000] {dag.py:3954} INFO - Setting next_dagrun for pipeline_dag to 2024-08-05 00:00:00+00:00, run_after=2024-08-06 00:00:00+00:00
[2024-08-05T15:19:32.826+0000] {processor.py:183} INFO - Processing /opt/airflow/dags/my_dag.py took 0.503 seconds
[2024-08-05T15:20:03.061+0000] {processor.py:161} INFO - Started process (PID=61) to work on /opt/airflow/dags/my_dag.py
[2024-08-05T15:20:03.062+0000] {processor.py:830} INFO - Processing file /opt/airflow/dags/my_dag.py for tasks to queue
[2024-08-05T15:20:03.064+0000] {logging_mixin.py:188} INFO - [2024-08-05T15:20:03.064+0000] {dagbag.py:545} INFO - Filling up the DagBag from /opt/airflow/dags/my_dag.py
[2024-08-05T15:20:03.458+0000] {processor.py:840} INFO - DAG(s) 'pipeline_dag' retrieved from /opt/airflow/dags/my_dag.py
[2024-08-05T15:20:03.479+0000] {logging_mixin.py:188} INFO - [2024-08-05T15:20:03.479+0000] {dag.py:3096} INFO - Sync 1 DAGs
[2024-08-05T15:20:03.493+0000] {logging_mixin.py:188} INFO - [2024-08-05T15:20:03.493+0000] {dag.py:3954} INFO - Setting next_dagrun for pipeline_dag to 2024-08-05 00:00:00+00:00, run_after=2024-08-06 00:00:00+00:00
[2024-08-05T15:20:03.512+0000] {processor.py:183} INFO - Processing /opt/airflow/dags/my_dag.py took 0.456 seconds
[2024-08-05T15:20:33.742+0000] {processor.py:161} INFO - Started process (PID=70) to work on /opt/airflow/dags/my_dag.py
[2024-08-05T15:20:33.743+0000] {processor.py:830} INFO - Processing file /opt/airflow/dags/my_dag.py for tasks to queue
[2024-08-05T15:20:33.745+0000] {logging_mixin.py:188} INFO - [2024-08-05T15:20:33.744+0000] {dagbag.py:545} INFO - Filling up the DagBag from /opt/airflow/dags/my_dag.py
[2024-08-05T15:20:34.164+0000] {processor.py:840} INFO - DAG(s) 'pipeline_dag' retrieved from /opt/airflow/dags/my_dag.py
[2024-08-05T15:20:34.184+0000] {logging_mixin.py:188} INFO - [2024-08-05T15:20:34.184+0000] {dag.py:3096} INFO - Sync 1 DAGs
[2024-08-05T15:20:34.198+0000] {logging_mixin.py:188} INFO - [2024-08-05T15:20:34.198+0000] {dag.py:3954} INFO - Setting next_dagrun for pipeline_dag to 2024-08-05 00:00:00+00:00, run_after=2024-08-06 00:00:00+00:00
[2024-08-05T15:20:34.218+0000] {processor.py:183} INFO - Processing /opt/airflow/dags/my_dag.py took 0.481 seconds
[2024-08-05T15:21:04.523+0000] {processor.py:161} INFO - Started process (PID=78) to work on /opt/airflow/dags/my_dag.py
[2024-08-05T15:21:04.525+0000] {processor.py:830} INFO - Processing file /opt/airflow/dags/my_dag.py for tasks to queue
[2024-08-05T15:21:04.527+0000] {logging_mixin.py:188} INFO - [2024-08-05T15:21:04.526+0000] {dagbag.py:545} INFO - Filling up the DagBag from /opt/airflow/dags/my_dag.py
[2024-08-05T15:21:04.933+0000] {processor.py:840} INFO - DAG(s) 'pipeline_dag' retrieved from /opt/airflow/dags/my_dag.py
[2024-08-05T15:21:04.952+0000] {logging_mixin.py:188} INFO - [2024-08-05T15:21:04.952+0000] {dag.py:3096} INFO - Sync 1 DAGs
[2024-08-05T15:21:04.967+0000] {logging_mixin.py:188} INFO - [2024-08-05T15:21:04.967+0000] {dag.py:3954} INFO - Setting next_dagrun for pipeline_dag to 2024-08-05 00:00:00+00:00, run_after=2024-08-06 00:00:00+00:00
[2024-08-05T15:21:04.988+0000] {processor.py:183} INFO - Processing /opt/airflow/dags/my_dag.py took 0.471 seconds
[2024-08-05T15:21:35.170+0000] {processor.py:161} INFO - Started process (PID=86) to work on /opt/airflow/dags/my_dag.py
[2024-08-05T15:21:35.171+0000] {processor.py:830} INFO - Processing file /opt/airflow/dags/my_dag.py for tasks to queue
[2024-08-05T15:21:35.173+0000] {logging_mixin.py:188} INFO - [2024-08-05T15:21:35.173+0000] {dagbag.py:545} INFO - Filling up the DagBag from /opt/airflow/dags/my_dag.py
[2024-08-05T15:21:35.543+0000] {processor.py:840} INFO - DAG(s) 'pipeline_dag' retrieved from /opt/airflow/dags/my_dag.py
[2024-08-05T15:21:35.561+0000] {logging_mixin.py:188} INFO - [2024-08-05T15:21:35.561+0000] {dag.py:3096} INFO - Sync 1 DAGs
[2024-08-05T15:21:35.575+0000] {logging_mixin.py:188} INFO - [2024-08-05T15:21:35.575+0000] {dag.py:3954} INFO - Setting next_dagrun for pipeline_dag to 2024-08-05 00:00:00+00:00, run_after=2024-08-06 00:00:00+00:00
[2024-08-05T15:21:35.603+0000] {processor.py:183} INFO - Processing /opt/airflow/dags/my_dag.py took 0.437 seconds
[2024-08-05T15:22:05.848+0000] {processor.py:161} INFO - Started process (PID=95) to work on /opt/airflow/dags/my_dag.py
[2024-08-05T15:22:05.849+0000] {processor.py:830} INFO - Processing file /opt/airflow/dags/my_dag.py for tasks to queue
[2024-08-05T15:22:05.850+0000] {logging_mixin.py:188} INFO - [2024-08-05T15:22:05.850+0000] {dagbag.py:545} INFO - Filling up the DagBag from /opt/airflow/dags/my_dag.py
[2024-08-05T15:22:06.255+0000] {processor.py:840} INFO - DAG(s) 'pipeline_dag' retrieved from /opt/airflow/dags/my_dag.py
[2024-08-05T15:22:06.274+0000] {logging_mixin.py:188} INFO - [2024-08-05T15:22:06.274+0000] {dag.py:3096} INFO - Sync 1 DAGs
[2024-08-05T15:22:06.287+0000] {logging_mixin.py:188} INFO - [2024-08-05T15:22:06.287+0000] {dag.py:3954} INFO - Setting next_dagrun for pipeline_dag to 2024-08-05 00:00:00+00:00, run_after=2024-08-06 00:00:00+00:00
[2024-08-05T15:22:06.306+0000] {processor.py:183} INFO - Processing /opt/airflow/dags/my_dag.py took 0.463 seconds
[2024-08-05T15:24:20.886+0000] {processor.py:161} INFO - Started process (PID=30) to work on /opt/airflow/dags/my_dag.py
[2024-08-05T15:24:20.887+0000] {processor.py:830} INFO - Processing file /opt/airflow/dags/my_dag.py for tasks to queue
[2024-08-05T15:24:20.889+0000] {logging_mixin.py:188} INFO - [2024-08-05T15:24:20.889+0000] {dagbag.py:545} INFO - Filling up the DagBag from /opt/airflow/dags/my_dag.py
[2024-08-05T15:24:22.178+0000] {processor.py:840} INFO - DAG(s) 'pipeline_dag' retrieved from /opt/airflow/dags/my_dag.py
[2024-08-05T15:24:22.522+0000] {logging_mixin.py:188} INFO - [2024-08-05T15:24:22.521+0000] {dag.py:3096} INFO - Sync 1 DAGs
[2024-08-05T15:24:22.539+0000] {logging_mixin.py:188} INFO - [2024-08-05T15:24:22.539+0000] {dag.py:3954} INFO - Setting next_dagrun for pipeline_dag to 2024-08-05 00:00:00+00:00, run_after=2024-08-06 00:00:00+00:00
[2024-08-05T15:24:22.559+0000] {processor.py:183} INFO - Processing /opt/airflow/dags/my_dag.py took 1.679 seconds
[2024-08-05T15:24:52.818+0000] {processor.py:161} INFO - Started process (PID=38) to work on /opt/airflow/dags/my_dag.py
[2024-08-05T15:24:52.819+0000] {processor.py:830} INFO - Processing file /opt/airflow/dags/my_dag.py for tasks to queue
[2024-08-05T15:24:52.821+0000] {logging_mixin.py:188} INFO - [2024-08-05T15:24:52.820+0000] {dagbag.py:545} INFO - Filling up the DagBag from /opt/airflow/dags/my_dag.py
[2024-08-05T15:24:53.102+0000] {processor.py:840} INFO - DAG(s) 'pipeline_dag' retrieved from /opt/airflow/dags/my_dag.py
[2024-08-05T15:24:53.243+0000] {logging_mixin.py:188} INFO - [2024-08-05T15:24:53.242+0000] {dag.py:3096} INFO - Sync 1 DAGs
[2024-08-05T15:24:53.256+0000] {logging_mixin.py:188} INFO - [2024-08-05T15:24:53.256+0000] {dag.py:3954} INFO - Setting next_dagrun for pipeline_dag to 2024-08-05 00:00:00+00:00, run_after=2024-08-06 00:00:00+00:00
[2024-08-05T15:24:53.296+0000] {processor.py:183} INFO - Processing /opt/airflow/dags/my_dag.py took 0.482 seconds
[2024-08-05T15:25:23.380+0000] {processor.py:161} INFO - Started process (PID=46) to work on /opt/airflow/dags/my_dag.py
[2024-08-05T15:25:23.381+0000] {processor.py:830} INFO - Processing file /opt/airflow/dags/my_dag.py for tasks to queue
[2024-08-05T15:25:23.383+0000] {logging_mixin.py:188} INFO - [2024-08-05T15:25:23.382+0000] {dagbag.py:545} INFO - Filling up the DagBag from /opt/airflow/dags/my_dag.py
[2024-08-05T15:25:23.718+0000] {processor.py:840} INFO - DAG(s) 'pipeline_dag' retrieved from /opt/airflow/dags/my_dag.py
[2024-08-05T15:25:23.895+0000] {logging_mixin.py:188} INFO - [2024-08-05T15:25:23.894+0000] {dag.py:3096} INFO - Sync 1 DAGs
[2024-08-05T15:25:23.909+0000] {logging_mixin.py:188} INFO - [2024-08-05T15:25:23.909+0000] {dag.py:3954} INFO - Setting next_dagrun for pipeline_dag to 2024-08-05 00:00:00+00:00, run_after=2024-08-06 00:00:00+00:00
[2024-08-05T15:25:23.943+0000] {processor.py:183} INFO - Processing /opt/airflow/dags/my_dag.py took 0.570 seconds
[2024-08-05T15:25:54.189+0000] {processor.py:161} INFO - Started process (PID=62) to work on /opt/airflow/dags/my_dag.py
[2024-08-05T15:25:54.190+0000] {processor.py:830} INFO - Processing file /opt/airflow/dags/my_dag.py for tasks to queue
[2024-08-05T15:25:54.191+0000] {logging_mixin.py:188} INFO - [2024-08-05T15:25:54.191+0000] {dagbag.py:545} INFO - Filling up the DagBag from /opt/airflow/dags/my_dag.py
[2024-08-05T15:25:54.568+0000] {processor.py:840} INFO - DAG(s) 'pipeline_dag' retrieved from /opt/airflow/dags/my_dag.py
[2024-08-05T15:25:54.587+0000] {logging_mixin.py:188} INFO - [2024-08-05T15:25:54.587+0000] {dag.py:3096} INFO - Sync 1 DAGs
[2024-08-05T15:25:54.600+0000] {logging_mixin.py:188} INFO - [2024-08-05T15:25:54.600+0000] {dag.py:3954} INFO - Setting next_dagrun for pipeline_dag to 2024-08-05 00:00:00+00:00, run_after=2024-08-06 00:00:00+00:00
[2024-08-05T15:25:54.621+0000] {processor.py:183} INFO - Processing /opt/airflow/dags/my_dag.py took 0.437 seconds
[2024-08-05T15:26:24.878+0000] {processor.py:161} INFO - Started process (PID=70) to work on /opt/airflow/dags/my_dag.py
[2024-08-05T15:26:24.879+0000] {processor.py:830} INFO - Processing file /opt/airflow/dags/my_dag.py for tasks to queue
[2024-08-05T15:26:24.881+0000] {logging_mixin.py:188} INFO - [2024-08-05T15:26:24.881+0000] {dagbag.py:545} INFO - Filling up the DagBag from /opt/airflow/dags/my_dag.py
[2024-08-05T15:26:25.289+0000] {processor.py:840} INFO - DAG(s) 'pipeline_dag' retrieved from /opt/airflow/dags/my_dag.py
[2024-08-05T15:26:25.307+0000] {logging_mixin.py:188} INFO - [2024-08-05T15:26:25.306+0000] {dag.py:3096} INFO - Sync 1 DAGs
[2024-08-05T15:26:25.322+0000] {logging_mixin.py:188} INFO - [2024-08-05T15:26:25.322+0000] {dag.py:3954} INFO - Setting next_dagrun for pipeline_dag to 2024-08-05 00:00:00+00:00, run_after=2024-08-06 00:00:00+00:00
[2024-08-05T15:26:25.340+0000] {processor.py:183} INFO - Processing /opt/airflow/dags/my_dag.py took 0.466 seconds
[2024-08-05T15:26:55.588+0000] {processor.py:161} INFO - Started process (PID=78) to work on /opt/airflow/dags/my_dag.py
[2024-08-05T15:26:55.591+0000] {processor.py:830} INFO - Processing file /opt/airflow/dags/my_dag.py for tasks to queue
[2024-08-05T15:26:55.595+0000] {logging_mixin.py:188} INFO - [2024-08-05T15:26:55.594+0000] {dagbag.py:545} INFO - Filling up the DagBag from /opt/airflow/dags/my_dag.py
[2024-08-05T15:26:56.364+0000] {processor.py:840} INFO - DAG(s) 'pipeline_dag' retrieved from /opt/airflow/dags/my_dag.py
[2024-08-05T15:26:56.606+0000] {logging_mixin.py:188} INFO - [2024-08-05T15:26:56.605+0000] {dag.py:3096} INFO - Sync 1 DAGs
[2024-08-05T15:26:56.639+0000] {logging_mixin.py:188} INFO - [2024-08-05T15:26:56.639+0000] {dag.py:3954} INFO - Setting next_dagrun for pipeline_dag to 2024-08-05 00:00:00+00:00, run_after=2024-08-06 00:00:00+00:00
[2024-08-05T15:26:56.672+0000] {processor.py:183} INFO - Processing /opt/airflow/dags/my_dag.py took 1.098 seconds
[2024-08-05T15:27:26.783+0000] {processor.py:161} INFO - Started process (PID=86) to work on /opt/airflow/dags/my_dag.py
[2024-08-05T15:27:26.784+0000] {processor.py:830} INFO - Processing file /opt/airflow/dags/my_dag.py for tasks to queue
[2024-08-05T15:27:26.786+0000] {logging_mixin.py:188} INFO - [2024-08-05T15:27:26.786+0000] {dagbag.py:545} INFO - Filling up the DagBag from /opt/airflow/dags/my_dag.py
[2024-08-05T15:27:27.100+0000] {processor.py:840} INFO - DAG(s) 'pipeline_dag' retrieved from /opt/airflow/dags/my_dag.py
[2024-08-05T15:27:27.233+0000] {logging_mixin.py:188} INFO - [2024-08-05T15:27:27.232+0000] {dag.py:3096} INFO - Sync 1 DAGs
[2024-08-05T15:27:27.248+0000] {logging_mixin.py:188} INFO - [2024-08-05T15:27:27.248+0000] {dag.py:3954} INFO - Setting next_dagrun for pipeline_dag to 2024-08-05 00:00:00+00:00, run_after=2024-08-06 00:00:00+00:00
[2024-08-05T15:27:27.269+0000] {processor.py:183} INFO - Processing /opt/airflow/dags/my_dag.py took 0.491 seconds
[2024-08-05T15:27:57.460+0000] {processor.py:161} INFO - Started process (PID=94) to work on /opt/airflow/dags/my_dag.py
[2024-08-05T15:27:57.462+0000] {processor.py:830} INFO - Processing file /opt/airflow/dags/my_dag.py for tasks to queue
[2024-08-05T15:27:57.464+0000] {logging_mixin.py:188} INFO - [2024-08-05T15:27:57.464+0000] {dagbag.py:545} INFO - Filling up the DagBag from /opt/airflow/dags/my_dag.py
[2024-08-05T15:27:57.916+0000] {processor.py:840} INFO - DAG(s) 'pipeline_dag' retrieved from /opt/airflow/dags/my_dag.py
[2024-08-05T15:27:57.940+0000] {logging_mixin.py:188} INFO - [2024-08-05T15:27:57.939+0000] {dag.py:3096} INFO - Sync 1 DAGs
[2024-08-05T15:27:57.957+0000] {logging_mixin.py:188} INFO - [2024-08-05T15:27:57.957+0000] {dag.py:3954} INFO - Setting next_dagrun for pipeline_dag to 2024-08-05 00:00:00+00:00, run_after=2024-08-06 00:00:00+00:00
[2024-08-05T15:27:57.975+0000] {processor.py:183} INFO - Processing /opt/airflow/dags/my_dag.py took 0.521 seconds
[2024-08-05T15:28:28.183+0000] {processor.py:161} INFO - Started process (PID=102) to work on /opt/airflow/dags/my_dag.py
[2024-08-05T15:28:28.183+0000] {processor.py:830} INFO - Processing file /opt/airflow/dags/my_dag.py for tasks to queue
[2024-08-05T15:28:28.185+0000] {logging_mixin.py:188} INFO - [2024-08-05T15:28:28.185+0000] {dagbag.py:545} INFO - Filling up the DagBag from /opt/airflow/dags/my_dag.py
[2024-08-05T15:28:28.650+0000] {processor.py:840} INFO - DAG(s) 'pipeline_dag' retrieved from /opt/airflow/dags/my_dag.py
[2024-08-05T15:28:28.683+0000] {logging_mixin.py:188} INFO - [2024-08-05T15:28:28.683+0000] {dag.py:3096} INFO - Sync 1 DAGs
[2024-08-05T15:28:28.702+0000] {logging_mixin.py:188} INFO - [2024-08-05T15:28:28.702+0000] {dag.py:3954} INFO - Setting next_dagrun for pipeline_dag to 2024-08-05 00:00:00+00:00, run_after=2024-08-06 00:00:00+00:00
[2024-08-05T15:28:28.721+0000] {processor.py:183} INFO - Processing /opt/airflow/dags/my_dag.py took 0.543 seconds
[2024-08-05T15:28:58.835+0000] {processor.py:161} INFO - Started process (PID=110) to work on /opt/airflow/dags/my_dag.py
[2024-08-05T15:28:58.836+0000] {processor.py:830} INFO - Processing file /opt/airflow/dags/my_dag.py for tasks to queue
[2024-08-05T15:28:58.838+0000] {logging_mixin.py:188} INFO - [2024-08-05T15:28:58.838+0000] {dagbag.py:545} INFO - Filling up the DagBag from /opt/airflow/dags/my_dag.py
[2024-08-05T15:28:59.159+0000] {processor.py:840} INFO - DAG(s) 'pipeline_dag' retrieved from /opt/airflow/dags/my_dag.py
[2024-08-05T15:28:59.185+0000] {logging_mixin.py:188} INFO - [2024-08-05T15:28:59.185+0000] {dag.py:3096} INFO - Sync 1 DAGs
[2024-08-05T15:28:59.320+0000] {logging_mixin.py:188} INFO - [2024-08-05T15:28:59.319+0000] {dag.py:3954} INFO - Setting next_dagrun for pipeline_dag to 2024-08-05 00:00:00+00:00, run_after=2024-08-06 00:00:00+00:00
[2024-08-05T15:28:59.338+0000] {processor.py:183} INFO - Processing /opt/airflow/dags/my_dag.py took 0.507 seconds
[2024-08-05T15:29:29.602+0000] {processor.py:161} INFO - Started process (PID=118) to work on /opt/airflow/dags/my_dag.py
[2024-08-05T15:29:29.603+0000] {processor.py:830} INFO - Processing file /opt/airflow/dags/my_dag.py for tasks to queue
[2024-08-05T15:29:29.605+0000] {logging_mixin.py:188} INFO - [2024-08-05T15:29:29.605+0000] {dagbag.py:545} INFO - Filling up the DagBag from /opt/airflow/dags/my_dag.py
[2024-08-05T15:29:29.891+0000] {processor.py:840} INFO - DAG(s) 'pipeline_dag' retrieved from /opt/airflow/dags/my_dag.py
[2024-08-05T15:29:30.012+0000] {logging_mixin.py:188} INFO - [2024-08-05T15:29:30.012+0000] {dag.py:3096} INFO - Sync 1 DAGs
[2024-08-05T15:29:30.025+0000] {logging_mixin.py:188} INFO - [2024-08-05T15:29:30.024+0000] {dag.py:3954} INFO - Setting next_dagrun for pipeline_dag to 2024-08-05 00:00:00+00:00, run_after=2024-08-06 00:00:00+00:00
[2024-08-05T15:29:30.053+0000] {processor.py:183} INFO - Processing /opt/airflow/dags/my_dag.py took 0.455 seconds
[2024-08-05T15:30:00.279+0000] {processor.py:161} INFO - Started process (PID=126) to work on /opt/airflow/dags/my_dag.py
[2024-08-05T15:30:00.280+0000] {processor.py:830} INFO - Processing file /opt/airflow/dags/my_dag.py for tasks to queue
[2024-08-05T15:30:00.283+0000] {logging_mixin.py:188} INFO - [2024-08-05T15:30:00.282+0000] {dagbag.py:545} INFO - Filling up the DagBag from /opt/airflow/dags/my_dag.py
[2024-08-05T15:30:00.743+0000] {processor.py:840} INFO - DAG(s) 'pipeline_dag' retrieved from /opt/airflow/dags/my_dag.py
[2024-08-05T15:30:00.764+0000] {logging_mixin.py:188} INFO - [2024-08-05T15:30:00.764+0000] {dag.py:3096} INFO - Sync 1 DAGs
[2024-08-05T15:30:00.779+0000] {logging_mixin.py:188} INFO - [2024-08-05T15:30:00.779+0000] {dag.py:3954} INFO - Setting next_dagrun for pipeline_dag to 2024-08-05 00:00:00+00:00, run_after=2024-08-06 00:00:00+00:00
[2024-08-05T15:30:00.799+0000] {processor.py:183} INFO - Processing /opt/airflow/dags/my_dag.py took 0.528 seconds
[2024-08-05T15:30:31.008+0000] {processor.py:161} INFO - Started process (PID=135) to work on /opt/airflow/dags/my_dag.py
[2024-08-05T15:30:31.009+0000] {processor.py:830} INFO - Processing file /opt/airflow/dags/my_dag.py for tasks to queue
[2024-08-05T15:30:31.010+0000] {logging_mixin.py:188} INFO - [2024-08-05T15:30:31.010+0000] {dagbag.py:545} INFO - Filling up the DagBag from /opt/airflow/dags/my_dag.py
[2024-08-05T15:30:31.589+0000] {processor.py:840} INFO - DAG(s) 'pipeline_dag' retrieved from /opt/airflow/dags/my_dag.py
[2024-08-05T15:30:31.619+0000] {logging_mixin.py:188} INFO - [2024-08-05T15:30:31.619+0000] {dag.py:3096} INFO - Sync 1 DAGs
[2024-08-05T15:30:31.639+0000] {logging_mixin.py:188} INFO - [2024-08-05T15:30:31.639+0000] {dag.py:3954} INFO - Setting next_dagrun for pipeline_dag to 2024-08-05 00:00:00+00:00, run_after=2024-08-06 00:00:00+00:00
[2024-08-05T15:30:31.662+0000] {processor.py:183} INFO - Processing /opt/airflow/dags/my_dag.py took 0.660 seconds
[2024-08-05T15:31:01.897+0000] {processor.py:161} INFO - Started process (PID=143) to work on /opt/airflow/dags/my_dag.py
[2024-08-05T15:31:01.898+0000] {processor.py:830} INFO - Processing file /opt/airflow/dags/my_dag.py for tasks to queue
[2024-08-05T15:31:01.901+0000] {logging_mixin.py:188} INFO - [2024-08-05T15:31:01.900+0000] {dagbag.py:545} INFO - Filling up the DagBag from /opt/airflow/dags/my_dag.py
[2024-08-05T15:31:02.426+0000] {processor.py:840} INFO - DAG(s) 'pipeline_dag' retrieved from /opt/airflow/dags/my_dag.py
[2024-08-05T15:31:02.448+0000] {logging_mixin.py:188} INFO - [2024-08-05T15:31:02.447+0000] {dag.py:3096} INFO - Sync 1 DAGs
[2024-08-05T15:31:02.464+0000] {logging_mixin.py:188} INFO - [2024-08-05T15:31:02.464+0000] {dag.py:3954} INFO - Setting next_dagrun for pipeline_dag to 2024-08-05 00:00:00+00:00, run_after=2024-08-06 00:00:00+00:00
[2024-08-05T15:31:02.483+0000] {processor.py:183} INFO - Processing /opt/airflow/dags/my_dag.py took 0.593 seconds
[2024-08-05T15:34:21.801+0000] {processor.py:161} INFO - Started process (PID=30) to work on /opt/airflow/dags/my_dag.py
[2024-08-05T15:34:21.802+0000] {processor.py:830} INFO - Processing file /opt/airflow/dags/my_dag.py for tasks to queue
[2024-08-05T15:34:21.805+0000] {logging_mixin.py:188} INFO - [2024-08-05T15:34:21.804+0000] {dagbag.py:545} INFO - Filling up the DagBag from /opt/airflow/dags/my_dag.py
[2024-08-05T15:34:23.278+0000] {processor.py:840} INFO - DAG(s) 'pipeline_dag' retrieved from /opt/airflow/dags/my_dag.py
[2024-08-05T15:34:23.647+0000] {logging_mixin.py:188} INFO - [2024-08-05T15:34:23.647+0000] {dag.py:3096} INFO - Sync 1 DAGs
[2024-08-05T15:34:23.663+0000] {logging_mixin.py:188} INFO - [2024-08-05T15:34:23.663+0000] {dag.py:3954} INFO - Setting next_dagrun for pipeline_dag to 2024-08-05 00:00:00+00:00, run_after=2024-08-06 00:00:00+00:00
[2024-08-05T15:34:23.688+0000] {processor.py:183} INFO - Processing /opt/airflow/dags/my_dag.py took 1.895 seconds
[2024-08-05T15:34:53.912+0000] {processor.py:161} INFO - Started process (PID=38) to work on /opt/airflow/dags/my_dag.py
[2024-08-05T15:34:53.913+0000] {processor.py:830} INFO - Processing file /opt/airflow/dags/my_dag.py for tasks to queue
[2024-08-05T15:34:53.914+0000] {logging_mixin.py:188} INFO - [2024-08-05T15:34:53.914+0000] {dagbag.py:545} INFO - Filling up the DagBag from /opt/airflow/dags/my_dag.py
[2024-08-05T15:34:54.294+0000] {processor.py:840} INFO - DAG(s) 'pipeline_dag' retrieved from /opt/airflow/dags/my_dag.py
[2024-08-05T15:34:54.428+0000] {logging_mixin.py:188} INFO - [2024-08-05T15:34:54.427+0000] {dag.py:3096} INFO - Sync 1 DAGs
[2024-08-05T15:34:54.442+0000] {logging_mixin.py:188} INFO - [2024-08-05T15:34:54.442+0000] {dag.py:3954} INFO - Setting next_dagrun for pipeline_dag to 2024-08-05 00:00:00+00:00, run_after=2024-08-06 00:00:00+00:00
[2024-08-05T15:34:54.461+0000] {processor.py:183} INFO - Processing /opt/airflow/dags/my_dag.py took 0.554 seconds
[2024-08-05T15:35:24.671+0000] {processor.py:161} INFO - Started process (PID=54) to work on /opt/airflow/dags/my_dag.py
[2024-08-05T15:35:24.672+0000] {processor.py:830} INFO - Processing file /opt/airflow/dags/my_dag.py for tasks to queue
[2024-08-05T15:35:24.674+0000] {logging_mixin.py:188} INFO - [2024-08-05T15:35:24.674+0000] {dagbag.py:545} INFO - Filling up the DagBag from /opt/airflow/dags/my_dag.py
[2024-08-05T15:35:24.982+0000] {processor.py:840} INFO - DAG(s) 'pipeline_dag' retrieved from /opt/airflow/dags/my_dag.py
[2024-08-05T15:35:25.131+0000] {logging_mixin.py:188} INFO - [2024-08-05T15:35:25.131+0000] {dag.py:3096} INFO - Sync 1 DAGs
[2024-08-05T15:35:25.147+0000] {logging_mixin.py:188} INFO - [2024-08-05T15:35:25.147+0000] {dag.py:3954} INFO - Setting next_dagrun for pipeline_dag to 2024-08-05 00:00:00+00:00, run_after=2024-08-06 00:00:00+00:00
[2024-08-05T15:35:25.167+0000] {processor.py:183} INFO - Processing /opt/airflow/dags/my_dag.py took 0.501 seconds
[2024-08-05T15:35:55.378+0000] {processor.py:161} INFO - Started process (PID=62) to work on /opt/airflow/dags/my_dag.py
[2024-08-05T15:35:55.379+0000] {processor.py:830} INFO - Processing file /opt/airflow/dags/my_dag.py for tasks to queue
[2024-08-05T15:35:55.381+0000] {logging_mixin.py:188} INFO - [2024-08-05T15:35:55.380+0000] {dagbag.py:545} INFO - Filling up the DagBag from /opt/airflow/dags/my_dag.py
[2024-08-05T15:35:55.792+0000] {processor.py:840} INFO - DAG(s) 'pipeline_dag' retrieved from /opt/airflow/dags/my_dag.py
[2024-08-05T15:35:55.811+0000] {logging_mixin.py:188} INFO - [2024-08-05T15:35:55.810+0000] {dag.py:3096} INFO - Sync 1 DAGs
[2024-08-05T15:35:55.825+0000] {logging_mixin.py:188} INFO - [2024-08-05T15:35:55.825+0000] {dag.py:3954} INFO - Setting next_dagrun for pipeline_dag to 2024-08-05 00:00:00+00:00, run_after=2024-08-06 00:00:00+00:00
[2024-08-05T15:35:55.847+0000] {processor.py:183} INFO - Processing /opt/airflow/dags/my_dag.py took 0.475 seconds
[2024-08-05T15:36:26.087+0000] {processor.py:161} INFO - Started process (PID=70) to work on /opt/airflow/dags/my_dag.py
[2024-08-05T15:36:26.088+0000] {processor.py:830} INFO - Processing file /opt/airflow/dags/my_dag.py for tasks to queue
[2024-08-05T15:36:26.090+0000] {logging_mixin.py:188} INFO - [2024-08-05T15:36:26.089+0000] {dagbag.py:545} INFO - Filling up the DagBag from /opt/airflow/dags/my_dag.py
[2024-08-05T15:36:26.486+0000] {processor.py:840} INFO - DAG(s) 'pipeline_dag' retrieved from /opt/airflow/dags/my_dag.py
[2024-08-05T15:36:26.504+0000] {logging_mixin.py:188} INFO - [2024-08-05T15:36:26.504+0000] {dag.py:3096} INFO - Sync 1 DAGs
[2024-08-05T15:36:26.521+0000] {logging_mixin.py:188} INFO - [2024-08-05T15:36:26.520+0000] {dag.py:3954} INFO - Setting next_dagrun for pipeline_dag to 2024-08-05 00:00:00+00:00, run_after=2024-08-06 00:00:00+00:00
[2024-08-05T15:36:26.542+0000] {processor.py:183} INFO - Processing /opt/airflow/dags/my_dag.py took 0.460 seconds
[2024-08-05T15:36:56.773+0000] {processor.py:161} INFO - Started process (PID=78) to work on /opt/airflow/dags/my_dag.py
[2024-08-05T15:36:56.774+0000] {processor.py:830} INFO - Processing file /opt/airflow/dags/my_dag.py for tasks to queue
[2024-08-05T15:36:56.776+0000] {logging_mixin.py:188} INFO - [2024-08-05T15:36:56.775+0000] {dagbag.py:545} INFO - Filling up the DagBag from /opt/airflow/dags/my_dag.py
[2024-08-05T15:36:57.077+0000] {processor.py:840} INFO - DAG(s) 'pipeline_dag' retrieved from /opt/airflow/dags/my_dag.py
[2024-08-05T15:36:57.207+0000] {logging_mixin.py:188} INFO - [2024-08-05T15:36:57.206+0000] {dag.py:3096} INFO - Sync 1 DAGs
[2024-08-05T15:36:57.220+0000] {logging_mixin.py:188} INFO - [2024-08-05T15:36:57.220+0000] {dag.py:3954} INFO - Setting next_dagrun for pipeline_dag to 2024-08-05 00:00:00+00:00, run_after=2024-08-06 00:00:00+00:00
[2024-08-05T15:36:57.243+0000] {processor.py:183} INFO - Processing /opt/airflow/dags/my_dag.py took 0.475 seconds
[2024-08-05T15:37:27.480+0000] {processor.py:161} INFO - Started process (PID=86) to work on /opt/airflow/dags/my_dag.py
[2024-08-05T15:37:27.482+0000] {processor.py:830} INFO - Processing file /opt/airflow/dags/my_dag.py for tasks to queue
[2024-08-05T15:37:27.484+0000] {logging_mixin.py:188} INFO - [2024-08-05T15:37:27.484+0000] {dagbag.py:545} INFO - Filling up the DagBag from /opt/airflow/dags/my_dag.py
[2024-08-05T15:37:27.959+0000] {processor.py:840} INFO - DAG(s) 'pipeline_dag' retrieved from /opt/airflow/dags/my_dag.py
[2024-08-05T15:37:28.095+0000] {logging_mixin.py:188} INFO - [2024-08-05T15:37:28.094+0000] {dag.py:3096} INFO - Sync 1 DAGs
[2024-08-05T15:37:28.109+0000] {logging_mixin.py:188} INFO - [2024-08-05T15:37:28.109+0000] {dag.py:3954} INFO - Setting next_dagrun for pipeline_dag to 2024-08-05 00:00:00+00:00, run_after=2024-08-06 00:00:00+00:00
[2024-08-05T15:37:28.132+0000] {processor.py:183} INFO - Processing /opt/airflow/dags/my_dag.py took 0.658 seconds
[2024-08-05T15:37:58.173+0000] {processor.py:161} INFO - Started process (PID=94) to work on /opt/airflow/dags/my_dag.py
[2024-08-05T15:37:58.174+0000] {processor.py:830} INFO - Processing file /opt/airflow/dags/my_dag.py for tasks to queue
[2024-08-05T15:37:58.175+0000] {logging_mixin.py:188} INFO - [2024-08-05T15:37:58.175+0000] {dagbag.py:545} INFO - Filling up the DagBag from /opt/airflow/dags/my_dag.py
[2024-08-05T15:37:58.564+0000] {processor.py:840} INFO - DAG(s) 'pipeline_dag' retrieved from /opt/airflow/dags/my_dag.py
[2024-08-05T15:37:58.585+0000] {logging_mixin.py:188} INFO - [2024-08-05T15:37:58.584+0000] {dag.py:3096} INFO - Sync 1 DAGs
[2024-08-05T15:37:58.599+0000] {logging_mixin.py:188} INFO - [2024-08-05T15:37:58.599+0000] {dag.py:3954} INFO - Setting next_dagrun for pipeline_dag to 2024-08-05 00:00:00+00:00, run_after=2024-08-06 00:00:00+00:00
[2024-08-05T15:37:58.624+0000] {processor.py:183} INFO - Processing /opt/airflow/dags/my_dag.py took 0.457 seconds
[2024-08-05T15:38:28.833+0000] {processor.py:161} INFO - Started process (PID=102) to work on /opt/airflow/dags/my_dag.py
[2024-08-05T15:38:28.834+0000] {processor.py:830} INFO - Processing file /opt/airflow/dags/my_dag.py for tasks to queue
[2024-08-05T15:38:28.836+0000] {logging_mixin.py:188} INFO - [2024-08-05T15:38:28.835+0000] {dagbag.py:545} INFO - Filling up the DagBag from /opt/airflow/dags/my_dag.py
[2024-08-05T15:38:29.399+0000] {processor.py:840} INFO - DAG(s) 'pipeline_dag' retrieved from /opt/airflow/dags/my_dag.py
[2024-08-05T15:38:29.421+0000] {logging_mixin.py:188} INFO - [2024-08-05T15:38:29.420+0000] {dag.py:3096} INFO - Sync 1 DAGs
[2024-08-05T15:38:29.441+0000] {logging_mixin.py:188} INFO - [2024-08-05T15:38:29.440+0000] {dag.py:3954} INFO - Setting next_dagrun for pipeline_dag to 2024-08-05 00:00:00+00:00, run_after=2024-08-06 00:00:00+00:00
[2024-08-05T15:38:29.465+0000] {processor.py:183} INFO - Processing /opt/airflow/dags/my_dag.py took 0.638 seconds
